-- phpMyAdmin SQL Dump
-- version 5.2.1
-- https://www.phpmyadmin.net/
--
-- Host: localhost
-- Generation Time: Oct 13, 2025 at 08:19 PM
-- Server version: 10.4.32-MariaDB
-- PHP Version: 8.0.30

SET SQL_MODE = "NO_AUTO_VALUE_ON_ZERO";
START TRANSACTION;
SET time_zone = "+00:00";


/*!40101 SET @OLD_CHARACTER_SET_CLIENT=@@CHARACTER_SET_CLIENT */;
/*!40101 SET @OLD_CHARACTER_SET_RESULTS=@@CHARACTER_SET_RESULTS */;
/*!40101 SET @OLD_COLLATION_CONNECTION=@@COLLATION_CONNECTION */;
/*!40101 SET NAMES utf8mb4 */;

--
-- Database: `crm_db`
--
CREATE DATABASE IF NOT EXISTS `crm_db` DEFAULT CHARACTER SET utf8mb4 COLLATE utf8mb4_unicode_ci;
USE `crm_db`;

-- --------------------------------------------------------

--
-- Table structure for table `access_requests`
--

CREATE TABLE `access_requests` (
  `request_id` bigint(20) UNSIGNED NOT NULL,
  `user_id` bigint(20) UNSIGNED NOT NULL,
  `permission_id` bigint(20) UNSIGNED NOT NULL,
  `status` enum('PENDING','APPROVED','DENIED') NOT NULL DEFAULT 'PENDING',
  `requested_at` timestamp NOT NULL DEFAULT current_timestamp(),
  `reviewed_by` bigint(20) UNSIGNED DEFAULT NULL,
  `reviewed_at` timestamp NULL DEFAULT NULL,
  `comments` text DEFAULT NULL
) ENGINE=InnoDB DEFAULT CHARSET=utf8mb4 COLLATE=utf8mb4_unicode_ci;

-- --------------------------------------------------------

--
-- Table structure for table `audit_logs`
--

CREATE TABLE `audit_logs` (
  `audit_id` bigint(20) UNSIGNED NOT NULL,
  `user_id` bigint(20) UNSIGNED DEFAULT NULL,
  `action` varchar(100) NOT NULL,
  `entity_type` varchar(50) NOT NULL,
  `entity_id` bigint(20) UNSIGNED NOT NULL,
  `old_value` longtext CHARACTER SET utf8mb4 COLLATE utf8mb4_bin DEFAULT NULL CHECK (json_valid(`old_value`)),
  `new_value` longtext CHARACTER SET utf8mb4 COLLATE utf8mb4_bin DEFAULT NULL CHECK (json_valid(`new_value`)),
  `ip_address` varchar(45) DEFAULT NULL,
  `user_agent` text DEFAULT NULL,
  `created_at` timestamp NOT NULL DEFAULT current_timestamp()
) ENGINE=InnoDB DEFAULT CHARSET=utf8mb4 COLLATE=utf8mb4_unicode_ci;

--
-- Dumping data for table `audit_logs`
--

INSERT INTO `audit_logs` (`audit_id`, `user_id`, `action`, `entity_type`, `entity_id`, `old_value`, `new_value`, `ip_address`, `user_agent`, `created_at`) VALUES
(1, NULL, 'INSERT', 'SETTINGS', 1, NULL, '{\"setting_key\": \"company_display_name\", \"setting_value\": \"Company Name\"}', '38', NULL, '2025-08-18 23:31:48'),
(2, NULL, 'INSERT', 'SETTINGS', 2, NULL, '{\"setting_key\": \"default_tax_rate\", \"setting_value\": \"0.00\"}', '38', NULL, '2025-08-18 23:31:48'),
(3, NULL, 'INSERT', 'SETTINGS', 3, NULL, '{\"setting_key\": \"quote_expiry_days\", \"setting_value\": \"7\"}', '38', NULL, '2025-08-18 23:31:48'),
(4, NULL, 'INSERT', 'SETTINGS', 4, NULL, '{\"setting_key\": \"quote_expiry_notification_days\", \"setting_value\": \"3\"}', '38', NULL, '2025-08-18 23:31:48'),
(5, NULL, 'INSERT', 'SETTINGS', 5, NULL, '{\"setting_key\": \"low_stock_threshold\", \"setting_value\": \"10\"}', '38', NULL, '2025-08-18 23:31:48'),
(6, NULL, 'INSERT', 'SETTINGS', 6, NULL, '{\"setting_key\": \"timezone\", \"setting_value\": \"America/New_York\"}', '38', NULL, '2025-08-18 23:31:48'),
(7, NULL, 'INSERT', 'SETTINGS', 7, NULL, '{\"setting_key\": \"available_languages\", \"setting_value\": \"[\\\"es\\\", \\\"en\\\", \\\"fr\\\", \\\"zh\\\"]\"}', '38', NULL, '2025-08-18 23:31:48'),
(8, NULL, 'INSERT', 'SETTINGS', 8, NULL, '{\"setting_key\": \"smtp_host\", \"setting_value\": \"smtp.example.com\"}', '38', NULL, '2025-08-18 23:31:48'),
(9, NULL, 'INSERT', 'SETTINGS', 9, NULL, '{\"setting_key\": \"smtp_port\", \"setting_value\": \"587\"}', '38', NULL, '2025-08-18 23:31:48'),
(10, NULL, 'INSERT', 'SETTINGS', 10, NULL, '{\"setting_key\": \"smtp_username\", \"setting_value\": \"user@example.com\"}', '38', NULL, '2025-08-18 23:31:48'),
(11, NULL, 'INSERT', 'SETTINGS', 11, NULL, '{\"setting_key\": \"smtp_password\", \"setting_value\": \"encrypted_password\"}', '38', NULL, '2025-08-18 23:31:48'),
(12, NULL, 'INSERT', 'SETTINGS', 12, NULL, '{\"setting_key\": \"smtp_encryption\", \"setting_value\": \"TLS\"}', '38', NULL, '2025-08-18 23:31:48'),
(13, NULL, 'INSERT', 'SETTINGS', 13, NULL, '{\"setting_key\": \"from_email\", \"setting_value\": \"no-reply@example.com\"}', '38', NULL, '2025-08-18 23:31:48'),
(14, NULL, 'INSERT', 'SETTINGS', 14, NULL, '{\"setting_key\": \"from_name\", \"setting_value\": \"Company Name\"}', '38', NULL, '2025-08-18 23:31:48'),
(15, NULL, 'INSERT', 'SETTINGS', 15, NULL, '{\"setting_key\": \"backup_time\", \"setting_value\": \"02:00:00\"}', '38', NULL, '2025-08-18 23:31:48'),
(16, NULL, 'INSERT', 'BACKUP_REQUEST', 1, NULL, '{\"status\": \"PENDING\", \"requested_at\": \"2025-08-19 04:18:17\"}', '69', NULL, '2025-08-19 10:18:17'),
(17, NULL, 'INSERT', 'USER', 1, NULL, '{\"username\": \"root\", \"email\": \"itbkup24@gmail.com\"}', '77', NULL, '2025-08-19 10:44:21'),
(18, NULL, 'UPDATE', 'USER', 1, '{\"username\": \"root\", \"email\": \"itbkup24@gmail.com\", \"language\": \"es\"}', '{\"username\": \"root\", \"email\": \"itbkup24@gmail.com\", \"language\": \"es\"}', '22', NULL, '2025-08-19 21:52:30'),
(19, NULL, 'UPDATE', 'USER', 1, '{\"username\": \"root\", \"email\": \"itbkup24@gmail.com\", \"language\": \"es\"}', '{\"username\": \"root\", \"email\": \"itbkup24@gmail.com\", \"language\": \"es\"}', '23', NULL, '2025-08-19 21:52:38'),
(20, NULL, 'UPDATE', 'USER', 1, '{\"username\": \"root\", \"email\": \"itbkup24@gmail.com\", \"language\": \"es\"}', '{\"username\": \"root\", \"email\": \"itbkup24@gmail.com\", \"language\": \"es\"}', '24', NULL, '2025-08-19 21:52:47'),
(21, NULL, 'UPDATE', 'USER', 1, '{\"username\": \"root\", \"email\": \"itbkup24@gmail.com\", \"language\": \"es\"}', '{\"username\": \"root\", \"email\": \"itbkup24@gmail.com\", \"language\": \"es\"}', '25', NULL, '2025-08-19 21:52:58'),
(22, NULL, 'UPDATE', 'USER', 1, '{\"username\": \"root\", \"email\": \"itbkup24@gmail.com\", \"language\": \"es\"}', '{\"username\": \"root\", \"email\": \"itbkup24@gmail.com\", \"language\": \"es\"}', '64', NULL, '2025-08-19 21:54:40'),
(23, NULL, 'UPDATE', 'USER', 1, '{\"username\": \"root\", \"email\": \"itbkup24@gmail.com\", \"language\": \"es\"}', '{\"username\": \"root\", \"email\": \"itbkup24@gmail.com\", \"language\": \"es\"}', '72', NULL, '2025-08-19 21:57:43'),
(24, NULL, 'UPDATE', 'USER', 1, '{\"username\": \"root\", \"email\": \"itbkup24@gmail.com\", \"language\": \"es\"}', '{\"username\": \"root\", \"email\": \"itbkup24@gmail.com\", \"language\": \"es\"}', '73', NULL, '2025-08-19 21:57:51'),
(25, NULL, 'UPDATE', 'USER', 1, '{\"username\": \"root\", \"email\": \"itbkup24@gmail.com\", \"language\": \"es\"}', '{\"username\": \"root\", \"email\": \"itbkup24@gmail.com\", \"language\": \"es\"}', '11', NULL, '2025-08-19 22:17:15'),
(26, 2, 'INSERT', 'USER', 2, NULL, '{\"username\": \"leon\", \"email\": \"itbkup24@gmail.com\"}', '57', NULL, '2025-08-19 22:18:19'),
(27, 2, 'UPDATE', 'USER', 2, '{\"username\": \"leon\", \"email\": \"itbkup24@gmail.com\", \"language\": \"es\"}', '{\"username\": \"leon\", \"email\": \"itbkup24@gmail.com\", \"language\": \"es\"}', '63', NULL, '2025-08-19 22:18:39'),
(28, 2, 'UPDATE', 'USER', 2, '{\"username\": \"leon\", \"email\": \"itbkup24@gmail.com\", \"language\": \"es\"}', '{\"username\": \"leon\", \"email\": \"itbkup24@gmail.com\", \"language\": \"es\"}', '63', NULL, '2025-08-19 22:18:39'),
(29, 2, 'UPDATE', 'USER', 2, '{\"username\": \"leon\", \"email\": \"itbkup24@gmail.com\", \"language\": \"es\"}', '{\"username\": \"leon\", \"email\": \"itbkup24@gmail.com\", \"language\": \"es\"}', '9', NULL, '2025-08-20 08:38:25'),
(30, 2, 'UPDATE', 'USER', 2, '{\"username\": \"leon\", \"email\": \"itbkup24@gmail.com\", \"language\": \"es\"}', '{\"username\": \"leon\", \"email\": \"itbkup24@gmail.com\", \"language\": \"es\"}', '9', NULL, '2025-08-20 08:38:25'),
(31, 2, 'UPDATE', 'USER', 2, '{\"username\": \"leon\", \"email\": \"itbkup24@gmail.com\", \"language\": \"es\"}', '{\"username\": \"leon\", \"email\": \"itbkup24@gmail.com\", \"language\": \"es\"}', '59', NULL, '2025-08-20 08:58:15'),
(32, 2, 'UPDATE', 'USER', 2, '{\"username\": \"leon\", \"email\": \"itbkup24@gmail.com\", \"language\": \"es\"}', '{\"username\": \"leon\", \"email\": \"itbkup24@gmail.com\", \"language\": \"es\"}', '59', NULL, '2025-08-20 08:58:15'),
(33, 2, 'UPDATE', 'USER', 2, '{\"username\": \"leon\", \"email\": \"itbkup24@gmail.com\", \"language\": \"es\"}', '{\"username\": \"leon\", \"email\": \"itbkup24@gmail.com\", \"language\": \"es\"}', '62', NULL, '2025-08-20 09:14:36'),
(34, 2, 'UPDATE', 'USER', 2, '{\"username\": \"leon\", \"email\": \"itbkup24@gmail.com\", \"language\": \"es\"}', '{\"username\": \"leon\", \"email\": \"itbkup24@gmail.com\", \"language\": \"es\"}', '62', NULL, '2025-08-20 09:14:36'),
(35, 2, 'UPDATE', 'USER', 2, '{\"username\": \"leon\", \"email\": \"itbkup24@gmail.com\", \"language\": \"es\"}', '{\"username\": \"leon\", \"email\": \"itbkup24@gmail.com\", \"language\": \"es\"}', '107', NULL, '2025-08-20 22:03:58'),
(36, 2, 'UPDATE', 'USER', 2, '{\"username\": \"leon\", \"email\": \"itbkup24@gmail.com\", \"language\": \"es\"}', '{\"username\": \"leon\", \"email\": \"itbkup24@gmail.com\", \"language\": \"es\"}', '107', NULL, '2025-08-20 22:03:58'),
(37, 3, 'INSERT', 'USER', 3, NULL, '{\"username\": \"anderson\", \"email\": \"anderson@local.com\"}', '110', NULL, '2025-08-20 22:16:27'),
(38, 2, 'UPDATE', 'USER', 2, '{\"username\": \"leon\", \"email\": \"itbkup24@gmail.com\", \"language\": \"es\"}', '{\"username\": \"leon\", \"email\": \"itbkup24@gmail.com\", \"language\": \"es\"}', '10', NULL, '2025-08-21 07:46:08'),
(39, 2, 'UPDATE', 'USER', 2, '{\"username\": \"leon\", \"email\": \"itbkup24@gmail.com\", \"language\": \"es\"}', '{\"username\": \"leon\", \"email\": \"itbkup24@gmail.com\", \"language\": \"es\"}', '10', NULL, '2025-08-21 07:46:08'),
(40, 3, 'UPDATE', 'USER', 3, '{\"username\": \"anderson\", \"email\": \"anderson@local.com\", \"language\": \"es\"}', '{\"username\": \"anderson\", \"email\": \"anderson@local.com\", \"language\": \"es\"}', '29', NULL, '2025-08-21 08:06:16'),
(41, 3, 'UPDATE', 'USER', 3, '{\"username\": \"anderson\", \"email\": \"anderson@local.com\", \"language\": \"es\"}', '{\"username\": \"anderson\", \"email\": \"anderson@local.com\", \"language\": \"es\"}', '29', NULL, '2025-08-21 08:06:16'),
(42, 3, 'UPDATE', 'USER', 3, '{\"username\": \"anderson\", \"email\": \"anderson@local.com\", \"language\": \"es\"}', '{\"username\": \"anderson\", \"email\": \"anderson@local.com\", \"language\": \"en\"}', '32', NULL, '2025-08-21 08:06:28'),
(43, 3, 'UPDATE', 'USER', 3, '{\"username\": \"anderson\", \"email\": \"anderson@local.com\", \"language\": \"en\"}', '{\"username\": \"anderson\", \"email\": \"anderson@local.com\", \"language\": \"en\"}', '34', NULL, '2025-08-21 08:06:43'),
(44, 3, 'UPDATE', 'USER', 3, '{\"username\": \"anderson\", \"email\": \"anderson@local.com\", \"language\": \"en\"}', '{\"username\": \"anderson\", \"email\": \"anderson@local.com\", \"language\": \"en\"}', '10', NULL, '2025-08-21 08:09:47'),
(45, 3, 'UPDATE', 'USER', 3, '{\"username\": \"anderson\", \"email\": \"anderson@local.com\", \"language\": \"en\"}', '{\"username\": \"anderson\", \"email\": \"anderson@local.com\", \"language\": \"en\"}', '11', NULL, '2025-08-21 08:09:54'),
(46, 3, 'UPDATE', 'USER', 3, '{\"username\": \"anderson\", \"email\": \"anderson@local.com\", \"language\": \"en\"}', '{\"username\": \"anderson\", \"email\": \"anderson@local.com\", \"language\": \"en\"}', '11', NULL, '2025-08-21 08:09:54'),
(47, 2, 'UPDATE', 'USER', 2, '{\"username\": \"leon\", \"email\": \"itbkup24@gmail.com\", \"language\": \"es\"}', '{\"username\": \"leon\", \"email\": \"itbkup24@gmail.com\", \"language\": \"es\"}', '13', NULL, '2025-08-21 08:11:15'),
(48, 2, 'UPDATE', 'USER', 2, '{\"username\": \"leon\", \"email\": \"itbkup24@gmail.com\", \"language\": \"es\"}', '{\"username\": \"leon\", \"email\": \"itbkup24@gmail.com\", \"language\": \"es\"}', '13', NULL, '2025-08-21 08:11:15'),
(49, 3, 'UPDATE', 'USER', 3, '{\"username\": \"anderson\", \"email\": \"anderson@local.com\", \"language\": \"en\"}', '{\"username\": \"anderson\", \"email\": \"anderson@local.com\", \"language\": \"en\"}', '16', NULL, '2025-08-21 08:11:36'),
(50, 3, 'UPDATE', 'USER', 3, '{\"username\": \"anderson\", \"email\": \"anderson@local.com\", \"language\": \"en\"}', '{\"username\": \"anderson\", \"email\": \"anderson@local.com\", \"language\": \"en\"}', '17', NULL, '2025-08-21 08:11:42'),
(51, 3, 'UPDATE', 'USER', 3, '{\"username\": \"anderson\", \"email\": \"anderson@local.com\", \"language\": \"en\"}', '{\"username\": \"anderson\", \"email\": \"anderson@local.com\", \"language\": \"en\"}', '17', NULL, '2025-08-21 08:11:42'),
(52, 3, 'UPDATE', 'USER', 3, '{\"username\": \"anderson\", \"email\": \"anderson@local.com\", \"language\": \"en\"}', '{\"username\": \"anderson\", \"email\": \"anderson@local.com\", \"language\": \"es\"}', '53', NULL, '2025-08-21 08:12:55'),
(53, 3, 'UPDATE', 'USER', 3, '{\"username\": \"anderson\", \"email\": \"anderson@local.com\", \"language\": \"es\"}', '{\"username\": \"anderson\", \"email\": \"anderson@local.com\", \"language\": \"es\"}', '55', NULL, '2025-08-21 08:13:33'),
(54, 3, 'UPDATE', 'USER', 3, '{\"username\": \"anderson\", \"email\": \"anderson@local.com\", \"language\": \"es\"}', '{\"username\": \"anderson\", \"email\": \"anderson@local.com\", \"language\": \"es\"}', '55', NULL, '2025-08-21 08:13:33'),
(55, 2, 'UPDATE', 'USER', 2, '{\"username\": \"leon\", \"email\": \"itbkup24@gmail.com\", \"language\": \"es\"}', '{\"username\": \"leon\", \"email\": \"itbkup24@gmail.com\", \"language\": \"es\"}', '63', NULL, '2025-08-21 08:14:05'),
(56, 2, 'UPDATE', 'USER', 2, '{\"username\": \"leon\", \"email\": \"itbkup24@gmail.com\", \"language\": \"es\"}', '{\"username\": \"leon\", \"email\": \"itbkup24@gmail.com\", \"language\": \"es\"}', '64', NULL, '2025-08-21 08:14:05'),
(57, 2, 'UPDATE', 'USER', 2, '{\"username\": \"leon\", \"email\": \"itbkup24@gmail.com\", \"language\": \"es\"}', '{\"username\": \"leon\", \"email\": \"itbkup24@gmail.com\", \"language\": \"es\"}', '65', NULL, '2025-08-21 08:14:11'),
(58, 2, 'UPDATE', 'USER', 2, '{\"username\": \"leon\", \"email\": \"itbkup24@gmail.com\", \"language\": \"es\"}', '{\"username\": \"leon\", \"email\": \"itbkup24@gmail.com\", \"language\": \"es\"}', '65', NULL, '2025-08-21 08:14:11'),
(59, 2, 'UPDATE', 'USER', 2, '{\"username\": \"leon\", \"email\": \"itbkup24@gmail.com\", \"language\": \"es\"}', '{\"username\": \"leon\", \"email\": \"itbkup24@gmail.com\", \"language\": \"es\"}', '67', NULL, '2025-08-21 08:18:07'),
(60, 2, 'UPDATE', 'USER', 2, '{\"username\": \"leon\", \"email\": \"itbkup24@gmail.com\", \"language\": \"es\"}', '{\"username\": \"leon\", \"email\": \"itbkup24@gmail.com\", \"language\": \"es\"}', '67', NULL, '2025-08-21 08:18:07'),
(61, 2, 'UPDATE', 'USER', 2, '{\"username\": \"leon\", \"email\": \"itbkup24@gmail.com\", \"language\": \"es\"}', '{\"username\": \"leon\", \"email\": \"itbkup24@gmail.com\", \"language\": \"es\"}', '10', NULL, '2025-08-22 01:07:10'),
(62, 2, 'UPDATE', 'USER', 2, '{\"username\": \"leon\", \"email\": \"itbkup24@gmail.com\", \"language\": \"es\"}', '{\"username\": \"leon\", \"email\": \"itbkup24@gmail.com\", \"language\": \"es\"}', '10', NULL, '2025-08-22 01:07:10'),
(63, 3, 'UPDATE', 'USER', 3, '{\"username\": \"anderson\", \"email\": \"anderson@local.com\", \"language\": \"es\"}', '{\"username\": \"anderson\", \"email\": \"anderson@local.com\", \"language\": \"es\"}', '13', NULL, '2025-08-22 01:07:32'),
(64, 2, 'UPDATE', 'USER', 2, '{\"username\": \"leon\", \"email\": \"itbkup24@gmail.com\", \"language\": \"es\"}', '{\"username\": \"leon\", \"email\": \"itbkup24@gmail.com\", \"language\": \"es\"}', '54', NULL, '2025-08-22 01:09:16'),
(65, 2, 'UPDATE', 'USER', 2, '{\"username\": \"leon\", \"email\": \"itbkup24@gmail.com\", \"language\": \"es\"}', '{\"username\": \"leon\", \"email\": \"itbkup24@gmail.com\", \"language\": \"es\"}', '55', NULL, '2025-08-22 01:09:28'),
(66, 3, 'UPDATE', 'USER', 3, '{\"username\": \"anderson\", \"email\": \"anderson@local.com\", \"language\": \"es\"}', '{\"username\": \"anderson\", \"email\": \"anderson@local.com\", \"language\": \"es\"}', '83', NULL, '2025-08-22 01:10:30'),
(67, 2, 'UPDATE', 'USER', 2, '{\"username\": \"leon\", \"email\": \"itbkup24@gmail.com\", \"language\": \"es\"}', '{\"username\": \"leon\", \"email\": \"itbkup24@gmail.com\", \"language\": \"es\"}', '106', NULL, '2025-08-22 01:11:56'),
(68, 2, 'UPDATE', 'USER', 2, '{\"username\": \"leon\", \"email\": \"itbkup24@gmail.com\", \"language\": \"es\"}', '{\"username\": \"leon\", \"email\": \"itbkup24@gmail.com\", \"language\": \"es\"}', '10', NULL, '2025-08-22 22:52:06'),
(69, 2, 'UPDATE', 'USER', 2, '{\"username\": \"leon\", \"email\": \"itbkup24@gmail.com\", \"language\": \"es\"}', '{\"username\": \"leon\", \"email\": \"itbkup24@gmail.com\", \"language\": \"es\"}', '11', NULL, '2025-08-22 22:52:13'),
(70, 2, 'UPDATE', 'USER', 2, '{\"username\": \"leon\", \"email\": \"itbkup24@gmail.com\", \"language\": \"es\"}', '{\"username\": \"leon\", \"email\": \"itbkup24@gmail.com\", \"language\": \"es\"}', '11', NULL, '2025-08-22 22:52:13'),
(71, 3, 'UPDATE', 'USER', 3, '{\"username\": \"anderson\", \"email\": \"anderson@local.com\", \"language\": \"es\"}', '{\"username\": \"anderson\", \"email\": \"anderson@local.com\", \"language\": \"es\"}', '30', NULL, '2025-08-22 23:05:32'),
(72, 3, 'UPDATE', 'USER', 3, '{\"username\": \"anderson\", \"email\": \"anderson@local.com\", \"language\": \"es\"}', '{\"username\": \"anderson\", \"email\": \"anderson@local.com\", \"language\": \"es\"}', '30', NULL, '2025-08-22 23:05:32'),
(73, NULL, 'UPDATE', 'SETTINGS', 1, '{\"setting_key\": \"company_display_name\", \"setting_value\": \"Company Name\"}', '{\"setting_key\": \"company_display_name\", \"setting_value\": \"Entropic Networks\"}', '115', NULL, '2025-08-22 23:26:34'),
(74, NULL, 'UPDATE', 'SETTINGS', 2, '{\"setting_key\": \"default_tax_rate\", \"setting_value\": \"0.00\"}', '{\"setting_key\": \"default_tax_rate\", \"setting_value\": \"0.00\"}', '115', NULL, '2025-08-22 23:26:34'),
(75, NULL, 'UPDATE', 'SETTINGS', 3, '{\"setting_key\": \"quote_expiry_days\", \"setting_value\": \"7\"}', '{\"setting_key\": \"quote_expiry_days\", \"setting_value\": \"7\"}', '115', NULL, '2025-08-22 23:26:34'),
(76, NULL, 'UPDATE', 'SETTINGS', 4, '{\"setting_key\": \"quote_expiry_notification_days\", \"setting_value\": \"3\"}', '{\"setting_key\": \"quote_expiry_notification_days\", \"setting_value\": \"3\"}', '115', NULL, '2025-08-22 23:26:34'),
(77, NULL, 'UPDATE', 'SETTINGS', 5, '{\"setting_key\": \"low_stock_threshold\", \"setting_value\": \"10\"}', '{\"setting_key\": \"low_stock_threshold\", \"setting_value\": \"10\"}', '115', NULL, '2025-08-22 23:26:34'),
(78, NULL, 'UPDATE', 'SETTINGS', 6, '{\"setting_key\": \"timezone\", \"setting_value\": \"America/New_York\"}', '{\"setting_key\": \"timezone\", \"setting_value\": \"America/New_York\"}', '115', NULL, '2025-08-22 23:26:34'),
(79, NULL, 'UPDATE', 'SETTINGS', 7, '{\"setting_key\": \"available_languages\", \"setting_value\": \"[\\\"es\\\", \\\"en\\\", \\\"fr\\\", \\\"zh\\\"]\"}', '{\"setting_key\": \"available_languages\", \"setting_value\": \"[\\\"es\\\"]\"}', '115', NULL, '2025-08-22 23:26:34'),
(80, NULL, 'UPDATE', 'SETTINGS', 8, '{\"setting_key\": \"smtp_host\", \"setting_value\": \"smtp.example.com\"}', '{\"setting_key\": \"smtp_host\", \"setting_value\": \"\"}', '115', NULL, '2025-08-22 23:26:34'),
(81, NULL, 'UPDATE', 'SETTINGS', 9, '{\"setting_key\": \"smtp_port\", \"setting_value\": \"587\"}', '{\"setting_key\": \"smtp_port\", \"setting_value\": \"587\"}', '115', NULL, '2025-08-22 23:26:34'),
(82, NULL, 'UPDATE', 'SETTINGS', 10, '{\"setting_key\": \"smtp_username\", \"setting_value\": \"user@example.com\"}', '{\"setting_key\": \"smtp_username\", \"setting_value\": \"\"}', '115', NULL, '2025-08-22 23:26:34'),
(83, NULL, 'UPDATE', 'SETTINGS', 12, '{\"setting_key\": \"smtp_encryption\", \"setting_value\": \"TLS\"}', '{\"setting_key\": \"smtp_encryption\", \"setting_value\": \"TLS\"}', '115', NULL, '2025-08-22 23:26:34'),
(84, NULL, 'UPDATE', 'SETTINGS', 13, '{\"setting_key\": \"from_email\", \"setting_value\": \"no-reply@example.com\"}', '{\"setting_key\": \"from_email\", \"setting_value\": \"\"}', '115', NULL, '2025-08-22 23:26:34'),
(85, NULL, 'UPDATE', 'SETTINGS', 14, '{\"setting_key\": \"from_name\", \"setting_value\": \"Company Name\"}', '{\"setting_key\": \"from_name\", \"setting_value\": \"\"}', '115', NULL, '2025-08-22 23:26:34'),
(86, NULL, 'UPDATE', 'SETTINGS', 15, '{\"setting_key\": \"backup_time\", \"setting_value\": \"02:00:00\"}', '{\"setting_key\": \"backup_time\", \"setting_value\": \"02:00:00\"}', '115', NULL, '2025-08-22 23:26:34'),
(87, NULL, 'UPDATE', 'SETTINGS', 1, '{\"setting_key\": \"company_display_name\", \"setting_value\": \"Entropic Networks\"}', '{\"setting_key\": \"company_display_name\", \"setting_value\": \"Entropic Networks\"}', '116', NULL, '2025-08-22 23:26:42'),
(88, NULL, 'UPDATE', 'SETTINGS', 2, '{\"setting_key\": \"default_tax_rate\", \"setting_value\": \"0.00\"}', '{\"setting_key\": \"default_tax_rate\", \"setting_value\": \"0.00\"}', '116', NULL, '2025-08-22 23:26:42'),
(89, NULL, 'UPDATE', 'SETTINGS', 3, '{\"setting_key\": \"quote_expiry_days\", \"setting_value\": \"7\"}', '{\"setting_key\": \"quote_expiry_days\", \"setting_value\": \"7\"}', '116', NULL, '2025-08-22 23:26:42'),
(90, NULL, 'UPDATE', 'SETTINGS', 4, '{\"setting_key\": \"quote_expiry_notification_days\", \"setting_value\": \"3\"}', '{\"setting_key\": \"quote_expiry_notification_days\", \"setting_value\": \"3\"}', '116', NULL, '2025-08-22 23:26:42'),
(91, NULL, 'UPDATE', 'SETTINGS', 5, '{\"setting_key\": \"low_stock_threshold\", \"setting_value\": \"10\"}', '{\"setting_key\": \"low_stock_threshold\", \"setting_value\": \"10\"}', '116', NULL, '2025-08-22 23:26:42'),
(92, NULL, 'UPDATE', 'SETTINGS', 6, '{\"setting_key\": \"timezone\", \"setting_value\": \"America/New_York\"}', '{\"setting_key\": \"timezone\", \"setting_value\": \"America/New_York\"}', '116', NULL, '2025-08-22 23:26:42'),
(93, NULL, 'UPDATE', 'SETTINGS', 7, '{\"setting_key\": \"available_languages\", \"setting_value\": \"[\\\"es\\\"]\"}', '{\"setting_key\": \"available_languages\", \"setting_value\": \"[\\\"es\\\"]\"}', '116', NULL, '2025-08-22 23:26:42'),
(94, NULL, 'UPDATE', 'SETTINGS', 8, '{\"setting_key\": \"smtp_host\", \"setting_value\": \"\"}', '{\"setting_key\": \"smtp_host\", \"setting_value\": \"\"}', '116', NULL, '2025-08-22 23:26:42'),
(95, NULL, 'UPDATE', 'SETTINGS', 9, '{\"setting_key\": \"smtp_port\", \"setting_value\": \"587\"}', '{\"setting_key\": \"smtp_port\", \"setting_value\": \"587\"}', '116', NULL, '2025-08-22 23:26:42'),
(96, NULL, 'UPDATE', 'SETTINGS', 10, '{\"setting_key\": \"smtp_username\", \"setting_value\": \"\"}', '{\"setting_key\": \"smtp_username\", \"setting_value\": \"\"}', '116', NULL, '2025-08-22 23:26:42'),
(97, NULL, 'UPDATE', 'SETTINGS', 12, '{\"setting_key\": \"smtp_encryption\", \"setting_value\": \"TLS\"}', '{\"setting_key\": \"smtp_encryption\", \"setting_value\": \"TLS\"}', '116', NULL, '2025-08-22 23:26:42'),
(98, NULL, 'UPDATE', 'SETTINGS', 13, '{\"setting_key\": \"from_email\", \"setting_value\": \"\"}', '{\"setting_key\": \"from_email\", \"setting_value\": \"\"}', '116', NULL, '2025-08-22 23:26:42'),
(99, NULL, 'UPDATE', 'SETTINGS', 14, '{\"setting_key\": \"from_name\", \"setting_value\": \"\"}', '{\"setting_key\": \"from_name\", \"setting_value\": \"\"}', '116', NULL, '2025-08-22 23:26:42'),
(100, NULL, 'UPDATE', 'SETTINGS', 15, '{\"setting_key\": \"backup_time\", \"setting_value\": \"02:00:00\"}', '{\"setting_key\": \"backup_time\", \"setting_value\": \"02:00:00\"}', '116', NULL, '2025-08-22 23:26:42'),
(101, NULL, 'UPDATE', 'SETTINGS', 1, '{\"setting_key\": \"company_display_name\", \"setting_value\": \"Entropic Networks\"}', '{\"setting_key\": \"company_display_name\", \"setting_value\": \"LAstoBatalion\"}', '122', NULL, '2025-08-22 23:28:41'),
(102, NULL, 'UPDATE', 'SETTINGS', 2, '{\"setting_key\": \"default_tax_rate\", \"setting_value\": \"0.00\"}', '{\"setting_key\": \"default_tax_rate\", \"setting_value\": \"0.00\"}', '122', NULL, '2025-08-22 23:28:41'),
(103, NULL, 'UPDATE', 'SETTINGS', 3, '{\"setting_key\": \"quote_expiry_days\", \"setting_value\": \"7\"}', '{\"setting_key\": \"quote_expiry_days\", \"setting_value\": \"7\"}', '122', NULL, '2025-08-22 23:28:41'),
(104, NULL, 'UPDATE', 'SETTINGS', 4, '{\"setting_key\": \"quote_expiry_notification_days\", \"setting_value\": \"3\"}', '{\"setting_key\": \"quote_expiry_notification_days\", \"setting_value\": \"3\"}', '122', NULL, '2025-08-22 23:28:41'),
(105, NULL, 'UPDATE', 'SETTINGS', 5, '{\"setting_key\": \"low_stock_threshold\", \"setting_value\": \"10\"}', '{\"setting_key\": \"low_stock_threshold\", \"setting_value\": \"10\"}', '122', NULL, '2025-08-22 23:28:41'),
(106, NULL, 'UPDATE', 'SETTINGS', 6, '{\"setting_key\": \"timezone\", \"setting_value\": \"America/New_York\"}', '{\"setting_key\": \"timezone\", \"setting_value\": \"America/New_York\"}', '122', NULL, '2025-08-22 23:28:41'),
(107, NULL, 'UPDATE', 'SETTINGS', 7, '{\"setting_key\": \"available_languages\", \"setting_value\": \"[\\\"es\\\"]\"}', '{\"setting_key\": \"available_languages\", \"setting_value\": \"[\\\"es\\\"]\"}', '122', NULL, '2025-08-22 23:28:41'),
(108, NULL, 'UPDATE', 'SETTINGS', 8, '{\"setting_key\": \"smtp_host\", \"setting_value\": \"\"}', '{\"setting_key\": \"smtp_host\", \"setting_value\": \"\"}', '122', NULL, '2025-08-22 23:28:41'),
(109, NULL, 'UPDATE', 'SETTINGS', 9, '{\"setting_key\": \"smtp_port\", \"setting_value\": \"587\"}', '{\"setting_key\": \"smtp_port\", \"setting_value\": \"587\"}', '122', NULL, '2025-08-22 23:28:41'),
(110, NULL, 'UPDATE', 'SETTINGS', 10, '{\"setting_key\": \"smtp_username\", \"setting_value\": \"\"}', '{\"setting_key\": \"smtp_username\", \"setting_value\": \"\"}', '122', NULL, '2025-08-22 23:28:41'),
(111, NULL, 'UPDATE', 'SETTINGS', 12, '{\"setting_key\": \"smtp_encryption\", \"setting_value\": \"TLS\"}', '{\"setting_key\": \"smtp_encryption\", \"setting_value\": \"TLS\"}', '122', NULL, '2025-08-22 23:28:42'),
(112, NULL, 'UPDATE', 'SETTINGS', 13, '{\"setting_key\": \"from_email\", \"setting_value\": \"\"}', '{\"setting_key\": \"from_email\", \"setting_value\": \"\"}', '122', NULL, '2025-08-22 23:28:42'),
(113, NULL, 'UPDATE', 'SETTINGS', 14, '{\"setting_key\": \"from_name\", \"setting_value\": \"\"}', '{\"setting_key\": \"from_name\", \"setting_value\": \"\"}', '122', NULL, '2025-08-22 23:28:42'),
(114, NULL, 'UPDATE', 'SETTINGS', 15, '{\"setting_key\": \"backup_time\", \"setting_value\": \"02:00:00\"}', '{\"setting_key\": \"backup_time\", \"setting_value\": \"02:00:00\"}', '122', NULL, '2025-08-22 23:28:42'),
(115, NULL, 'UPDATE', 'SETTINGS', 1, '{\"setting_key\": \"company_display_name\", \"setting_value\": \"LAstoBatalion\"}', '{\"setting_key\": \"company_display_name\", \"setting_value\": \"Entropic Networks\"}', '135', NULL, '2025-08-22 23:28:59'),
(116, NULL, 'UPDATE', 'SETTINGS', 2, '{\"setting_key\": \"default_tax_rate\", \"setting_value\": \"0.00\"}', '{\"setting_key\": \"default_tax_rate\", \"setting_value\": \"0.00\"}', '135', NULL, '2025-08-22 23:28:59'),
(117, NULL, 'UPDATE', 'SETTINGS', 3, '{\"setting_key\": \"quote_expiry_days\", \"setting_value\": \"7\"}', '{\"setting_key\": \"quote_expiry_days\", \"setting_value\": \"7\"}', '135', NULL, '2025-08-22 23:28:59'),
(118, NULL, 'UPDATE', 'SETTINGS', 4, '{\"setting_key\": \"quote_expiry_notification_days\", \"setting_value\": \"3\"}', '{\"setting_key\": \"quote_expiry_notification_days\", \"setting_value\": \"3\"}', '135', NULL, '2025-08-22 23:28:59'),
(119, NULL, 'UPDATE', 'SETTINGS', 5, '{\"setting_key\": \"low_stock_threshold\", \"setting_value\": \"10\"}', '{\"setting_key\": \"low_stock_threshold\", \"setting_value\": \"10\"}', '135', NULL, '2025-08-22 23:28:59'),
(120, NULL, 'UPDATE', 'SETTINGS', 6, '{\"setting_key\": \"timezone\", \"setting_value\": \"America/New_York\"}', '{\"setting_key\": \"timezone\", \"setting_value\": \"America/New_York\"}', '135', NULL, '2025-08-22 23:28:59'),
(121, NULL, 'UPDATE', 'SETTINGS', 7, '{\"setting_key\": \"available_languages\", \"setting_value\": \"[\\\"es\\\"]\"}', '{\"setting_key\": \"available_languages\", \"setting_value\": \"[\\\"es\\\"]\"}', '135', NULL, '2025-08-22 23:28:59'),
(122, NULL, 'UPDATE', 'SETTINGS', 8, '{\"setting_key\": \"smtp_host\", \"setting_value\": \"\"}', '{\"setting_key\": \"smtp_host\", \"setting_value\": \"\"}', '135', NULL, '2025-08-22 23:28:59'),
(123, NULL, 'UPDATE', 'SETTINGS', 9, '{\"setting_key\": \"smtp_port\", \"setting_value\": \"587\"}', '{\"setting_key\": \"smtp_port\", \"setting_value\": \"587\"}', '135', NULL, '2025-08-22 23:28:59'),
(124, NULL, 'UPDATE', 'SETTINGS', 10, '{\"setting_key\": \"smtp_username\", \"setting_value\": \"\"}', '{\"setting_key\": \"smtp_username\", \"setting_value\": \"\"}', '135', NULL, '2025-08-22 23:28:59'),
(125, NULL, 'UPDATE', 'SETTINGS', 12, '{\"setting_key\": \"smtp_encryption\", \"setting_value\": \"TLS\"}', '{\"setting_key\": \"smtp_encryption\", \"setting_value\": \"TLS\"}', '135', NULL, '2025-08-22 23:28:59'),
(126, NULL, 'UPDATE', 'SETTINGS', 13, '{\"setting_key\": \"from_email\", \"setting_value\": \"\"}', '{\"setting_key\": \"from_email\", \"setting_value\": \"\"}', '135', NULL, '2025-08-22 23:28:59'),
(127, NULL, 'UPDATE', 'SETTINGS', 14, '{\"setting_key\": \"from_name\", \"setting_value\": \"\"}', '{\"setting_key\": \"from_name\", \"setting_value\": \"\"}', '135', NULL, '2025-08-22 23:28:59'),
(128, NULL, 'UPDATE', 'SETTINGS', 15, '{\"setting_key\": \"backup_time\", \"setting_value\": \"02:00:00\"}', '{\"setting_key\": \"backup_time\", \"setting_value\": \"02:00:00\"}', '135', NULL, '2025-08-22 23:28:59'),
(129, NULL, 'UPDATE', 'SETTINGS', 1, '{\"setting_key\": \"company_display_name\", \"setting_value\": \"Entropic Networks\"}', '{\"setting_key\": \"company_display_name\", \"setting_value\": \"Entropic Networks\"}', '183', NULL, '2025-08-22 23:41:40'),
(130, NULL, 'UPDATE', 'SETTINGS', 2, '{\"setting_key\": \"default_tax_rate\", \"setting_value\": \"0.00\"}', '{\"setting_key\": \"default_tax_rate\", \"setting_value\": \"0.00\"}', '183', NULL, '2025-08-22 23:41:40'),
(131, NULL, 'UPDATE', 'SETTINGS', 3, '{\"setting_key\": \"quote_expiry_days\", \"setting_value\": \"7\"}', '{\"setting_key\": \"quote_expiry_days\", \"setting_value\": \"7\"}', '183', NULL, '2025-08-22 23:41:40'),
(132, NULL, 'UPDATE', 'SETTINGS', 4, '{\"setting_key\": \"quote_expiry_notification_days\", \"setting_value\": \"3\"}', '{\"setting_key\": \"quote_expiry_notification_days\", \"setting_value\": \"3\"}', '183', NULL, '2025-08-22 23:41:40'),
(133, NULL, 'UPDATE', 'SETTINGS', 5, '{\"setting_key\": \"low_stock_threshold\", \"setting_value\": \"10\"}', '{\"setting_key\": \"low_stock_threshold\", \"setting_value\": \"10\"}', '183', NULL, '2025-08-22 23:41:40'),
(134, NULL, 'UPDATE', 'SETTINGS', 6, '{\"setting_key\": \"timezone\", \"setting_value\": \"America/New_York\"}', '{\"setting_key\": \"timezone\", \"setting_value\": \"America/New_York\"}', '183', NULL, '2025-08-22 23:41:40'),
(135, NULL, 'UPDATE', 'SETTINGS', 7, '{\"setting_key\": \"available_languages\", \"setting_value\": \"[\\\"es\\\"]\"}', '{\"setting_key\": \"available_languages\", \"setting_value\": \"[\\\"es\\\"]\"}', '183', NULL, '2025-08-22 23:41:40'),
(136, NULL, 'UPDATE', 'SETTINGS', 8, '{\"setting_key\": \"smtp_host\", \"setting_value\": \"\"}', '{\"setting_key\": \"smtp_host\", \"setting_value\": \"\"}', '183', NULL, '2025-08-22 23:41:40'),
(137, NULL, 'UPDATE', 'SETTINGS', 9, '{\"setting_key\": \"smtp_port\", \"setting_value\": \"587\"}', '{\"setting_key\": \"smtp_port\", \"setting_value\": \"587\"}', '183', NULL, '2025-08-22 23:41:40'),
(138, NULL, 'UPDATE', 'SETTINGS', 10, '{\"setting_key\": \"smtp_username\", \"setting_value\": \"\"}', '{\"setting_key\": \"smtp_username\", \"setting_value\": \"\"}', '183', NULL, '2025-08-22 23:41:40'),
(139, NULL, 'UPDATE', 'SETTINGS', 12, '{\"setting_key\": \"smtp_encryption\", \"setting_value\": \"TLS\"}', '{\"setting_key\": \"smtp_encryption\", \"setting_value\": \"TLS\"}', '183', NULL, '2025-08-22 23:41:40'),
(140, NULL, 'UPDATE', 'SETTINGS', 13, '{\"setting_key\": \"from_email\", \"setting_value\": \"\"}', '{\"setting_key\": \"from_email\", \"setting_value\": \"\"}', '183', NULL, '2025-08-22 23:41:40'),
(141, NULL, 'UPDATE', 'SETTINGS', 14, '{\"setting_key\": \"from_name\", \"setting_value\": \"\"}', '{\"setting_key\": \"from_name\", \"setting_value\": \"\"}', '183', NULL, '2025-08-22 23:41:40'),
(142, NULL, 'UPDATE', 'SETTINGS', 15, '{\"setting_key\": \"backup_time\", \"setting_value\": \"02:00:00\"}', '{\"setting_key\": \"backup_time\", \"setting_value\": \"02:00:00\"}', '183', NULL, '2025-08-22 23:41:40'),
(143, NULL, 'UPDATE', 'SETTINGS', 1, '{\"setting_key\": \"company_display_name\", \"setting_value\": \"Entropic Networks\"}', '{\"setting_key\": \"company_display_name\", \"setting_value\": \"Entropic Networks\"}', '202', NULL, '2025-08-22 23:47:50'),
(144, NULL, 'UPDATE', 'SETTINGS', 2, '{\"setting_key\": \"default_tax_rate\", \"setting_value\": \"0.00\"}', '{\"setting_key\": \"default_tax_rate\", \"setting_value\": \"0.00\"}', '202', NULL, '2025-08-22 23:47:50'),
(145, NULL, 'UPDATE', 'SETTINGS', 3, '{\"setting_key\": \"quote_expiry_days\", \"setting_value\": \"7\"}', '{\"setting_key\": \"quote_expiry_days\", \"setting_value\": \"7\"}', '202', NULL, '2025-08-22 23:47:50'),
(146, NULL, 'UPDATE', 'SETTINGS', 4, '{\"setting_key\": \"quote_expiry_notification_days\", \"setting_value\": \"3\"}', '{\"setting_key\": \"quote_expiry_notification_days\", \"setting_value\": \"3\"}', '202', NULL, '2025-08-22 23:47:50'),
(147, NULL, 'UPDATE', 'SETTINGS', 5, '{\"setting_key\": \"low_stock_threshold\", \"setting_value\": \"10\"}', '{\"setting_key\": \"low_stock_threshold\", \"setting_value\": \"10\"}', '202', NULL, '2025-08-22 23:47:50'),
(148, NULL, 'UPDATE', 'SETTINGS', 6, '{\"setting_key\": \"timezone\", \"setting_value\": \"America/New_York\"}', '{\"setting_key\": \"timezone\", \"setting_value\": \"America/New_York\"}', '202', NULL, '2025-08-22 23:47:50'),
(149, NULL, 'UPDATE', 'SETTINGS', 7, '{\"setting_key\": \"available_languages\", \"setting_value\": \"[\\\"es\\\"]\"}', '{\"setting_key\": \"available_languages\", \"setting_value\": \"[\\\"es\\\"]\"}', '202', NULL, '2025-08-22 23:47:50'),
(150, NULL, 'UPDATE', 'SETTINGS', 8, '{\"setting_key\": \"smtp_host\", \"setting_value\": \"\"}', '{\"setting_key\": \"smtp_host\", \"setting_value\": \"\"}', '202', NULL, '2025-08-22 23:47:50'),
(151, NULL, 'UPDATE', 'SETTINGS', 9, '{\"setting_key\": \"smtp_port\", \"setting_value\": \"587\"}', '{\"setting_key\": \"smtp_port\", \"setting_value\": \"587\"}', '202', NULL, '2025-08-22 23:47:50'),
(152, NULL, 'UPDATE', 'SETTINGS', 10, '{\"setting_key\": \"smtp_username\", \"setting_value\": \"\"}', '{\"setting_key\": \"smtp_username\", \"setting_value\": \"\"}', '202', NULL, '2025-08-22 23:47:50'),
(153, NULL, 'UPDATE', 'SETTINGS', 12, '{\"setting_key\": \"smtp_encryption\", \"setting_value\": \"TLS\"}', '{\"setting_key\": \"smtp_encryption\", \"setting_value\": \"TLS\"}', '202', NULL, '2025-08-22 23:47:50'),
(154, NULL, 'UPDATE', 'SETTINGS', 13, '{\"setting_key\": \"from_email\", \"setting_value\": \"\"}', '{\"setting_key\": \"from_email\", \"setting_value\": \"\"}', '202', NULL, '2025-08-22 23:47:50'),
(155, NULL, 'UPDATE', 'SETTINGS', 14, '{\"setting_key\": \"from_name\", \"setting_value\": \"\"}', '{\"setting_key\": \"from_name\", \"setting_value\": \"\"}', '202', NULL, '2025-08-22 23:47:50'),
(156, NULL, 'UPDATE', 'SETTINGS', 15, '{\"setting_key\": \"backup_time\", \"setting_value\": \"02:00:00\"}', '{\"setting_key\": \"backup_time\", \"setting_value\": \"02:00:00\"}', '202', NULL, '2025-08-22 23:47:51'),
(157, NULL, 'UPDATE', 'SETTINGS', 1, '{\"setting_key\": \"company_display_name\", \"setting_value\": \"Entropic Networks\"}', '{\"setting_key\": \"company_display_name\", \"setting_value\": \"Entropic Networks Essentials\"}', '203', NULL, '2025-08-22 23:48:49'),
(158, NULL, 'UPDATE', 'SETTINGS', 2, '{\"setting_key\": \"default_tax_rate\", \"setting_value\": \"0.00\"}', '{\"setting_key\": \"default_tax_rate\", \"setting_value\": \"0.00\"}', '203', NULL, '2025-08-22 23:48:49'),
(159, NULL, 'UPDATE', 'SETTINGS', 3, '{\"setting_key\": \"quote_expiry_days\", \"setting_value\": \"7\"}', '{\"setting_key\": \"quote_expiry_days\", \"setting_value\": \"7\"}', '203', NULL, '2025-08-22 23:48:49'),
(160, NULL, 'UPDATE', 'SETTINGS', 4, '{\"setting_key\": \"quote_expiry_notification_days\", \"setting_value\": \"3\"}', '{\"setting_key\": \"quote_expiry_notification_days\", \"setting_value\": \"3\"}', '203', NULL, '2025-08-22 23:48:49'),
(161, NULL, 'UPDATE', 'SETTINGS', 5, '{\"setting_key\": \"low_stock_threshold\", \"setting_value\": \"10\"}', '{\"setting_key\": \"low_stock_threshold\", \"setting_value\": \"10\"}', '203', NULL, '2025-08-22 23:48:49'),
(162, NULL, 'UPDATE', 'SETTINGS', 6, '{\"setting_key\": \"timezone\", \"setting_value\": \"America/New_York\"}', '{\"setting_key\": \"timezone\", \"setting_value\": \"America/New_York\"}', '203', NULL, '2025-08-22 23:48:49'),
(163, NULL, 'UPDATE', 'SETTINGS', 7, '{\"setting_key\": \"available_languages\", \"setting_value\": \"[\\\"es\\\"]\"}', '{\"setting_key\": \"available_languages\", \"setting_value\": \"[\\\"es\\\"]\"}', '203', NULL, '2025-08-22 23:48:49'),
(164, NULL, 'UPDATE', 'SETTINGS', 8, '{\"setting_key\": \"smtp_host\", \"setting_value\": \"\"}', '{\"setting_key\": \"smtp_host\", \"setting_value\": \"\"}', '203', NULL, '2025-08-22 23:48:49'),
(165, NULL, 'UPDATE', 'SETTINGS', 9, '{\"setting_key\": \"smtp_port\", \"setting_value\": \"587\"}', '{\"setting_key\": \"smtp_port\", \"setting_value\": \"587\"}', '203', NULL, '2025-08-22 23:48:49'),
(166, NULL, 'UPDATE', 'SETTINGS', 10, '{\"setting_key\": \"smtp_username\", \"setting_value\": \"\"}', '{\"setting_key\": \"smtp_username\", \"setting_value\": \"\"}', '203', NULL, '2025-08-22 23:48:49'),
(167, NULL, 'UPDATE', 'SETTINGS', 12, '{\"setting_key\": \"smtp_encryption\", \"setting_value\": \"TLS\"}', '{\"setting_key\": \"smtp_encryption\", \"setting_value\": \"TLS\"}', '203', NULL, '2025-08-22 23:48:49'),
(168, NULL, 'UPDATE', 'SETTINGS', 13, '{\"setting_key\": \"from_email\", \"setting_value\": \"\"}', '{\"setting_key\": \"from_email\", \"setting_value\": \"\"}', '203', NULL, '2025-08-22 23:48:49'),
(169, NULL, 'UPDATE', 'SETTINGS', 14, '{\"setting_key\": \"from_name\", \"setting_value\": \"\"}', '{\"setting_key\": \"from_name\", \"setting_value\": \"\"}', '203', NULL, '2025-08-22 23:48:49'),
(170, NULL, 'UPDATE', 'SETTINGS', 15, '{\"setting_key\": \"backup_time\", \"setting_value\": \"02:00:00\"}', '{\"setting_key\": \"backup_time\", \"setting_value\": \"02:00:00\"}', '203', NULL, '2025-08-22 23:48:49'),
(171, NULL, 'UPDATE', 'SETTINGS', 1, '{\"setting_key\": \"company_display_name\", \"setting_value\": \"Entropic Networks Essentials\"}', '{\"setting_key\": \"company_display_name\", \"setting_value\": \"Entropic Networks Essentials\"}', '204', NULL, '2025-08-22 23:48:56'),
(172, NULL, 'UPDATE', 'SETTINGS', 2, '{\"setting_key\": \"default_tax_rate\", \"setting_value\": \"0.00\"}', '{\"setting_key\": \"default_tax_rate\", \"setting_value\": \"0.00\"}', '204', NULL, '2025-08-22 23:48:56'),
(173, NULL, 'UPDATE', 'SETTINGS', 3, '{\"setting_key\": \"quote_expiry_days\", \"setting_value\": \"7\"}', '{\"setting_key\": \"quote_expiry_days\", \"setting_value\": \"7\"}', '204', NULL, '2025-08-22 23:48:56'),
(174, NULL, 'UPDATE', 'SETTINGS', 4, '{\"setting_key\": \"quote_expiry_notification_days\", \"setting_value\": \"3\"}', '{\"setting_key\": \"quote_expiry_notification_days\", \"setting_value\": \"3\"}', '204', NULL, '2025-08-22 23:48:56'),
(175, NULL, 'UPDATE', 'SETTINGS', 5, '{\"setting_key\": \"low_stock_threshold\", \"setting_value\": \"10\"}', '{\"setting_key\": \"low_stock_threshold\", \"setting_value\": \"10\"}', '204', NULL, '2025-08-22 23:48:56'),
(176, NULL, 'UPDATE', 'SETTINGS', 6, '{\"setting_key\": \"timezone\", \"setting_value\": \"America/New_York\"}', '{\"setting_key\": \"timezone\", \"setting_value\": \"America/New_York\"}', '204', NULL, '2025-08-22 23:48:56'),
(177, NULL, 'UPDATE', 'SETTINGS', 7, '{\"setting_key\": \"available_languages\", \"setting_value\": \"[\\\"es\\\"]\"}', '{\"setting_key\": \"available_languages\", \"setting_value\": \"[\\\"es\\\"]\"}', '204', NULL, '2025-08-22 23:48:56'),
(178, NULL, 'UPDATE', 'SETTINGS', 8, '{\"setting_key\": \"smtp_host\", \"setting_value\": \"\"}', '{\"setting_key\": \"smtp_host\", \"setting_value\": \"\"}', '204', NULL, '2025-08-22 23:48:56'),
(179, NULL, 'UPDATE', 'SETTINGS', 9, '{\"setting_key\": \"smtp_port\", \"setting_value\": \"587\"}', '{\"setting_key\": \"smtp_port\", \"setting_value\": \"587\"}', '204', NULL, '2025-08-22 23:48:56'),
(180, NULL, 'UPDATE', 'SETTINGS', 10, '{\"setting_key\": \"smtp_username\", \"setting_value\": \"\"}', '{\"setting_key\": \"smtp_username\", \"setting_value\": \"\"}', '204', NULL, '2025-08-22 23:48:56'),
(181, NULL, 'UPDATE', 'SETTINGS', 12, '{\"setting_key\": \"smtp_encryption\", \"setting_value\": \"TLS\"}', '{\"setting_key\": \"smtp_encryption\", \"setting_value\": \"TLS\"}', '204', NULL, '2025-08-22 23:48:56'),
(182, NULL, 'UPDATE', 'SETTINGS', 13, '{\"setting_key\": \"from_email\", \"setting_value\": \"\"}', '{\"setting_key\": \"from_email\", \"setting_value\": \"\"}', '204', NULL, '2025-08-22 23:48:56'),
(183, NULL, 'UPDATE', 'SETTINGS', 14, '{\"setting_key\": \"from_name\", \"setting_value\": \"\"}', '{\"setting_key\": \"from_name\", \"setting_value\": \"\"}', '204', NULL, '2025-08-22 23:48:56'),
(184, NULL, 'UPDATE', 'SETTINGS', 15, '{\"setting_key\": \"backup_time\", \"setting_value\": \"02:00:00\"}', '{\"setting_key\": \"backup_time\", \"setting_value\": \"02:00:00\"}', '204', NULL, '2025-08-22 23:48:56'),
(185, 2, 'UPDATE', 'USER', 2, '{\"username\": \"leon\", \"email\": \"itbkup24@gmail.com\", \"language\": \"es\"}', '{\"username\": \"leon\", \"email\": \"itbkup24@gmail.com\", \"language\": \"es\"}', '300', NULL, '2025-08-23 00:36:36'),
(186, 2, 'UPDATE', 'USER', 2, '{\"username\": \"leon\", \"email\": \"itbkup24@gmail.com\", \"language\": \"es\"}', '{\"username\": \"leon\", \"email\": \"itbkup24@gmail.com\", \"language\": \"es\"}', '300', NULL, '2025-08-23 00:36:36'),
(187, 2, 'UPDATE', 'USER', 2, '{\"username\": \"leon\", \"email\": \"itbkup24@gmail.com\", \"language\": \"es\"}', '{\"username\": \"leon\", \"email\": \"itbkup24@gmail.com\", \"language\": \"es\"}', '24', NULL, '2025-08-23 11:13:49'),
(188, 2, 'UPDATE', 'USER', 2, '{\"username\": \"leon\", \"email\": \"itbkup24@gmail.com\", \"language\": \"es\"}', '{\"username\": \"leon\", \"email\": \"itbkup24@gmail.com\", \"language\": \"es\"}', '25', NULL, '2025-08-23 11:13:54'),
(189, 2, 'UPDATE', 'USER', 2, '{\"username\": \"leon\", \"email\": \"itbkup24@gmail.com\", \"language\": \"es\"}', '{\"username\": \"leon\", \"email\": \"itbkup24@gmail.com\", \"language\": \"es\"}', '25', NULL, '2025-08-23 11:13:54'),
(190, 2, 'UPDATE', 'USER', 2, '{\"username\": \"leon\", \"email\": \"itbkup24@gmail.com\", \"language\": \"es\"}', '{\"username\": \"leon\", \"email\": \"itbkup24@gmail.com\", \"language\": \"es\"}', '137', NULL, '2025-08-23 20:18:19'),
(191, 2, 'UPDATE', 'USER', 2, '{\"username\": \"leon\", \"email\": \"itbkup24@gmail.com\", \"language\": \"es\"}', '{\"username\": \"leon\", \"email\": \"itbkup24@gmail.com\", \"language\": \"es\"}', '138', NULL, '2025-08-23 20:18:24'),
(192, 2, 'UPDATE', 'USER', 2, '{\"username\": \"leon\", \"email\": \"itbkup24@gmail.com\", \"language\": \"es\"}', '{\"username\": \"leon\", \"email\": \"itbkup24@gmail.com\", \"language\": \"es\"}', '138', NULL, '2025-08-23 20:18:24'),
(193, 2, 'UPDATE', 'USER', 2, '{\"username\": \"leon\", \"email\": \"itbkup24@gmail.com\", \"language\": \"es\"}', '{\"username\": \"leon\", \"email\": \"itbkup24@gmail.com\", \"language\": \"es\"}', '167', NULL, '2025-08-23 21:15:33'),
(194, 2, 'UPDATE', 'USER', 2, '{\"username\": \"leon\", \"email\": \"itbkup24@gmail.com\", \"language\": \"es\"}', '{\"username\": \"leon\", \"email\": \"itbkup24@gmail.com\", \"language\": \"es\"}', '167', NULL, '2025-08-23 21:15:33'),
(195, 3, 'UPDATE', 'USER', 3, '{\"username\": \"anderson\", \"email\": \"anderson@local.com\", \"language\": \"es\"}', '{\"username\": \"anderson\", \"email\": \"anderson@local.com\", \"language\": \"es\"}', '169', NULL, '2025-08-23 21:15:42'),
(196, 3, 'UPDATE', 'USER', 3, '{\"username\": \"anderson\", \"email\": \"anderson@local.com\", \"language\": \"es\"}', '{\"username\": \"anderson\", \"email\": \"anderson@local.com\", \"language\": \"es\"}', '171', NULL, '2025-08-23 21:15:57'),
(197, 3, 'UPDATE', 'USER', 3, '{\"username\": \"anderson\", \"email\": \"anderson@local.com\", \"language\": \"es\"}', '{\"username\": \"anderson\", \"email\": \"anderson@local.com\", \"language\": \"es\"}', '173', NULL, '2025-08-23 21:16:10'),
(198, 3, 'UPDATE', 'USER', 3, '{\"username\": \"anderson\", \"email\": \"anderson@local.com\", \"language\": \"es\"}', '{\"username\": \"anderson\", \"email\": \"anderson@local.com\", \"language\": \"es\"}', '178', NULL, '2025-08-23 21:16:38'),
(199, 3, 'UPDATE', 'USER', 3, '{\"username\": \"anderson\", \"email\": \"anderson@local.com\", \"language\": \"es\"}', '{\"username\": \"anderson\", \"email\": \"anderson@local.com\", \"language\": \"es\"}', '180', NULL, '2025-08-23 21:16:53'),
(200, 3, 'UPDATE', 'USER', 3, '{\"username\": \"anderson\", \"email\": \"anderson@local.com\", \"language\": \"es\"}', '{\"username\": \"anderson\", \"email\": \"anderson@local.com\", \"language\": \"es\"}', '182', NULL, '2025-08-23 21:17:10'),
(201, 2, 'UPDATE', 'USER', 2, '{\"username\": \"leon\", \"email\": \"itbkup24@gmail.com\", \"language\": \"es\"}', '{\"username\": \"leon\", \"email\": \"itbkup24@gmail.com\", \"language\": \"es\"}', '183', NULL, '2025-08-23 21:17:18'),
(202, 2, 'UPDATE', 'USER', 2, '{\"username\": \"leon\", \"email\": \"itbkup24@gmail.com\", \"language\": \"es\"}', '{\"username\": \"leon\", \"email\": \"itbkup24@gmail.com\", \"language\": \"es\"}', '184', NULL, '2025-08-23 21:17:25'),
(203, 2, 'UPDATE', 'USER', 2, '{\"username\": \"leon\", \"email\": \"itbkup24@gmail.com\", \"language\": \"es\"}', '{\"username\": \"leon\", \"email\": \"itbkup24@gmail.com\", \"language\": \"es\"}', '184', NULL, '2025-08-23 21:17:25'),
(204, 3, 'UPDATE', 'USER', 3, '{\"username\": \"anderson\", \"email\": \"anderson@local.com\", \"language\": \"es\"}', '{\"username\": \"anderson\", \"email\": \"anderson@local.com\", \"language\": \"es\"}', '186', NULL, '2025-08-23 21:17:35'),
(205, 3, 'UPDATE', 'USER', 3, '{\"username\": \"anderson\", \"email\": \"anderson@local.com\", \"language\": \"es\"}', '{\"username\": \"anderson\", \"email\": \"anderson@local.com\", \"language\": \"es\"}', '188', NULL, '2025-08-23 21:17:48'),
(206, 3, 'UPDATE', 'USER', 3, '{\"username\": \"anderson\", \"email\": \"anderson@local.com\", \"language\": \"es\"}', '{\"username\": \"anderson\", \"email\": \"anderson@local.com\", \"language\": \"es\"}', '189', NULL, '2025-08-23 21:17:52'),
(207, 2, 'UPDATE', 'USER', 2, '{\"username\": \"leon\", \"email\": \"itbkup24@gmail.com\", \"language\": \"es\"}', '{\"username\": \"leon\", \"email\": \"itbkup24@gmail.com\", \"language\": \"es\"}', '191', NULL, '2025-08-23 21:18:07'),
(208, 2, 'UPDATE', 'USER', 2, '{\"username\": \"leon\", \"email\": \"itbkup24@gmail.com\", \"language\": \"es\"}', '{\"username\": \"leon\", \"email\": \"itbkup24@gmail.com\", \"language\": \"es\"}', '191', NULL, '2025-08-23 21:18:07'),
(209, 3, 'UPDATE', 'USER', 3, '{\"username\": \"anderson\", \"email\": \"anderson@local.com\", \"language\": \"es\"}', '{\"username\": \"anderson\", \"email\": \"anderson@local.com\", \"language\": \"es\"}', '196', NULL, '2025-08-23 21:18:32'),
(210, 3, 'UPDATE', 'USER', 3, '{\"username\": \"anderson\", \"email\": \"anderson@local.com\", \"language\": \"es\"}', '{\"username\": \"anderson\", \"email\": \"anderson@local.com\", \"language\": \"es\"}', '197', NULL, '2025-08-23 21:18:42'),
(211, 3, 'UPDATE', 'USER', 3, '{\"username\": \"anderson\", \"email\": \"anderson@local.com\", \"language\": \"es\"}', '{\"username\": \"anderson\", \"email\": \"anderson@local.com\", \"language\": \"es\"}', '199', NULL, '2025-08-23 21:19:06'),
(212, 3, 'UPDATE', 'USER', 3, '{\"username\": \"anderson\", \"email\": \"anderson@local.com\", \"language\": \"es\"}', '{\"username\": \"anderson\", \"email\": \"anderson@local.com\", \"language\": \"es\"}', '199', NULL, '2025-08-23 21:19:06'),
(213, 3, 'UPDATE', 'USER', 3, '{\"username\": \"anderson\", \"email\": \"anderson@local.com\", \"language\": \"es\"}', '{\"username\": \"anderson\", \"email\": \"anderson@local.com\", \"language\": \"es\"}', '202', NULL, '2025-08-23 21:19:23'),
(214, 2, 'UPDATE', 'USER', 2, '{\"username\": \"leon\", \"email\": \"itbkup24@gmail.com\", \"language\": \"es\"}', '{\"username\": \"leon\", \"email\": \"itbkup24@gmail.com\", \"language\": \"es\"}', '212', NULL, '2025-08-23 21:19:44'),
(215, 2, 'UPDATE', 'USER', 2, '{\"username\": \"leon\", \"email\": \"itbkup24@gmail.com\", \"language\": \"es\"}', '{\"username\": \"leon\", \"email\": \"itbkup24@gmail.com\", \"language\": \"es\"}', '212', NULL, '2025-08-23 21:19:44'),
(216, 4, 'INSERT', 'USER', 4, NULL, '{\"username\": \"ggaleano\", \"email\": \"galeano@local.com\"}', '215', NULL, '2025-08-23 21:20:25'),
(217, 3, 'UPDATE', 'USER', 3, '{\"username\": \"anderson\", \"email\": \"anderson@local.com\", \"language\": \"es\"}', '{\"username\": \"janderson\", \"email\": \"anderson@local.com\", \"language\": \"es\"}', '219', NULL, '2025-08-23 21:20:46'),
(218, 2, 'UPDATE', 'USER', 2, '{\"username\": \"leon\", \"email\": \"itbkup24@gmail.com\", \"language\": \"es\"}', '{\"username\": \"aleon\", \"email\": \"itbkup24@gmail.com\", \"language\": \"es\"}', '222', NULL, '2025-08-23 21:20:59'),
(219, 2, 'UPDATE', 'USER', 2, '{\"username\": \"aleon\", \"email\": \"itbkup24@gmail.com\", \"language\": \"es\"}', '{\"username\": \"aleon\", \"email\": \"itbkup24@gmail.com\", \"language\": \"es\"}', '225', NULL, '2025-08-23 21:21:14'),
(220, 2, 'UPDATE', 'USER', 2, '{\"username\": \"aleon\", \"email\": \"itbkup24@gmail.com\", \"language\": \"es\"}', '{\"username\": \"aleon\", \"email\": \"itbkup24@gmail.com\", \"language\": \"es\"}', '225', NULL, '2025-08-23 21:21:14'),
(221, 4, 'UPDATE', 'USER', 4, '{\"username\": \"ggaleano\", \"email\": \"galeano@local.com\", \"language\": \"es\"}', '{\"username\": \"ggaleano\", \"email\": \"galeano@local.com\", \"language\": \"es\"}', '227', NULL, '2025-08-23 21:21:24'),
(222, 4, 'UPDATE', 'USER', 4, '{\"username\": \"ggaleano\", \"email\": \"galeano@local.com\", \"language\": \"es\"}', '{\"username\": \"ggaleano\", \"email\": \"galeano@local.com\", \"language\": \"es\"}', '227', NULL, '2025-08-23 21:21:24'),
(223, 2, 'UPDATE', 'USER', 2, '{\"username\": \"aleon\", \"email\": \"itbkup24@gmail.com\", \"language\": \"es\"}', '{\"username\": \"aleon\", \"email\": \"itbkup24@gmail.com\", \"language\": \"es\"}', '232', NULL, '2025-08-23 21:21:42'),
(224, 2, 'UPDATE', 'USER', 2, '{\"username\": \"aleon\", \"email\": \"itbkup24@gmail.com\", \"language\": \"es\"}', '{\"username\": \"aleon\", \"email\": \"itbkup24@gmail.com\", \"language\": \"es\"}', '232', NULL, '2025-08-23 21:21:42'),
(225, NULL, 'UPDATE', 'SETTINGS', 1, '{\"setting_key\": \"company_display_name\", \"setting_value\": \"Entropic Networks Essentials\"}', '{\"setting_key\": \"company_display_name\", \"setting_value\": \"Entropic Networks\"}', '269', NULL, '2025-08-23 21:53:40'),
(226, 3, 'UPDATE', 'USER', 3, '{\"username\": \"janderson\", \"email\": \"anderson@local.com\", \"language\": \"es\"}', '{\"username\": \"janderson\", \"email\": \"anderson@local.com\", \"language\": \"es\"}', '366', NULL, '2025-08-24 11:22:07'),
(227, 2, 'UPDATE', 'USER', 2, '{\"username\": \"aleon\", \"email\": \"itbkup24@gmail.com\", \"language\": \"es\"}', '{\"username\": \"aleon\", \"email\": \"itbkup24@gmail.com\", \"language\": \"es\"}', '9', NULL, '2025-08-24 11:22:53');
INSERT INTO `audit_logs` (`audit_id`, `user_id`, `action`, `entity_type`, `entity_id`, `old_value`, `new_value`, `ip_address`, `user_agent`, `created_at`) VALUES
(228, 2, 'UPDATE', 'USER', 2, '{\"username\": \"aleon\", \"email\": \"itbkup24@gmail.com\", \"language\": \"es\"}', '{\"username\": \"aleon\", \"email\": \"itbkup24@gmail.com\", \"language\": \"es\"}', '9', NULL, '2025-08-24 11:22:53'),
(229, 2, 'UPDATE', 'USER', 2, '{\"username\": \"aleon\", \"email\": \"itbkup24@gmail.com\", \"language\": \"es\"}', '{\"username\": \"aleon\", \"email\": \"itbkup24@gmail.com\", \"language\": \"es\"}', '298', NULL, '2025-08-24 20:36:17'),
(230, 2, 'UPDATE', 'USER', 2, '{\"username\": \"aleon\", \"email\": \"itbkup24@gmail.com\", \"language\": \"es\"}', '{\"username\": \"aleon\", \"email\": \"itbkup24@gmail.com\", \"language\": \"es\"}', '298', NULL, '2025-08-24 20:36:17'),
(231, 2, 'UPDATE', 'USER', 2, '{\"username\": \"aleon\", \"email\": \"itbkup24@gmail.com\", \"language\": \"es\"}', '{\"username\": \"aleon\", \"email\": \"itbkup24@gmail.com\", \"language\": \"es\"}', '362', NULL, '2025-08-25 08:50:21'),
(232, 2, 'UPDATE', 'USER', 2, '{\"username\": \"aleon\", \"email\": \"itbkup24@gmail.com\", \"language\": \"es\"}', '{\"username\": \"aleon\", \"email\": \"itbkup24@gmail.com\", \"language\": \"es\"}', '363', NULL, '2025-08-25 08:50:27'),
(233, 2, 'UPDATE', 'USER', 2, '{\"username\": \"aleon\", \"email\": \"itbkup24@gmail.com\", \"language\": \"es\"}', '{\"username\": \"aleon\", \"email\": \"itbkup24@gmail.com\", \"language\": \"es\"}', '363', NULL, '2025-08-25 08:50:27'),
(234, 3, 'UPDATE', 'USER', 3, '{\"username\": \"janderson\", \"email\": \"anderson@local.com\", \"language\": \"es\"}', '{\"username\": \"janderson\", \"email\": \"anderson@local.com\", \"language\": \"es\"}', '366', NULL, '2025-08-25 08:50:53'),
(235, 3, 'UPDATE', 'USER', 3, '{\"username\": \"janderson\", \"email\": \"anderson@local.com\", \"language\": \"es\"}', '{\"username\": \"janderson\", \"email\": \"anderson@local.com\", \"language\": \"es\"}', '367', NULL, '2025-08-25 08:50:57'),
(236, 3, 'UPDATE', 'USER', 3, '{\"username\": \"janderson\", \"email\": \"anderson@local.com\", \"language\": \"es\"}', '{\"username\": \"janderson\", \"email\": \"anderson@local.com\", \"language\": \"es\"}', '368', NULL, '2025-08-25 08:51:07'),
(237, 3, 'UPDATE', 'USER', 3, '{\"username\": \"janderson\", \"email\": \"anderson@local.com\", \"language\": \"es\"}', '{\"username\": \"janderson\", \"email\": \"anderson@local.com\", \"language\": \"es\"}', '370', NULL, '2025-08-25 08:51:17'),
(238, 3, 'UPDATE', 'USER', 3, '{\"username\": \"janderson\", \"email\": \"anderson@local.com\", \"language\": \"es\"}', '{\"username\": \"janderson\", \"email\": \"anderson@local.com\", \"language\": \"es\"}', '371', NULL, '2025-08-25 08:51:26'),
(239, 3, 'UPDATE', 'USER', 3, '{\"username\": \"janderson\", \"email\": \"anderson@local.com\", \"language\": \"es\"}', '{\"username\": \"janderson\", \"email\": \"anderson@local.com\", \"language\": \"es\"}', '371', NULL, '2025-08-25 08:51:26'),
(240, 3, 'UPDATE', 'USER', 3, '{\"username\": \"janderson\", \"email\": \"anderson@local.com\", \"language\": \"es\"}', '{\"username\": \"janderson\", \"email\": \"anderson@local.com\", \"language\": \"es\"}', '428', NULL, '2025-08-25 09:08:28'),
(241, 2, 'UPDATE', 'USER', 2, '{\"username\": \"aleon\", \"email\": \"itbkup24@gmail.com\", \"language\": \"es\"}', '{\"username\": \"aleon\", \"email\": \"itbkup24@gmail.com\", \"language\": \"es\"}', '10', NULL, '2025-08-26 22:40:47'),
(242, 2, 'UPDATE', 'USER', 2, '{\"username\": \"aleon\", \"email\": \"itbkup24@gmail.com\", \"language\": \"es\"}', '{\"username\": \"aleon\", \"email\": \"itbkup24@gmail.com\", \"language\": \"es\"}', '10', NULL, '2025-08-26 22:40:47'),
(243, 2, 'UPDATE', 'USER', 2, '{\"username\": \"aleon\", \"email\": \"itbkup24@gmail.com\", \"language\": \"es\"}', '{\"username\": \"aleon\", \"email\": \"itbkup24@gmail.com\", \"language\": \"es\"}', '21', NULL, '2025-08-26 22:49:52'),
(244, 2, 'UPDATE', 'USER', 2, '{\"username\": \"aleon\", \"email\": \"itbkup24@gmail.com\", \"language\": \"es\"}', '{\"username\": \"aleon\", \"email\": \"itbkup24@gmail.com\", \"language\": \"es\"}', '25', NULL, '2025-08-26 22:50:08'),
(245, 2, 'UPDATE', 'USER', 2, '{\"username\": \"aleon\", \"email\": \"itbkup24@gmail.com\", \"language\": \"es\"}', '{\"username\": \"aleon\", \"email\": \"itbkup24@gmail.com\", \"language\": \"es\"}', '25', NULL, '2025-08-26 22:50:08'),
(246, 3, 'UPDATE', 'USER', 3, '{\"username\": \"janderson\", \"email\": \"anderson@local.com\", \"language\": \"es\"}', '{\"username\": \"janderson\", \"email\": \"anderson@local.com\", \"language\": \"es\"}', '29', NULL, '2025-08-26 22:50:42'),
(247, 3, 'UPDATE', 'USER', 3, '{\"username\": \"janderson\", \"email\": \"anderson@local.com\", \"language\": \"es\"}', '{\"username\": \"janderson\", \"email\": \"anderson@local.com\", \"language\": \"es\"}', '30', NULL, '2025-08-26 22:50:47'),
(248, 3, 'UPDATE', 'USER', 3, '{\"username\": \"janderson\", \"email\": \"anderson@local.com\", \"language\": \"es\"}', '{\"username\": \"janderson\", \"email\": \"anderson@local.com\", \"language\": \"es\"}', '31', NULL, '2025-08-26 22:50:56'),
(249, 3, 'UPDATE', 'USER', 3, '{\"username\": \"janderson\", \"email\": \"anderson@local.com\", \"language\": \"es\"}', '{\"username\": \"janderson\", \"email\": \"anderson@local.com\", \"language\": \"es\"}', '43', NULL, '2025-08-26 22:51:50'),
(250, 3, 'UPDATE', 'USER', 3, '{\"username\": \"janderson\", \"email\": \"anderson@local.com\", \"language\": \"es\"}', '{\"username\": \"janderson\", \"email\": \"anderson@local.com\", \"language\": \"es\"}', '45', NULL, '2025-08-26 22:52:12'),
(251, 3, 'UPDATE', 'USER', 3, '{\"username\": \"janderson\", \"email\": \"anderson@local.com\", \"language\": \"es\"}', '{\"username\": \"janderson\", \"email\": \"anderson@local.com\", \"language\": \"es\"}', '45', NULL, '2025-08-26 22:52:12'),
(252, 3, 'UPDATE', 'USER', 3, '{\"username\": \"janderson\", \"email\": \"anderson@local.com\", \"language\": \"es\"}', '{\"username\": \"janderson\", \"email\": \"anderson@local.com\", \"language\": \"es\"}', '48', NULL, '2025-08-26 22:52:27'),
(253, 4, 'UPDATE', 'USER', 4, '{\"username\": \"ggaleano\", \"email\": \"galeano@local.com\", \"language\": \"es\"}', '{\"username\": \"ggaleano\", \"email\": \"galeano@local.com\", \"language\": \"es\"}', '57', NULL, '2025-08-26 22:52:57'),
(254, 3, 'UPDATE', 'USER', 3, '{\"username\": \"janderson\", \"email\": \"anderson@local.com\", \"language\": \"es\"}', '{\"username\": \"janderson\", \"email\": \"anderson@local.com\", \"language\": \"es\"}', '60', NULL, '2025-08-26 22:53:15'),
(255, 3, 'UPDATE', 'USER', 3, '{\"username\": \"janderson\", \"email\": \"anderson@local.com\", \"language\": \"es\"}', '{\"username\": \"janderson\", \"email\": \"anderson@local.com\", \"language\": \"es\"}', '62', NULL, '2025-08-26 22:53:38'),
(256, 3, 'UPDATE', 'USER', 3, '{\"username\": \"janderson\", \"email\": \"anderson@local.com\", \"language\": \"es\"}', '{\"username\": \"janderson\", \"email\": \"anderson@local.com\", \"language\": \"es\"}', '63', NULL, '2025-08-26 22:53:45'),
(257, 4, 'UPDATE', 'USER', 4, '{\"username\": \"ggaleano\", \"email\": \"galeano@local.com\", \"language\": \"es\"}', '{\"username\": \"ggaleano\", \"email\": \"galeano@local.com\", \"language\": \"es\"}', '66', NULL, '2025-08-26 22:54:03'),
(258, 4, 'UPDATE', 'USER', 4, '{\"username\": \"ggaleano\", \"email\": \"galeano@local.com\", \"language\": \"es\"}', '{\"username\": \"ggaleano\", \"email\": \"galeano@local.com\", \"language\": \"es\"}', '68', NULL, '2025-08-26 22:54:12'),
(259, 4, 'UPDATE', 'USER', 4, '{\"username\": \"ggaleano\", \"email\": \"galeano@local.com\", \"language\": \"es\"}', '{\"username\": \"ggaleano\", \"email\": \"galeano@local.com\", \"language\": \"es\"}', '69', NULL, '2025-08-26 22:55:13'),
(260, 3, 'UPDATE', 'USER', 3, '{\"username\": \"janderson\", \"email\": \"anderson@local.com\", \"language\": \"es\"}', '{\"username\": \"janderson\", \"email\": \"anderson@local.com\", \"language\": \"es\"}', '74', NULL, '2025-08-26 22:57:26'),
(261, 4, 'UPDATE', 'USER', 4, '{\"username\": \"ggaleano\", \"email\": \"galeano@local.com\", \"language\": \"es\"}', '{\"username\": \"ggaleano\", \"email\": \"galeano@local.com\", \"language\": \"es\"}', '80', NULL, '2025-08-26 23:03:41'),
(262, 4, 'UPDATE', 'USER', 4, '{\"username\": \"ggaleano\", \"email\": \"galeano@local.com\", \"language\": \"es\"}', '{\"username\": \"ggaleano\", \"email\": \"galeano@local.com\", \"language\": \"es\"}', '82', NULL, '2025-08-26 23:03:48'),
(263, 4, 'UPDATE', 'USER', 4, '{\"username\": \"ggaleano\", \"email\": \"galeano@local.com\", \"language\": \"es\"}', '{\"username\": \"ggaleano\", \"email\": \"galeano@local.com\", \"language\": \"es\"}', '87', NULL, '2025-08-26 23:04:24'),
(264, 4, 'UPDATE', 'USER', 4, '{\"username\": \"ggaleano\", \"email\": \"galeano@local.com\", \"language\": \"es\"}', '{\"username\": \"ggaleano\", \"email\": \"galeano@local.com\", \"language\": \"es\"}', '88', NULL, '2025-08-26 23:04:30'),
(265, 2, 'UPDATE', 'USER', 2, '{\"username\": \"aleon\", \"email\": \"itbkup24@gmail.com\", \"language\": \"es\"}', '{\"username\": \"aleon\", \"email\": \"itbkup24@gmail.com\", \"language\": \"es\"}', '116', NULL, '2025-08-26 23:17:32'),
(266, 2, 'UPDATE', 'USER', 2, '{\"username\": \"aleon\", \"email\": \"itbkup24@gmail.com\", \"language\": \"es\"}', '{\"username\": \"aleon\", \"email\": \"itbkup24@gmail.com\", \"language\": \"es\"}', '116', NULL, '2025-08-26 23:17:32'),
(267, 4, 'UPDATE', 'USER', 4, '{\"username\": \"ggaleano\", \"email\": \"galeano@local.com\", \"language\": \"es\"}', '{\"username\": \"ggaleano\", \"email\": \"galeano@local.com\", \"language\": \"es\"}', '146', NULL, '2025-08-26 23:20:32'),
(268, 4, 'UPDATE', 'USER', 4, '{\"username\": \"ggaleano\", \"email\": \"galeano@local.com\", \"language\": \"es\"}', '{\"username\": \"ggaleano\", \"email\": \"galeano@local.com\", \"language\": \"es\"}', '147', NULL, '2025-08-26 23:20:35'),
(269, 4, 'UPDATE', 'USER', 4, '{\"username\": \"ggaleano\", \"email\": \"galeano@local.com\", \"language\": \"es\"}', '{\"username\": \"ggaleano\", \"email\": \"galeano@local.com\", \"language\": \"es\"}', '219', NULL, '2025-08-26 23:32:49'),
(270, 5, 'INSERT', 'USER', 5, NULL, '{\"username\": \"fluna\", \"email\": \"lunaleon@local.com\"}', '221', NULL, '2025-08-26 23:33:48'),
(271, 5, 'UPDATE', 'USER', 5, '{\"username\": \"fluna\", \"email\": \"lunaleon@local.com\", \"language\": \"es\"}', '{\"username\": \"fluna\", \"email\": \"lunaleon@local.com\", \"language\": \"es\"}', '223', NULL, '2025-08-26 23:33:55'),
(272, 2, 'UPDATE', 'USER', 2, '{\"username\": \"aleon\", \"email\": \"itbkup24@gmail.com\", \"language\": \"es\"}', '{\"username\": \"aleon\", \"email\": \"itbkup24@gmail.com\", \"language\": \"es\"}', '306', NULL, '2025-08-27 09:25:23'),
(273, 2, 'UPDATE', 'USER', 2, '{\"username\": \"aleon\", \"email\": \"itbkup24@gmail.com\", \"language\": \"es\"}', '{\"username\": \"aleon\", \"email\": \"itbkup24@gmail.com\", \"language\": \"es\"}', '307', NULL, '2025-08-27 09:25:29'),
(274, 2, 'UPDATE', 'USER', 2, '{\"username\": \"aleon\", \"email\": \"itbkup24@gmail.com\", \"language\": \"es\"}', '{\"username\": \"aleon\", \"email\": \"itbkup24@gmail.com\", \"language\": \"es\"}', '308', NULL, '2025-08-27 09:25:37'),
(275, 2, 'UPDATE', 'USER', 2, '{\"username\": \"aleon\", \"email\": \"itbkup24@gmail.com\", \"language\": \"es\"}', '{\"username\": \"aleon\", \"email\": \"itbkup24@gmail.com\", \"language\": \"es\"}', '308', NULL, '2025-08-27 09:25:37'),
(276, 2, 'UPDATE', 'USER', 2, '{\"username\": \"aleon\", \"email\": \"itbkup24@gmail.com\", \"language\": \"es\"}', '{\"username\": \"aleon\", \"email\": \"itbkup24@gmail.com\", \"language\": \"es\"}', '352', NULL, '2025-08-27 11:20:41'),
(277, 2, 'UPDATE', 'USER', 2, '{\"username\": \"aleon\", \"email\": \"itbkup24@gmail.com\", \"language\": \"es\"}', '{\"username\": \"aleon\", \"email\": \"itbkup24@gmail.com\", \"language\": \"es\"}', '352', NULL, '2025-08-27 11:20:41'),
(278, 2, 'UPDATE', 'USER', 2, '{\"username\": \"aleon\", \"email\": \"itbkup24@gmail.com\", \"language\": \"es\"}', '{\"username\": \"aleon\", \"email\": \"itbkup24@gmail.com\", \"language\": \"es\"}', '360', NULL, '2025-08-27 22:05:39'),
(279, 2, 'UPDATE', 'USER', 2, '{\"username\": \"aleon\", \"email\": \"itbkup24@gmail.com\", \"language\": \"es\"}', '{\"username\": \"aleon\", \"email\": \"itbkup24@gmail.com\", \"language\": \"es\"}', '361', NULL, '2025-08-27 22:05:44'),
(280, 2, 'UPDATE', 'USER', 2, '{\"username\": \"aleon\", \"email\": \"itbkup24@gmail.com\", \"language\": \"es\"}', '{\"username\": \"aleon\", \"email\": \"itbkup24@gmail.com\", \"language\": \"es\"}', '361', NULL, '2025-08-27 22:05:44'),
(281, 2, 'UPDATE', 'USER', 2, '{\"username\": \"aleon\", \"email\": \"itbkup24@gmail.com\", \"language\": \"es\"}', '{\"username\": \"aleon\", \"email\": \"itbkup24@gmail.com\", \"language\": \"es\"}', '399', NULL, '2025-08-28 23:07:36'),
(282, 2, 'UPDATE', 'USER', 2, '{\"username\": \"aleon\", \"email\": \"itbkup24@gmail.com\", \"language\": \"es\"}', '{\"username\": \"aleon\", \"email\": \"itbkup24@gmail.com\", \"language\": \"es\"}', '400', NULL, '2025-08-28 23:07:41'),
(283, 2, 'UPDATE', 'USER', 2, '{\"username\": \"aleon\", \"email\": \"itbkup24@gmail.com\", \"language\": \"es\"}', '{\"username\": \"aleon\", \"email\": \"itbkup24@gmail.com\", \"language\": \"es\"}', '400', NULL, '2025-08-28 23:07:41'),
(284, 3, 'UPDATE', 'USER', 3, '{\"username\": \"janderson\", \"email\": \"anderson@local.com\", \"language\": \"es\"}', '{\"username\": \"janderson\", \"email\": \"anderson@local.com\", \"language\": \"es\"}', '510', NULL, '2025-08-29 00:08:28'),
(285, 3, 'UPDATE', 'USER', 3, '{\"username\": \"janderson\", \"email\": \"anderson@local.com\", \"language\": \"es\"}', '{\"username\": \"janderson\", \"email\": \"anderson@local.com\", \"language\": \"es\"}', '511', NULL, '2025-08-29 00:08:39'),
(286, 3, 'UPDATE', 'USER', 3, '{\"username\": \"janderson\", \"email\": \"anderson@local.com\", \"language\": \"es\"}', '{\"username\": \"janderson\", \"email\": \"anderson@local.com\", \"language\": \"es\"}', '511', NULL, '2025-08-29 00:08:39'),
(287, 3, 'UPDATE', 'USER', 3, '{\"username\": \"janderson\", \"email\": \"anderson@local.com\", \"language\": \"es\"}', '{\"username\": \"janderson\", \"email\": \"anderson@local.com\", \"language\": \"es\"}', '514', NULL, '2025-08-29 00:08:54'),
(288, 3, 'UPDATE', 'USER', 3, '{\"username\": \"janderson\", \"email\": \"anderson@local.com\", \"language\": \"es\"}', '{\"username\": \"janderson\", \"email\": \"anderson@local.com\", \"language\": \"es\"}', '515', NULL, '2025-08-29 00:09:02'),
(289, 3, 'UPDATE', 'USER', 3, '{\"username\": \"janderson\", \"email\": \"anderson@local.com\", \"language\": \"es\"}', '{\"username\": \"janderson\", \"email\": \"anderson@local.com\", \"language\": \"es\"}', '580', NULL, '2025-08-29 08:43:35'),
(290, 3, 'UPDATE', 'USER', 3, '{\"username\": \"janderson\", \"email\": \"anderson@local.com\", \"language\": \"es\"}', '{\"username\": \"janderson\", \"email\": \"anderson@local.com\", \"language\": \"es\"}', '580', NULL, '2025-08-29 08:43:35'),
(291, 2, 'UPDATE', 'USER', 2, '{\"username\": \"aleon\", \"email\": \"itbkup24@gmail.com\", \"language\": \"es\"}', '{\"username\": \"aleon\", \"email\": \"itbkup24@gmail.com\", \"language\": \"es\"}', '594', NULL, '2025-08-29 08:49:13'),
(292, 2, 'UPDATE', 'USER', 2, '{\"username\": \"aleon\", \"email\": \"itbkup24@gmail.com\", \"language\": \"es\"}', '{\"username\": \"aleon\", \"email\": \"itbkup24@gmail.com\", \"language\": \"es\"}', '595', NULL, '2025-08-29 08:49:20'),
(293, 2, 'UPDATE', 'USER', 2, '{\"username\": \"aleon\", \"email\": \"itbkup24@gmail.com\", \"language\": \"es\"}', '{\"username\": \"aleon\", \"email\": \"itbkup24@gmail.com\", \"language\": \"es\"}', '595', NULL, '2025-08-29 08:49:20'),
(294, 4, 'UPDATE', 'USER', 4, '{\"username\": \"ggaleano\", \"email\": \"galeano@local.com\", \"language\": \"es\"}', '{\"username\": \"ggaleano\", \"email\": \"galeano@local.com\", \"language\": \"es\"}', '622', NULL, '2025-08-29 09:02:32'),
(295, 2, 'UPDATE', 'USER', 2, '{\"username\": \"aleon\", \"email\": \"itbkup24@gmail.com\", \"language\": \"es\"}', '{\"username\": \"aleon\", \"email\": \"itbkup24@gmail.com\", \"language\": \"es\"}', '629', NULL, '2025-08-29 09:03:24'),
(296, 2, 'UPDATE', 'USER', 2, '{\"username\": \"aleon\", \"email\": \"itbkup24@gmail.com\", \"language\": \"es\"}', '{\"username\": \"aleon\", \"email\": \"itbkup24@gmail.com\", \"language\": \"es\"}', '630', NULL, '2025-08-29 09:03:30'),
(297, 2, 'UPDATE', 'USER', 2, '{\"username\": \"aleon\", \"email\": \"itbkup24@gmail.com\", \"language\": \"es\"}', '{\"username\": \"aleon\", \"email\": \"itbkup24@gmail.com\", \"language\": \"es\"}', '630', NULL, '2025-08-29 09:03:30'),
(298, 4, 'UPDATE', 'USER', 4, '{\"username\": \"ggaleano\", \"email\": \"galeano@local.com\", \"language\": \"es\"}', '{\"username\": \"ggaleano\", \"email\": \"galeano@local.com\", \"language\": \"es\"}', '637', NULL, '2025-08-29 09:03:58'),
(299, 4, 'UPDATE', 'USER', 4, '{\"username\": \"ggaleano\", \"email\": \"galeano@local.com\", \"language\": \"es\"}', '{\"username\": \"ggaleano\", \"email\": \"galeano@local.com\", \"language\": \"es\"}', '637', NULL, '2025-08-29 09:03:58'),
(300, 2, 'UPDATE', 'USER', 2, '{\"username\": \"aleon\", \"email\": \"itbkup24@gmail.com\", \"language\": \"es\"}', '{\"username\": \"aleon\", \"email\": \"itbkup24@gmail.com\", \"language\": \"es\"}', '659', NULL, '2025-08-29 13:17:19'),
(301, 2, 'UPDATE', 'USER', 2, '{\"username\": \"aleon\", \"email\": \"itbkup24@gmail.com\", \"language\": \"es\"}', '{\"username\": \"aleon\", \"email\": \"itbkup24@gmail.com\", \"language\": \"es\"}', '659', NULL, '2025-08-29 13:17:19'),
(302, NULL, 'UPDATE', 'SETTINGS', 13, '{\"setting_key\": \"from_email\", \"setting_value\": \"\"}', '{\"setting_key\": \"from_email\", \"setting_value\": \"itbkup24@gmail.com\"}', '671', NULL, '2025-08-29 13:23:55'),
(303, NULL, 'UPDATE', 'SETTINGS', 14, '{\"setting_key\": \"from_name\", \"setting_value\": \"\"}', '{\"setting_key\": \"from_name\", \"setting_value\": \"CRM System\"}', '671', NULL, '2025-08-29 13:23:55'),
(304, NULL, 'UPDATE', 'SETTINGS', 8, '{\"setting_key\": \"smtp_host\", \"setting_value\": \"\"}', '{\"setting_key\": \"smtp_host\", \"setting_value\": \"smtp.gmail.com\"}', '671', NULL, '2025-08-29 13:23:55'),
(305, NULL, 'UPDATE', 'SETTINGS', 11, '{\"setting_key\": \"smtp_password\", \"setting_value\": \"encrypted_password\"}', '{\"setting_key\": \"smtp_password\", \"setting_value\": \"rgti ikam yrvi bpjy\"}', '671', NULL, '2025-08-29 13:23:55'),
(306, NULL, 'UPDATE', 'SETTINGS', 10, '{\"setting_key\": \"smtp_username\", \"setting_value\": \"\"}', '{\"setting_key\": \"smtp_username\", \"setting_value\": \"itbkup24@gmail.com\"}', '671', NULL, '2025-08-29 13:23:55'),
(307, 2, 'UPDATE', 'QUOTE', 2, '{\"status\": \"DRAFT\", \"parent_quote_id\": null}', '{\"status\": \"SENT\", \"parent_quote_id\": null}', '694', NULL, '2025-08-29 13:26:05'),
(308, 2, 'UPDATE', 'QUOTE', 3, '{\"status\": \"DRAFT\", \"parent_quote_id\": null}', '{\"status\": \"DRAFT\", \"parent_quote_id\": null}', '701', NULL, '2025-08-29 13:27:38'),
(309, 2, 'UPDATE', 'USER', 2, '{\"username\": \"aleon\", \"email\": \"itbkup24@gmail.com\", \"language\": \"es\"}', '{\"username\": \"aleon\", \"email\": \"itbkup24@gmail.com\", \"language\": \"es\"}', '10', NULL, '2025-08-29 13:44:21'),
(310, 2, 'UPDATE', 'USER', 2, '{\"username\": \"aleon\", \"email\": \"itbkup24@gmail.com\", \"language\": \"es\"}', '{\"username\": \"aleon\", \"email\": \"itbkup24@gmail.com\", \"language\": \"es\"}', '11', NULL, '2025-08-29 13:44:26'),
(311, 2, 'UPDATE', 'USER', 2, '{\"username\": \"aleon\", \"email\": \"itbkup24@gmail.com\", \"language\": \"es\"}', '{\"username\": \"aleon\", \"email\": \"itbkup24@gmail.com\", \"language\": \"es\"}', '11', NULL, '2025-08-29 13:44:26'),
(312, 2, 'UPDATE', 'USER', 2, '{\"username\": \"aleon\", \"email\": \"itbkup24@gmail.com\", \"language\": \"es\"}', '{\"username\": \"aleon\", \"email\": \"itbkup24@gmail.com\", \"language\": \"es\"}', '23', NULL, '2025-08-29 13:46:35'),
(313, 2, 'UPDATE', 'USER', 2, '{\"username\": \"aleon\", \"email\": \"itbkup24@gmail.com\", \"language\": \"es\"}', '{\"username\": \"aleon\", \"email\": \"itbkup24@gmail.com\", \"language\": \"es\"}', '26', NULL, '2025-08-29 20:32:04'),
(314, 2, 'UPDATE', 'USER', 2, '{\"username\": \"aleon\", \"email\": \"itbkup24@gmail.com\", \"language\": \"es\"}', '{\"username\": \"aleon\", \"email\": \"itbkup24@gmail.com\", \"language\": \"es\"}', '26', NULL, '2025-08-29 20:32:04'),
(315, 2, 'UPDATE', 'USER', 2, '{\"username\": \"aleon\", \"email\": \"itbkup24@gmail.com\", \"language\": \"es\"}', '{\"username\": \"aleon\", \"email\": \"itbkup24@gmail.com\", \"language\": \"es\"}', '48', NULL, '2025-08-29 20:57:14'),
(316, 2, 'UPDATE', 'USER', 2, '{\"username\": \"aleon\", \"email\": \"itbkup24@gmail.com\", \"language\": \"es\"}', '{\"username\": \"aleon\", \"email\": \"itbkup24@gmail.com\", \"language\": \"es\"}', '48', NULL, '2025-08-29 20:57:14'),
(317, 2, 'APPROVE', 'QUOTE', 2, '{\"status\": \"SENT\"}', '{\"status\": \"APPROVED\", \"stock_updated\": true}', '127.0.0.1', NULL, '2025-08-29 21:02:59'),
(318, 2, 'UPDATE', 'QUOTE', 4, '{\"status\": \"DRAFT\", \"parent_quote_id\": 2}', '{\"status\": \"SENT\", \"parent_quote_id\": 2}', '59', NULL, '2025-08-29 21:05:06'),
(319, 2, 'APPROVE', 'QUOTE', 4, '{\"status\": \"SENT\"}', '{\"status\": \"APPROVED\", \"stock_updated\": true}', '127.0.0.1', NULL, '2025-08-29 21:05:28'),
(320, 2, 'UPDATE', 'QUOTE', 3, '{\"status\": \"DRAFT\", \"parent_quote_id\": null}', '{\"status\": \"SENT\", \"parent_quote_id\": null}', '126', NULL, '2025-08-29 21:38:31'),
(321, 2, 'UPDATE', 'QUOTE', 5, '{\"status\": \"DRAFT\", \"parent_quote_id\": null}', '{\"status\": \"SENT\", \"parent_quote_id\": null}', '141', NULL, '2025-08-29 21:50:41'),
(322, 2, 'UPDATE', 'QUOTE', 1, '{\"status\": \"DRAFT\", \"parent_quote_id\": null}', '{\"status\": \"SENT\", \"parent_quote_id\": null}', '185', NULL, '2025-08-29 22:13:52'),
(323, 2, 'UPDATE', 'QUOTE', 1, '{\"status\": \"SENT\", \"parent_quote_id\": null}', '{\"status\": \"REJECTED\", \"parent_quote_id\": null}', '187', NULL, '2025-08-29 22:14:00'),
(324, 2, 'UPDATE', 'QUOTE', 3, '{\"status\": \"SENT\", \"parent_quote_id\": null}', '{\"status\": \"REJECTED\", \"parent_quote_id\": null}', '214', NULL, '2025-08-29 22:28:30'),
(325, 2, 'UPDATE', 'USER', 2, '{\"username\": \"aleon\", \"email\": \"itbkup24@gmail.com\", \"language\": \"es\"}', '{\"username\": \"aleon\", \"email\": \"itbkup24@gmail.com\", \"language\": \"es\"}', '10', NULL, '2025-09-04 20:55:17'),
(326, 2, 'UPDATE', 'USER', 2, '{\"username\": \"aleon\", \"email\": \"itbkup24@gmail.com\", \"language\": \"es\"}', '{\"username\": \"aleon\", \"email\": \"itbkup24@gmail.com\", \"language\": \"es\"}', '11', NULL, '2025-09-04 20:55:24'),
(327, 2, 'UPDATE', 'USER', 2, '{\"username\": \"aleon\", \"email\": \"itbkup24@gmail.com\", \"language\": \"es\"}', '{\"username\": \"aleon\", \"email\": \"itbkup24@gmail.com\", \"language\": \"es\"}', '12', NULL, '2025-09-04 20:55:29'),
(328, 2, 'UPDATE', 'USER', 2, '{\"username\": \"aleon\", \"email\": \"itbkup24@gmail.com\", \"language\": \"es\"}', '{\"username\": \"aleon\", \"email\": \"itbkup24@gmail.com\", \"language\": \"es\"}', '12', NULL, '2025-09-04 20:55:29'),
(329, 2, 'UPDATE', 'QUOTE', 10, '{\"status\": \"DRAFT\", \"parent_quote_id\": null}', '{\"status\": \"SENT\", \"parent_quote_id\": null}', '46', NULL, '2025-09-04 21:10:35'),
(330, 2, 'UPDATE', 'QUOTE', 5, '{\"status\": \"SENT\", \"parent_quote_id\": null}', '{\"status\": \"REJECTED\", \"parent_quote_id\": null}', '54', NULL, '2025-09-04 21:11:35'),
(331, 2, 'UPDATE', 'QUOTE', 11, '{\"status\": \"DRAFT\", \"parent_quote_id\": null}', '{\"status\": \"SENT\", \"parent_quote_id\": null}', '61', NULL, '2025-09-04 21:12:14'),
(332, 2, 'UPDATE', 'QUOTE', 12, '{\"status\": \"DRAFT\", \"parent_quote_id\": null}', '{\"status\": \"DRAFT\", \"parent_quote_id\": null}', '99', NULL, '2025-09-04 21:26:30'),
(333, 2, 'UPDATE', 'QUOTE', 12, '{\"status\": \"DRAFT\", \"parent_quote_id\": null}', '{\"status\": \"DRAFT\", \"parent_quote_id\": null}', '102', NULL, '2025-09-04 21:26:39'),
(334, 2, 'UPDATE', 'QUOTE', 12, '{\"status\": \"DRAFT\", \"parent_quote_id\": null}', '{\"status\": \"DRAFT\", \"parent_quote_id\": null}', '111', NULL, '2025-09-04 21:31:14'),
(335, 2, 'UPDATE', 'QUOTE', 11, '{\"status\": \"SENT\", \"parent_quote_id\": null}', '{\"status\": \"APPROVED\", \"parent_quote_id\": null}', '120', NULL, '2025-09-04 21:33:01'),
(336, 2, 'APPROVE_QUOTE', 'QUOTE', 11, '{\"status\":\"SENT\"}', '{\"status\":\"APPROVED\",\"stock_updated\":true}', '127.0.0.1', NULL, '2025-09-04 21:33:01'),
(337, 2, 'UPDATE', 'QUOTE', 10, '{\"status\": \"SENT\", \"parent_quote_id\": null}', '{\"status\": \"APPROVED\", \"parent_quote_id\": null}', '126', NULL, '2025-09-04 21:33:18'),
(338, 2, 'APPROVE_QUOTE', 'QUOTE', 10, '{\"status\":\"SENT\"}', '{\"status\":\"APPROVED\",\"stock_updated\":true}', '127.0.0.1', NULL, '2025-09-04 21:33:18'),
(339, 2, 'UPDATE', 'QUOTE', 12, '{\"status\": \"DRAFT\", \"parent_quote_id\": null}', '{\"status\": \"DRAFT\", \"parent_quote_id\": null}', '136', NULL, '2025-09-04 21:36:56'),
(340, 2, 'UPDATE', 'QUOTE', 12, '{\"status\": \"DRAFT\", \"parent_quote_id\": null}', '{\"status\": \"SENT\", \"parent_quote_id\": null}', '141', NULL, '2025-09-04 21:37:50'),
(341, 2, 'UPDATE', 'QUOTE', 12, '{\"status\": \"SENT\", \"parent_quote_id\": null}', '{\"status\": \"REJECTED\", \"parent_quote_id\": null}', '145', NULL, '2025-09-04 21:38:11'),
(342, 2, 'UPDATE', 'QUOTE', 15, '{\"status\": \"DRAFT\", \"parent_quote_id\": null}', '{\"status\": \"SENT\", \"parent_quote_id\": null}', '193', NULL, '2025-09-04 22:04:17'),
(343, 3, 'UPDATE', 'USER', 3, '{\"username\": \"janderson\", \"email\": \"anderson@local.com\", \"language\": \"es\"}', '{\"username\": \"janderson\", \"email\": \"anderson@local.com\", \"language\": \"es\"}', '229', NULL, '2025-09-04 22:14:30'),
(344, 3, 'UPDATE', 'USER', 3, '{\"username\": \"janderson\", \"email\": \"anderson@local.com\", \"language\": \"es\"}', '{\"username\": \"janderson\", \"email\": \"anderson@local.com\", \"language\": \"es\"}', '229', NULL, '2025-09-04 22:14:30'),
(345, 3, 'UPDATE', 'USER', 3, '{\"username\": \"janderson\", \"email\": \"anderson@local.com\", \"language\": \"es\"}', '{\"username\": \"janderson\", \"email\": \"anderson@local.com\", \"language\": \"es\"}', '232', NULL, '2025-09-04 22:14:49'),
(346, 2, 'UPDATE', 'QUOTE', 14, '{\"status\": \"DRAFT\", \"parent_quote_id\": null}', '{\"status\": \"SENT\", \"parent_quote_id\": null}', '318', NULL, '2025-09-04 22:42:18'),
(347, 2, 'UPDATE', 'QUOTE', 14, '{\"status\": \"SENT\", \"parent_quote_id\": null}', '{\"status\": \"APPROVED\", \"parent_quote_id\": null}', '320', NULL, '2025-09-04 22:42:23'),
(348, 2, 'APPROVE_QUOTE', 'QUOTE', 14, '{\"status\":\"SENT\"}', '{\"status\":\"APPROVED\",\"stock_updated\":true}', '127.0.0.1', NULL, '2025-09-04 22:42:23'),
(349, 2, 'UPDATE', 'QUOTE', 13, '{\"status\": \"DRAFT\", \"parent_quote_id\": 12}', '{\"status\": \"SENT\", \"parent_quote_id\": 12}', '326', NULL, '2025-09-04 22:42:34'),
(350, 2, 'UPDATE', 'QUOTE', 13, '{\"status\": \"SENT\", \"parent_quote_id\": 12}', '{\"status\": \"APPROVED\", \"parent_quote_id\": 12}', '328', NULL, '2025-09-04 22:42:39'),
(351, 2, 'APPROVE_QUOTE', 'QUOTE', 13, '{\"status\":\"SENT\"}', '{\"status\":\"APPROVED\",\"stock_updated\":true}', '127.0.0.1', NULL, '2025-09-04 22:42:39'),
(352, 5, 'UPDATE', 'USER', 5, '{\"username\": \"fluna\", \"email\": \"lunaleon@local.com\", \"language\": \"es\"}', '{\"username\": \"fluna\", \"email\": \"lunaleon@local.com\", \"language\": \"es\"}', '480', NULL, '2025-09-04 23:07:53'),
(353, 2, 'UPDATE', 'USER', 2, '{\"username\": \"aleon\", \"email\": \"itbkup24@gmail.com\", \"language\": \"es\"}', '{\"username\": \"aleon\", \"email\": \"itbkup24@gmail.com\", \"language\": \"es\"}', '14', NULL, '2025-09-05 10:11:34'),
(354, 2, 'UPDATE', 'USER', 2, '{\"username\": \"aleon\", \"email\": \"itbkup24@gmail.com\", \"language\": \"es\"}', '{\"username\": \"aleon\", \"email\": \"itbkup24@gmail.com\", \"language\": \"es\"}', '14', NULL, '2025-09-05 10:11:34'),
(355, 5, 'UPDATE', 'USER', 5, '{\"username\": \"fluna\", \"email\": \"lunaleon@local.com\", \"language\": \"es\"}', '{\"username\": \"fluna\", \"email\": \"lunaleon@local.com\", \"language\": \"es\"}', '133', NULL, '2025-09-05 11:11:44'),
(356, 5, 'UPDATE', 'USER', 5, '{\"username\": \"fluna\", \"email\": \"lunaleon@local.com\", \"language\": \"es\"}', '{\"username\": \"fluna\", \"email\": \"lunaleon@local.com\", \"language\": \"es\"}', '142', NULL, '2025-09-05 11:15:15'),
(357, 5, 'UPDATE', 'USER', 5, '{\"username\": \"fluna\", \"email\": \"lunaleon@local.com\", \"language\": \"es\"}', '{\"username\": \"fluna\", \"email\": \"lunaleon@local.com\", \"language\": \"es\"}', '143', NULL, '2025-09-05 11:15:29'),
(358, 2, 'UPDATE', 'USER', 2, '{\"username\": \"aleon\", \"email\": \"itbkup24@gmail.com\", \"language\": \"es\"}', '{\"username\": \"aleon\", \"email\": \"itbkup24@gmail.com\", \"language\": \"es\"}', '151', NULL, '2025-09-05 11:16:36'),
(359, 2, 'UPDATE', 'USER', 2, '{\"username\": \"aleon\", \"email\": \"itbkup24@gmail.com\", \"language\": \"es\"}', '{\"username\": \"aleon\", \"email\": \"itbkup24@gmail.com\", \"language\": \"es\"}', '152', NULL, '2025-09-05 11:16:41'),
(360, 2, 'UPDATE', 'USER', 2, '{\"username\": \"aleon\", \"email\": \"itbkup24@gmail.com\", \"language\": \"es\"}', '{\"username\": \"aleon\", \"email\": \"itbkup24@gmail.com\", \"language\": \"es\"}', '153', NULL, '2025-09-05 11:16:46'),
(361, 2, 'UPDATE', 'USER', 2, '{\"username\": \"aleon\", \"email\": \"itbkup24@gmail.com\", \"language\": \"es\"}', '{\"username\": \"aleon\", \"email\": \"itbkup24@gmail.com\", \"language\": \"es\"}', '153', NULL, '2025-09-05 11:16:46'),
(362, 5, 'UPDATE', 'USER', 5, '{\"username\": \"fluna\", \"email\": \"lunaleon@local.com\", \"language\": \"es\"}', '{\"username\": \"fluna\", \"email\": \"lunaleon@local.com\", \"language\": \"es\"}', '164', NULL, '2025-09-05 11:21:55'),
(363, 5, 'UPDATE', 'USER', 5, '{\"username\": \"fluna\", \"email\": \"lunaleon@local.com\", \"language\": \"es\"}', '{\"username\": \"fluna\", \"email\": \"lunaleon@local.com\", \"language\": \"es\"}', '165', NULL, '2025-09-05 11:26:32'),
(364, 5, 'UPDATE', 'USER', 5, '{\"username\": \"fluna\", \"email\": \"lunaleon@local.com\", \"language\": \"es\"}', '{\"username\": \"fluna\", \"email\": \"lunaleon@local.com\", \"language\": \"es\"}', '166', NULL, '2025-09-05 11:26:36'),
(365, 5, 'UPDATE', 'USER', 5, '{\"username\": \"fluna\", \"email\": \"lunaleon@local.com\", \"language\": \"es\"}', '{\"username\": \"fluna\", \"email\": \"lunaleon@local.com\", \"language\": \"es\"}', '167', NULL, '2025-09-05 11:26:40'),
(366, 5, 'UPDATE', 'USER', 5, '{\"username\": \"fluna\", \"email\": \"lunaleon@local.com\", \"language\": \"es\"}', '{\"username\": \"fluna\", \"email\": \"lunaleon@local.com\", \"language\": \"es\"}', '208', NULL, '2025-09-05 11:33:43'),
(367, 5, 'UPDATE', 'USER', 5, '{\"username\": \"fluna\", \"email\": \"lunaleon@local.com\", \"language\": \"es\"}', '{\"username\": \"fluna\", \"email\": \"lunaleon@local.com\", \"language\": \"es\"}', '216', NULL, '2025-09-05 11:56:30'),
(368, 2, 'UPDATE', 'USER', 2, '{\"username\": \"aleon\", \"email\": \"itbkup24@gmail.com\", \"language\": \"es\"}', '{\"username\": \"aleon\", \"email\": \"itbkup24@gmail.com\", \"language\": \"es\"}', '232', NULL, '2025-09-05 13:32:24'),
(369, 2, 'UPDATE', 'USER', 2, '{\"username\": \"aleon\", \"email\": \"itbkup24@gmail.com\", \"language\": \"es\"}', '{\"username\": \"aleon\", \"email\": \"itbkup24@gmail.com\", \"language\": \"es\"}', '232', NULL, '2025-09-05 13:32:24'),
(370, 2, 'UPDATE', 'USER', 2, '{\"username\": \"aleon\", \"email\": \"itbkup24@gmail.com\", \"language\": \"es\"}', '{\"username\": \"aleon\", \"email\": \"itbkup24@gmail.com\", \"language\": \"es\"}', '319', NULL, '2025-09-05 21:50:10'),
(371, 2, 'UPDATE', 'USER', 2, '{\"username\": \"aleon\", \"email\": \"itbkup24@gmail.com\", \"language\": \"es\"}', '{\"username\": \"aleon\", \"email\": \"itbkup24@gmail.com\", \"language\": \"es\"}', '321', NULL, '2025-09-05 21:50:21'),
(372, 2, 'UPDATE', 'USER', 2, '{\"username\": \"aleon\", \"email\": \"itbkup24@gmail.com\", \"language\": \"es\"}', '{\"username\": \"aleon\", \"email\": \"itbkup24@gmail.com\", \"language\": \"es\"}', '321', NULL, '2025-09-05 21:50:21'),
(373, 3, 'UPDATE', 'USER', 3, '{\"username\": \"janderson\", \"email\": \"anderson@local.com\", \"language\": \"es\"}', '{\"username\": \"janderson\", \"email\": \"anderson@local.com\", \"language\": \"es\"}', '329', NULL, '2025-09-05 21:50:57'),
(374, 3, 'UPDATE', 'USER', 3, '{\"username\": \"janderson\", \"email\": \"anderson@local.com\", \"language\": \"es\"}', '{\"username\": \"janderson\", \"email\": \"anderson@local.com\", \"language\": \"es\"}', '329', NULL, '2025-09-05 21:50:57'),
(375, 5, 'UPDATE', 'USER', 5, '{\"username\": \"fluna\", \"email\": \"lunaleon@local.com\", \"language\": \"es\"}', '{\"username\": \"fluna\", \"email\": \"lunaleon@local.com\", \"language\": \"es\"}', '460', NULL, '2025-09-05 22:12:24'),
(376, 5, 'UPDATE', 'USER', 5, '{\"username\": \"fluna\", \"email\": \"lunaleon@local.com\", \"language\": \"es\"}', '{\"username\": \"fluna\", \"email\": \"lunaleon@local.com\", \"language\": \"es\"}', '472', NULL, '2025-09-05 22:13:33'),
(377, 3, 'UPDATE', 'USER', 3, '{\"username\": \"janderson\", \"email\": \"anderson@local.com\", \"language\": \"es\"}', '{\"username\": \"janderson\", \"email\": \"anderson@local.com\", \"language\": \"es\"}', '474', NULL, '2025-09-05 22:13:42'),
(378, 2, 'UPDATE', 'USER', 2, '{\"username\": \"aleon\", \"email\": \"itbkup24@gmail.com\", \"language\": \"es\"}', '{\"username\": \"aleon\", \"email\": \"itbkup24@gmail.com\", \"language\": \"es\"}', '602', NULL, '2025-09-06 22:53:30'),
(379, 2, 'UPDATE', 'USER', 2, '{\"username\": \"aleon\", \"email\": \"itbkup24@gmail.com\", \"language\": \"es\"}', '{\"username\": \"aleon\", \"email\": \"itbkup24@gmail.com\", \"language\": \"es\"}', '602', NULL, '2025-09-06 22:53:30'),
(380, 2, 'UPDATE', 'USER', 2, '{\"username\": \"aleon\", \"email\": \"itbkup24@gmail.com\", \"language\": \"es\"}', '{\"username\": \"aleon\", \"email\": \"itbkup24@gmail.com\", \"language\": \"es\"}', '15', NULL, '2025-09-06 23:01:01'),
(381, 2, 'UPDATE', 'USER', 2, '{\"username\": \"aleon\", \"email\": \"itbkup24@gmail.com\", \"language\": \"es\"}', '{\"username\": \"aleon\", \"email\": \"itbkup24@gmail.com\", \"language\": \"es\"}', '15', NULL, '2025-09-06 23:01:01'),
(382, 2, 'UPDATE', 'USER', 2, '{\"username\": \"aleon\", \"email\": \"itbkup24@gmail.com\", \"language\": \"es\"}', '{\"username\": \"aleon\", \"email\": \"itbkup24@gmail.com\", \"language\": \"es\"}', '16', NULL, '2025-09-06 23:05:20'),
(383, 2, 'UPDATE', 'USER', 2, '{\"username\": \"aleon\", \"email\": \"itbkup24@gmail.com\", \"language\": \"es\"}', '{\"username\": \"aleon\", \"email\": \"itbkup24@gmail.com\", \"language\": \"es\"}', '16', NULL, '2025-09-06 23:05:20'),
(384, 5, 'UPDATE', 'USER', 5, '{\"username\": \"fluna\", \"email\": \"lunaleon@local.com\", \"language\": \"es\"}', '{\"username\": \"fluna\", \"email\": \"lunaleon@local.com\", \"language\": \"es\"}', '318', NULL, '2025-09-06 23:50:05'),
(385, 3, 'UPDATE', 'USER', 3, '{\"username\": \"janderson\", \"email\": \"anderson@local.com\", \"language\": \"es\"}', '{\"username\": \"janderson\", \"email\": \"anderson@local.com\", \"language\": \"es\"}', '422', NULL, '2025-09-07 00:10:18'),
(386, 3, 'UPDATE', 'USER', 3, '{\"username\": \"janderson\", \"email\": \"anderson@local.com\", \"language\": \"es\"}', '{\"username\": \"janderson\", \"email\": \"anderson@local.com\", \"language\": \"es\"}', '454', NULL, '2025-09-07 00:12:41'),
(387, 3, 'UPDATE', 'USER', 3, '{\"username\": \"janderson\", \"email\": \"anderson@local.com\", \"language\": \"es\"}', '{\"username\": \"janderson\", \"email\": \"anderson@local.com\", \"language\": \"es\"}', '457', NULL, '2025-09-07 00:13:06'),
(388, 3, 'UPDATE', 'USER', 3, '{\"username\": \"janderson\", \"email\": \"anderson@local.com\", \"language\": \"es\"}', '{\"username\": \"janderson\", \"email\": \"anderson@local.com\", \"language\": \"es\"}', '459', NULL, '2025-09-07 00:13:17'),
(389, 3, 'UPDATE', 'USER', 3, '{\"username\": \"janderson\", \"email\": \"anderson@local.com\", \"language\": \"es\"}', '{\"username\": \"janderson\", \"email\": \"anderson@local.com\", \"language\": \"es\"}', '459', NULL, '2025-09-07 00:13:17'),
(390, 4, 'UPDATE', 'USER', 4, '{\"username\": \"ggaleano\", \"email\": \"galeano@local.com\", \"language\": \"es\"}', '{\"username\": \"ggaleano\", \"email\": \"galeano@local.com\", \"language\": \"es\"}', '475', NULL, '2025-09-07 00:20:16'),
(391, 4, 'UPDATE', 'USER', 4, '{\"username\": \"ggaleano\", \"email\": \"galeano@local.com\", \"language\": \"es\"}', '{\"username\": \"ggaleano\", \"email\": \"galeano@local.com\", \"language\": \"es\"}', '475', NULL, '2025-09-07 00:20:16'),
(392, 3, 'UPDATE', 'USER', 3, '{\"username\": \"janderson\", \"email\": \"anderson@local.com\", \"language\": \"es\"}', '{\"username\": \"janderson\", \"email\": \"anderson@local.com\", \"language\": \"es\"}', '484', NULL, '2025-09-07 00:25:08'),
(393, 3, 'UPDATE', 'USER', 3, '{\"username\": \"janderson\", \"email\": \"anderson@local.com\", \"language\": \"es\"}', '{\"username\": \"janderson\", \"email\": \"anderson@local.com\", \"language\": \"es\"}', '484', NULL, '2025-09-07 00:25:08'),
(394, 3, 'UPDATE', 'QUOTE', 18, '{\"status\": \"DRAFT\", \"parent_quote_id\": null}', '{\"status\": \"SENT\", \"parent_quote_id\": null}', '495', NULL, '2025-09-07 00:27:18'),
(395, 3, 'UPDATE', 'QUOTE', 18, '{\"status\": \"SENT\", \"parent_quote_id\": null}', '{\"status\": \"APPROVED\", \"parent_quote_id\": null}', '502', NULL, '2025-09-07 00:28:32'),
(396, 3, 'APPROVE_QUOTE', 'QUOTE', 18, '{\"status\":\"SENT\"}', '{\"status\":\"APPROVED\",\"stock_updated\":true}', '127.0.0.1', NULL, '2025-09-07 00:28:32'),
(397, 4, 'UPDATE', 'USER', 4, '{\"username\": \"ggaleano\", \"email\": \"galeano@local.com\", \"language\": \"es\"}', '{\"username\": \"ggaleano\", \"email\": \"galeano@local.com\", \"language\": \"es\"}', '543', NULL, '2025-09-07 00:42:17'),
(398, 4, 'UPDATE', 'USER', 4, '{\"username\": \"ggaleano\", \"email\": \"galeano@local.com\", \"language\": \"es\"}', '{\"username\": \"ggaleano\", \"email\": \"galeano@local.com\", \"language\": \"es\"}', '543', NULL, '2025-09-07 00:42:17'),
(399, 3, 'UPDATE', 'USER', 3, '{\"username\": \"janderson\", \"email\": \"anderson@local.com\", \"language\": \"es\"}', '{\"username\": \"janderson\", \"email\": \"anderson@local.com\", \"language\": \"es\"}', '598', NULL, '2025-09-07 00:53:21'),
(400, 3, 'UPDATE', 'USER', 3, '{\"username\": \"janderson\", \"email\": \"anderson@local.com\", \"language\": \"es\"}', '{\"username\": \"janderson\", \"email\": \"anderson@local.com\", \"language\": \"es\"}', '598', NULL, '2025-09-07 00:53:21'),
(401, 4, 'UPDATE', 'USER', 4, '{\"username\": \"ggaleano\", \"email\": \"galeano@local.com\", \"language\": \"es\"}', '{\"username\": \"ggaleano\", \"email\": \"galeano@local.com\", \"language\": \"es\"}', '673', NULL, '2025-09-07 01:06:03'),
(402, 4, 'UPDATE', 'USER', 4, '{\"username\": \"ggaleano\", \"email\": \"galeano@local.com\", \"language\": \"es\"}', '{\"username\": \"ggaleano\", \"email\": \"galeano@local.com\", \"language\": \"es\"}', '673', NULL, '2025-09-07 01:06:03'),
(403, 2, 'UPDATE', 'USER', 2, '{\"username\": \"aleon\", \"email\": \"itbkup24@gmail.com\", \"language\": \"es\"}', '{\"username\": \"aleon\", \"email\": \"itbkup24@gmail.com\", \"language\": \"es\"}', '678', NULL, '2025-09-07 01:06:24'),
(404, 2, 'UPDATE', 'USER', 2, '{\"username\": \"aleon\", \"email\": \"itbkup24@gmail.com\", \"language\": \"es\"}', '{\"username\": \"aleon\", \"email\": \"itbkup24@gmail.com\", \"language\": \"es\"}', '678', NULL, '2025-09-07 01:06:24'),
(405, 4, 'UPDATE', 'USER', 4, '{\"username\": \"ggaleano\", \"email\": \"galeano@local.com\", \"language\": \"es\"}', '{\"username\": \"ggaleano\", \"email\": \"galeano@local.com\", \"language\": \"es\"}', '686', NULL, '2025-09-07 01:06:54'),
(406, 4, 'UPDATE', 'USER', 4, '{\"username\": \"ggaleano\", \"email\": \"galeano@local.com\", \"language\": \"es\"}', '{\"username\": \"ggaleano\", \"email\": \"galeano@local.com\", \"language\": \"es\"}', '686', NULL, '2025-09-07 01:06:54'),
(407, 2, 'UPDATE', 'USER', 2, '{\"username\": \"aleon\", \"email\": \"itbkup24@gmail.com\", \"language\": \"es\"}', '{\"username\": \"aleon\", \"email\": \"itbkup24@gmail.com\", \"language\": \"es\"}', '692', NULL, '2025-09-07 01:07:33'),
(408, 2, 'UPDATE', 'USER', 2, '{\"username\": \"aleon\", \"email\": \"itbkup24@gmail.com\", \"language\": \"es\"}', '{\"username\": \"aleon\", \"email\": \"itbkup24@gmail.com\", \"language\": \"es\"}', '693', NULL, '2025-09-07 01:07:38'),
(409, 2, 'UPDATE', 'USER', 2, '{\"username\": \"aleon\", \"email\": \"itbkup24@gmail.com\", \"language\": \"es\"}', '{\"username\": \"aleon\", \"email\": \"itbkup24@gmail.com\", \"language\": \"es\"}', '693', NULL, '2025-09-07 01:07:38'),
(410, 5, 'UPDATE', 'USER', 5, '{\"username\": \"fluna\", \"email\": \"lunaleon@local.com\", \"language\": \"es\"}', '{\"username\": \"fluna\", \"email\": \"lunaleon@local.com\", \"language\": \"es\"}', '696', NULL, '2025-09-07 01:07:46'),
(411, 2, 'UPDATE', 'USER', 2, '{\"username\": \"aleon\", \"email\": \"itbkup24@gmail.com\", \"language\": \"es\"}', '{\"username\": \"aleon\", \"email\": \"itbkup24@gmail.com\", \"language\": \"es\"}', '710', NULL, '2025-09-07 10:20:36'),
(412, 2, 'UPDATE', 'USER', 2, '{\"username\": \"aleon\", \"email\": \"itbkup24@gmail.com\", \"language\": \"es\"}', '{\"username\": \"aleon\", \"email\": \"itbkup24@gmail.com\", \"language\": \"es\"}', '711', NULL, '2025-09-07 10:20:41'),
(413, 2, 'UPDATE', 'USER', 2, '{\"username\": \"aleon\", \"email\": \"itbkup24@gmail.com\", \"language\": \"es\"}', '{\"username\": \"aleon\", \"email\": \"itbkup24@gmail.com\", \"language\": \"es\"}', '711', NULL, '2025-09-07 10:20:41'),
(414, 2, 'UPDATE', 'USER', 2, '{\"username\": \"aleon\", \"email\": \"itbkup24@gmail.com\", \"language\": \"es\"}', '{\"username\": \"aleon\", \"email\": \"itbkup24@gmail.com\", \"language\": \"es\"}', '12', NULL, '2025-09-07 10:25:54'),
(415, 2, 'UPDATE', 'USER', 2, '{\"username\": \"aleon\", \"email\": \"itbkup24@gmail.com\", \"language\": \"es\"}', '{\"username\": \"aleon\", \"email\": \"itbkup24@gmail.com\", \"language\": \"es\"}', '13', NULL, '2025-09-07 10:26:00'),
(416, 2, 'UPDATE', 'USER', 2, '{\"username\": \"aleon\", \"email\": \"itbkup24@gmail.com\", \"language\": \"es\"}', '{\"username\": \"aleon\", \"email\": \"itbkup24@gmail.com\", \"language\": \"es\"}', '13', NULL, '2025-09-07 10:26:00'),
(417, 2, 'UPDATE', 'USER', 2, '{\"username\": \"aleon\", \"email\": \"itbkup24@gmail.com\", \"language\": \"es\"}', '{\"username\": \"aleon\", \"email\": \"itbkup24@gmail.com\", \"language\": \"es\"}', '35', NULL, '2025-09-07 10:29:50'),
(418, 2, 'UPDATE', 'USER', 2, '{\"username\": \"aleon\", \"email\": \"itbkup24@gmail.com\", \"language\": \"es\"}', '{\"username\": \"aleon\", \"email\": \"itbkup24@gmail.com\", \"language\": \"es\"}', '35', NULL, '2025-09-07 10:29:50'),
(419, 2, 'UPDATE', 'USER', 2, '{\"username\": \"aleon\", \"email\": \"itbkup24@gmail.com\", \"language\": \"es\"}', '{\"username\": \"aleon\", \"email\": \"itbkup24@gmail.com\", \"language\": \"es\"}', '55', NULL, '2025-09-07 10:35:02'),
(420, 2, 'UPDATE', 'USER', 2, '{\"username\": \"aleon\", \"email\": \"itbkup24@gmail.com\", \"language\": \"es\"}', '{\"username\": \"aleon\", \"email\": \"itbkup24@gmail.com\", \"language\": \"es\"}', '55', NULL, '2025-09-07 10:35:02'),
(421, 2, 'UPDATE', 'USER', 2, '{\"username\": \"aleon\", \"email\": \"itbkup24@gmail.com\", \"language\": \"es\"}', '{\"username\": \"aleon\", \"email\": \"itbkup24@gmail.com\", \"language\": \"es\"}', '71', NULL, '2025-09-07 10:49:08'),
(422, 4, 'UPDATE', 'USER', 4, '{\"username\": \"ggaleano\", \"email\": \"galeano@local.com\", \"language\": \"es\"}', '{\"username\": \"ggaleano\", \"email\": \"galeano@local.com\", \"language\": \"es\"}', '78', NULL, '2025-09-07 10:54:33'),
(423, 4, 'UPDATE', 'USER', 4, '{\"username\": \"ggaleano\", \"email\": \"galeano@local.com\", \"language\": \"es\"}', '{\"username\": \"ggaleano\", \"email\": \"galeano@local.com\", \"language\": \"es\"}', '79', NULL, '2025-09-07 10:54:40'),
(424, 4, 'UPDATE', 'USER', 4, '{\"username\": \"ggaleano\", \"email\": \"galeano@local.com\", \"language\": \"es\"}', '{\"username\": \"ggaleano\", \"email\": \"galeano@local.com\", \"language\": \"es\"}', '79', NULL, '2025-09-07 10:54:40'),
(425, 4, 'UPDATE', 'USER', 4, '{\"username\": \"ggaleano\", \"email\": \"galeano@local.com\", \"language\": \"es\"}', '{\"username\": \"ggaleano\", \"email\": \"galeano@local.com\", \"language\": \"es\"}', '83', NULL, '2025-09-07 10:57:33'),
(426, 4, 'UPDATE', 'USER', 4, '{\"username\": \"ggaleano\", \"email\": \"galeano@local.com\", \"language\": \"es\"}', '{\"username\": \"ggaleano\", \"email\": \"galeano@local.com\", \"language\": \"es\"}', '86', NULL, '2025-09-07 10:57:55'),
(427, 3, 'UPDATE', 'USER', 3, '{\"username\": \"janderson\", \"email\": \"anderson@local.com\", \"language\": \"es\"}', '{\"username\": \"janderson\", \"email\": \"anderson@local.com\", \"language\": \"es\"}', '89', NULL, '2025-09-07 10:58:10'),
(428, 3, 'UPDATE', 'USER', 3, '{\"username\": \"janderson\", \"email\": \"anderson@local.com\", \"language\": \"es\"}', '{\"username\": \"janderson\", \"email\": \"anderson@local.com\", \"language\": \"es\"}', '89', NULL, '2025-09-07 10:58:10'),
(429, 3, 'UPDATE', 'USER', 3, '{\"username\": \"janderson\", \"email\": \"anderson@local.com\", \"language\": \"es\"}', '{\"username\": \"janderson\", \"email\": \"anderson@local.com\", \"language\": \"es\"}', '92', NULL, '2025-09-07 10:58:18'),
(430, 2, 'UPDATE', 'USER', 2, '{\"username\": \"aleon\", \"email\": \"itbkup24@gmail.com\", \"language\": \"es\"}', '{\"username\": \"aleon\", \"email\": \"itbkup24@gmail.com\", \"language\": \"es\"}', '96', NULL, '2025-09-07 10:58:43'),
(431, 2, 'UPDATE', 'USER', 2, '{\"username\": \"aleon\", \"email\": \"itbkup24@gmail.com\", \"language\": \"es\"}', '{\"username\": \"aleon\", \"email\": \"itbkup24@gmail.com\", \"language\": \"es\"}', '96', NULL, '2025-09-07 10:58:43'),
(432, 5, 'UPDATE', 'USER', 5, '{\"username\": \"fluna\", \"email\": \"lunaleon@local.com\", \"language\": \"es\"}', '{\"username\": \"fluna\", \"email\": \"lunaleon@local.com\", \"language\": \"es\"}', '100', NULL, '2025-09-07 10:59:01'),
(433, 2, 'UPDATE', 'USER', 2, '{\"username\": \"aleon\", \"email\": \"itbkup24@gmail.com\", \"language\": \"es\"}', '{\"username\": \"aleon\", \"email\": \"itbkup24@gmail.com\", \"language\": \"es\"}', '513', NULL, '2025-09-07 13:24:56'),
(434, 2, 'UPDATE', 'USER', 2, '{\"username\": \"aleon\", \"email\": \"itbkup24@gmail.com\", \"language\": \"es\"}', '{\"username\": \"aleon\", \"email\": \"itbkup24@gmail.com\", \"language\": \"es\"}', '513', NULL, '2025-09-07 13:24:56'),
(435, 2, 'UPDATE', 'USER', 2, '{\"username\": \"aleon\", \"email\": \"itbkup24@gmail.com\", \"language\": \"es\"}', '{\"username\": \"aleon\", \"email\": \"itbkup24@gmail.com\", \"language\": \"es\"}', '518', NULL, '2025-09-07 13:29:00'),
(436, 2, 'UPDATE', 'USER', 2, '{\"username\": \"aleon\", \"email\": \"itbkup24@gmail.com\", \"language\": \"es\"}', '{\"username\": \"aleon\", \"email\": \"itbkup24@gmail.com\", \"language\": \"es\"}', '518', NULL, '2025-09-07 13:29:00'),
(437, 2, 'UPDATE', 'USER', 2, '{\"username\": \"aleon\", \"email\": \"itbkup24@gmail.com\", \"language\": \"es\"}', '{\"username\": \"aleon\", \"email\": \"itbkup24@gmail.com\", \"language\": \"es\"}', '532', NULL, '2025-09-07 13:35:19'),
(438, 2, 'UPDATE', 'USER', 2, '{\"username\": \"aleon\", \"email\": \"itbkup24@gmail.com\", \"language\": \"es\"}', '{\"username\": \"aleon\", \"email\": \"itbkup24@gmail.com\", \"language\": \"es\"}', '532', NULL, '2025-09-07 13:35:19'),
(439, 2, 'UPDATE', 'USER', 2, '{\"username\": \"aleon\", \"email\": \"itbkup24@gmail.com\", \"language\": \"es\"}', '{\"username\": \"aleon\", \"email\": \"itbkup24@gmail.com\", \"language\": \"es\"}', '597', NULL, '2025-09-07 13:58:08'),
(440, 2, 'UPDATE', 'USER', 2, '{\"username\": \"aleon\", \"email\": \"itbkup24@gmail.com\", \"language\": \"es\"}', '{\"username\": \"aleon\", \"email\": \"itbkup24@gmail.com\", \"language\": \"es\"}', '599', NULL, '2025-09-07 13:58:13'),
(441, 2, 'UPDATE', 'USER', 2, '{\"username\": \"aleon\", \"email\": \"itbkup24@gmail.com\", \"language\": \"es\"}', '{\"username\": \"aleon\", \"email\": \"itbkup24@gmail.com\", \"language\": \"es\"}', '599', NULL, '2025-09-07 13:58:13'),
(442, NULL, 'UPDATE', 'SETTINGS', 14, '{\"setting_key\": \"from_name\", \"setting_value\": \"CRM System\"}', '{\"setting_key\": \"from_name\", \"setting_value\": \"Athena CRM\"}', '602', NULL, '2025-09-07 13:58:26'),
(443, 3, 'UPDATE', 'USER', 3, '{\"username\": \"janderson\", \"email\": \"anderson@local.com\", \"language\": \"es\"}', '{\"username\": \"janderson\", \"email\": \"anderson@local.com\", \"language\": \"es\"}', '20', NULL, '2025-09-07 14:18:19'),
(444, 3, 'UPDATE', 'USER', 3, '{\"username\": \"janderson\", \"email\": \"anderson@local.com\", \"language\": \"es\"}', '{\"username\": \"janderson\", \"email\": \"anderson@local.com\", \"language\": \"es\"}', '20', NULL, '2025-09-07 14:18:19'),
(445, 2, 'UPDATE', 'USER', 2, '{\"username\": \"aleon\", \"email\": \"itbkup24@gmail.com\", \"language\": \"es\"}', '{\"username\": \"aleon\", \"email\": \"itbkup24@gmail.com\", \"language\": \"es\"}', '27', NULL, '2025-09-07 14:19:04');
INSERT INTO `audit_logs` (`audit_id`, `user_id`, `action`, `entity_type`, `entity_id`, `old_value`, `new_value`, `ip_address`, `user_agent`, `created_at`) VALUES
(446, 2, 'UPDATE', 'USER', 2, '{\"username\": \"aleon\", \"email\": \"itbkup24@gmail.com\", \"language\": \"es\"}', '{\"username\": \"aleon\", \"email\": \"itbkup24@gmail.com\", \"language\": \"es\"}', '29', NULL, '2025-09-07 14:19:12'),
(447, 2, 'UPDATE', 'USER', 2, '{\"username\": \"aleon\", \"email\": \"itbkup24@gmail.com\", \"language\": \"es\"}', '{\"username\": \"aleon\", \"email\": \"itbkup24@gmail.com\", \"language\": \"es\"}', '29', NULL, '2025-09-07 14:19:12'),
(448, 2, 'UPDATE', 'USER', 2, '{\"username\": \"aleon\", \"email\": \"itbkup24@gmail.com\", \"language\": \"es\"}', '{\"username\": \"aleon\", \"email\": \"itbkup24@gmail.com\", \"language\": \"es\"}', '38', NULL, '2025-09-07 14:32:24'),
(449, 2, 'UPDATE', 'USER', 2, '{\"username\": \"aleon\", \"email\": \"itbkup24@gmail.com\", \"language\": \"es\"}', '{\"username\": \"aleon\", \"email\": \"itbkup24@gmail.com\", \"language\": \"es\"}', '38', NULL, '2025-09-07 14:32:24'),
(450, 2, 'UPDATE', 'USER', 2, '{\"username\": \"aleon\", \"email\": \"itbkup24@gmail.com\", \"language\": \"es\"}', '{\"username\": \"aleon\", \"email\": \"itbkup24@gmail.com\", \"language\": \"es\"}', '46', NULL, '2025-09-07 14:37:39'),
(451, 2, 'UPDATE', 'USER', 2, '{\"username\": \"aleon\", \"email\": \"itbkup24@gmail.com\", \"language\": \"es\"}', '{\"username\": \"aleon\", \"email\": \"itbkup24@gmail.com\", \"language\": \"es\"}', '46', NULL, '2025-09-07 14:37:39'),
(452, 2, 'UPDATE', 'USER', 2, '{\"username\": \"aleon\", \"email\": \"itbkup24@gmail.com\", \"language\": \"es\"}', '{\"username\": \"aleon\", \"email\": \"itbkup24@gmail.com\", \"language\": \"es\"}', '57', NULL, '2025-09-07 14:40:20'),
(453, 2, 'UPDATE', 'USER', 2, '{\"username\": \"aleon\", \"email\": \"itbkup24@gmail.com\", \"language\": \"es\"}', '{\"username\": \"aleon\", \"email\": \"itbkup24@gmail.com\", \"language\": \"es\"}', '57', NULL, '2025-09-07 14:40:20'),
(454, 2, 'UPDATE', 'USER', 2, '{\"username\": \"aleon\", \"email\": \"itbkup24@gmail.com\", \"language\": \"es\"}', '{\"username\": \"aleon\", \"email\": \"itbkup24@gmail.com\", \"language\": \"es\"}', '62', NULL, '2025-09-07 14:40:41'),
(455, 2, 'UPDATE', 'USER', 2, '{\"username\": \"aleon\", \"email\": \"itbkup24@gmail.com\", \"language\": \"es\"}', '{\"username\": \"aleon\", \"email\": \"itbkup24@gmail.com\", \"language\": \"es\"}', '63', NULL, '2025-09-07 14:40:46'),
(456, 2, 'UPDATE', 'USER', 2, '{\"username\": \"aleon\", \"email\": \"itbkup24@gmail.com\", \"language\": \"es\"}', '{\"username\": \"aleon\", \"email\": \"itbkup24@gmail.com\", \"language\": \"es\"}', '63', NULL, '2025-09-07 14:40:46'),
(457, 2, 'UPDATE', 'USER', 2, '{\"username\": \"aleon\", \"email\": \"itbkup24@gmail.com\", \"language\": \"es\"}', '{\"username\": \"aleon\", \"email\": \"itbkup24@gmail.com\", \"language\": \"es\"}', '16', NULL, '2025-09-07 15:04:55'),
(458, 2, 'UPDATE', 'USER', 2, '{\"username\": \"aleon\", \"email\": \"itbkup24@gmail.com\", \"language\": \"es\"}', '{\"username\": \"aleon\", \"email\": \"itbkup24@gmail.com\", \"language\": \"es\"}', '17', NULL, '2025-09-07 15:05:01'),
(459, 2, 'UPDATE', 'USER', 2, '{\"username\": \"aleon\", \"email\": \"itbkup24@gmail.com\", \"language\": \"es\"}', '{\"username\": \"aleon\", \"email\": \"itbkup24@gmail.com\", \"language\": \"es\"}', '17', NULL, '2025-09-07 15:05:01'),
(460, 2, 'UPDATE', 'USER', 2, '{\"username\": \"aleon\", \"email\": \"itbkup24@gmail.com\", \"language\": \"es\"}', '{\"username\": \"aleon\", \"email\": \"itbkup24@gmail.com\", \"language\": \"es\"}', '20', NULL, '2025-09-07 15:05:39'),
(461, 2, 'UPDATE', 'USER', 2, '{\"username\": \"aleon\", \"email\": \"itbkup24@gmail.com\", \"language\": \"es\"}', '{\"username\": \"aleon\", \"email\": \"itbkup24@gmail.com\", \"language\": \"es\"}', '20', NULL, '2025-09-07 15:05:39'),
(462, 2, 'UPDATE', 'USER', 2, '{\"username\": \"aleon\", \"email\": \"itbkup24@gmail.com\", \"language\": \"es\"}', '{\"username\": \"aleon\", \"email\": \"itbkup24@gmail.com\", \"language\": \"es\"}', '26', NULL, '2025-09-07 15:07:19'),
(463, 2, 'UPDATE', 'USER', 2, '{\"username\": \"aleon\", \"email\": \"itbkup24@gmail.com\", \"language\": \"es\"}', '{\"username\": \"aleon\", \"email\": \"itbkup24@gmail.com\", \"language\": \"es\"}', '26', NULL, '2025-09-07 15:07:19'),
(464, 2, 'UPDATE', 'USER', 2, '{\"username\": \"aleon\", \"email\": \"itbkup24@gmail.com\", \"language\": \"es\"}', '{\"username\": \"aleon\", \"email\": \"itbkup24@gmail.com\", \"language\": \"es\"}', '52', NULL, '2025-09-07 15:36:01'),
(465, 2, 'UPDATE', 'USER', 2, '{\"username\": \"aleon\", \"email\": \"itbkup24@gmail.com\", \"language\": \"es\"}', '{\"username\": \"aleon\", \"email\": \"itbkup24@gmail.com\", \"language\": \"es\"}', '53', NULL, '2025-09-07 15:36:13'),
(466, 2, 'UPDATE', 'USER', 2, '{\"username\": \"aleon\", \"email\": \"itbkup24@gmail.com\", \"language\": \"es\"}', '{\"username\": \"aleon\", \"email\": \"itbkup24@gmail.com\", \"language\": \"es\"}', '53', NULL, '2025-09-07 15:36:13'),
(467, 3, 'UPDATE', 'USER', 3, '{\"username\": \"janderson\", \"email\": \"anderson@local.com\", \"language\": \"es\"}', '{\"username\": \"janderson\", \"email\": \"anderson@local.com\", \"language\": \"es\"}', '113', NULL, '2025-09-07 15:54:29'),
(468, 3, 'UPDATE', 'USER', 3, '{\"username\": \"janderson\", \"email\": \"anderson@local.com\", \"language\": \"es\"}', '{\"username\": \"janderson\", \"email\": \"anderson@local.com\", \"language\": \"es\"}', '113', NULL, '2025-09-07 15:54:29'),
(469, 3, 'UPDATE', 'USER', 3, '{\"username\": \"janderson\", \"email\": \"anderson@local.com\", \"language\": \"es\"}', '{\"username\": \"Leon\", \"email\": \"anderson@local.com\", \"language\": \"es\"}', '116', NULL, '2025-09-07 15:56:27'),
(470, 3, 'UPDATE', 'USER', 3, '{\"username\": \"Leon\", \"email\": \"anderson@local.com\", \"language\": \"es\"}', '{\"username\": \"janderson\", \"email\": \"anderson@local.com\", \"language\": \"es\"}', '117', NULL, '2025-09-07 15:56:35'),
(471, 2, 'UPDATE', 'USER', 2, '{\"username\": \"aleon\", \"email\": \"itbkup24@gmail.com\", \"language\": \"es\"}', '{\"username\": \"aleon\", \"email\": \"itbkup24@gmail.com\", \"language\": \"es\"}', '128', NULL, '2025-09-07 15:59:14'),
(472, 2, 'UPDATE', 'USER', 2, '{\"username\": \"aleon\", \"email\": \"itbkup24@gmail.com\", \"language\": \"es\"}', '{\"username\": \"aleon\", \"email\": \"itbkup24@gmail.com\", \"language\": \"es\"}', '129', NULL, '2025-09-07 15:59:24'),
(473, 2, 'UPDATE', 'USER', 2, '{\"username\": \"aleon\", \"email\": \"itbkup24@gmail.com\", \"language\": \"es\"}', '{\"username\": \"aleon\", \"email\": \"itbkup24@gmail.com\", \"language\": \"es\"}', '129', NULL, '2025-09-07 15:59:24'),
(474, NULL, 'UPDATE', 'SETTINGS', 1, '{\"setting_key\": \"company_display_name\", \"setting_value\": \"Entropic Networks\"}', '{\"setting_key\": \"company_display_name\", \"setting_value\": \"PAPITWO\"}', '132', NULL, '2025-09-07 16:00:13'),
(475, 3, 'UPDATE', 'QUOTE', 19, '{\"status\": \"DRAFT\", \"parent_quote_id\": 18}', '{\"status\": \"SENT\", \"parent_quote_id\": 18}', '144', NULL, '2025-09-07 16:02:43'),
(476, 3, 'UPDATE', 'QUOTE', 19, '{\"status\": \"SENT\", \"parent_quote_id\": 18}', '{\"status\": \"REJECTED\", \"parent_quote_id\": 18}', '148', NULL, '2025-09-07 16:03:09'),
(477, 2, 'UPDATE', 'USER', 2, '{\"username\": \"aleon\", \"email\": \"itbkup24@gmail.com\", \"language\": \"es\"}', '{\"username\": \"aleon\", \"email\": \"itbkup24@gmail.com\", \"language\": \"es\"}', '157', NULL, '2025-09-07 19:23:24'),
(478, 2, 'UPDATE', 'USER', 2, '{\"username\": \"aleon\", \"email\": \"itbkup24@gmail.com\", \"language\": \"es\"}', '{\"username\": \"aleon\", \"email\": \"itbkup24@gmail.com\", \"language\": \"es\"}', '158', NULL, '2025-09-07 19:23:29'),
(479, 2, 'UPDATE', 'USER', 2, '{\"username\": \"aleon\", \"email\": \"itbkup24@gmail.com\", \"language\": \"es\"}', '{\"username\": \"aleon\", \"email\": \"itbkup24@gmail.com\", \"language\": \"es\"}', '158', NULL, '2025-09-07 19:23:29'),
(480, 2, 'UPDATE', 'USER', 2, '{\"username\": \"aleon\", \"email\": \"itbkup24@gmail.com\", \"language\": \"es\"}', '{\"username\": \"aleon\", \"email\": \"itbkup24@gmail.com\", \"language\": \"es\"}', '37', NULL, '2025-09-07 20:51:44'),
(481, 2, 'UPDATE', 'USER', 2, '{\"username\": \"aleon\", \"email\": \"itbkup24@gmail.com\", \"language\": \"es\"}', '{\"username\": \"aleon\", \"email\": \"itbkup24@gmail.com\", \"language\": \"es\"}', '37', NULL, '2025-09-07 20:51:44'),
(482, 4, 'UPDATE', 'USER', 4, '{\"username\": \"ggaleano\", \"email\": \"galeano@local.com\", \"language\": \"es\"}', '{\"username\": \"ggaleano\", \"email\": \"galeano@local.com\", \"language\": \"es\"}', '40', NULL, '2025-09-07 20:52:44'),
(483, 4, 'UPDATE', 'USER', 4, '{\"username\": \"ggaleano\", \"email\": \"galeano@local.com\", \"language\": \"es\"}', '{\"username\": \"ggaleano\", \"email\": \"galeano@local.com\", \"language\": \"es\"}', '41', NULL, '2025-09-07 20:52:49'),
(484, 4, 'UPDATE', 'USER', 4, '{\"username\": \"ggaleano\", \"email\": \"galeano@local.com\", \"language\": \"es\"}', '{\"username\": \"ggaleano\", \"email\": \"galeano@local.com\", \"language\": \"es\"}', '41', NULL, '2025-09-07 20:52:49'),
(485, 2, 'UPDATE', 'USER', 2, '{\"username\": \"aleon\", \"email\": \"itbkup24@gmail.com\", \"language\": \"es\"}', '{\"username\": \"aleon\", \"email\": \"itbkup24@gmail.com\", \"language\": \"es\"}', '44', NULL, '2025-09-07 20:53:10'),
(486, 2, 'UPDATE', 'USER', 2, '{\"username\": \"aleon\", \"email\": \"itbkup24@gmail.com\", \"language\": \"es\"}', '{\"username\": \"aleon\", \"email\": \"itbkup24@gmail.com\", \"language\": \"es\"}', '45', NULL, '2025-09-07 20:53:15'),
(487, 2, 'UPDATE', 'USER', 2, '{\"username\": \"aleon\", \"email\": \"itbkup24@gmail.com\", \"language\": \"es\"}', '{\"username\": \"aleon\", \"email\": \"itbkup24@gmail.com\", \"language\": \"es\"}', '45', NULL, '2025-09-07 20:53:15'),
(488, 2, 'UPDATE', 'USER', 2, '{\"username\": \"aleon\", \"email\": \"itbkup24@gmail.com\", \"language\": \"es\"}', '{\"username\": \"aleon\", \"email\": \"itbkup24@gmail.com\", \"language\": \"es\"}', '78', NULL, '2025-09-08 19:09:18'),
(489, 2, 'UPDATE', 'USER', 2, '{\"username\": \"aleon\", \"email\": \"itbkup24@gmail.com\", \"language\": \"es\"}', '{\"username\": \"aleon\", \"email\": \"itbkup24@gmail.com\", \"language\": \"es\"}', '79', NULL, '2025-09-08 19:09:38'),
(490, 2, 'UPDATE', 'USER', 2, '{\"username\": \"aleon\", \"email\": \"itbkup24@gmail.com\", \"language\": \"es\"}', '{\"username\": \"aleon\", \"email\": \"itbkup24@gmail.com\", \"language\": \"es\"}', '100', NULL, '2025-09-09 22:24:26'),
(491, 2, 'UPDATE', 'USER', 2, '{\"username\": \"aleon\", \"email\": \"itbkup24@gmail.com\", \"language\": \"es\"}', '{\"username\": \"aleon\", \"email\": \"itbkup24@gmail.com\", \"language\": \"es\"}', '100', NULL, '2025-09-09 22:24:26'),
(492, NULL, 'UPDATE', 'SETTINGS', 1, '{\"setting_key\": \"company_display_name\", \"setting_value\": \"PAPITWO\"}', '{\"setting_key\": \"company_display_name\", \"setting_value\": \"Entropic Networks\"}', '103', NULL, '2025-09-09 22:24:43'),
(493, 2, 'UPDATE', 'USER', 2, '{\"username\": \"aleon\", \"email\": \"itbkup24@gmail.com\", \"language\": \"es\"}', '{\"username\": \"aleon\", \"email\": \"itbkup24@gmail.com\", \"language\": \"es\"}', '115', NULL, '2025-09-09 22:34:41'),
(494, 2, 'UPDATE', 'USER', 2, '{\"username\": \"aleon\", \"email\": \"itbkup24@gmail.com\", \"language\": \"es\"}', '{\"username\": \"aleon\", \"email\": \"itbkup24@gmail.com\", \"language\": \"es\"}', '118', NULL, '2025-09-09 22:34:46'),
(495, 2, 'UPDATE', 'USER', 2, '{\"username\": \"aleon\", \"email\": \"itbkup24@gmail.com\", \"language\": \"es\"}', '{\"username\": \"aleon\", \"email\": \"itbkup24@gmail.com\", \"language\": \"es\"}', '121', NULL, '2025-09-09 22:34:52'),
(496, 2, 'UPDATE', 'USER', 2, '{\"username\": \"aleon\", \"email\": \"itbkup24@gmail.com\", \"language\": \"es\"}', '{\"username\": \"aleon\", \"email\": \"itbkup24@gmail.com\", \"language\": \"es\"}', '124', NULL, '2025-09-09 22:35:04'),
(497, 2, 'UPDATE', 'USER', 2, '{\"username\": \"aleon\", \"email\": \"itbkup24@gmail.com\", \"language\": \"es\"}', '{\"username\": \"aleon\", \"email\": \"itbkup24@gmail.com\", \"language\": \"es\"}', '124', NULL, '2025-09-09 22:35:04'),
(498, 2, 'UPDATE', 'USER', 2, '{\"username\": \"aleon\", \"email\": \"itbkup24@gmail.com\", \"language\": \"es\"}', '{\"username\": \"aleon\", \"email\": \"itbkup24@gmail.com\", \"language\": \"es\"}', '139', NULL, '2025-09-09 22:43:16'),
(499, 2, 'UPDATE', 'USER', 2, '{\"username\": \"aleon\", \"email\": \"itbkup24@gmail.com\", \"language\": \"es\"}', '{\"username\": \"aleon\", \"email\": \"itbkup24@gmail.com\", \"language\": \"es\"}', '140', NULL, '2025-09-09 22:43:22'),
(500, 2, 'UPDATE', 'USER', 2, '{\"username\": \"aleon\", \"email\": \"itbkup24@gmail.com\", \"language\": \"es\"}', '{\"username\": \"aleon\", \"email\": \"itbkup24@gmail.com\", \"language\": \"es\"}', '140', NULL, '2025-09-09 22:43:22'),
(501, 2, 'UPDATE', 'USER', 2, '{\"username\": \"aleon\", \"email\": \"itbkup24@gmail.com\", \"language\": \"es\"}', '{\"username\": \"aleon\", \"email\": \"itbkup24@gmail.com\", \"language\": \"es\"}', '176', NULL, '2025-09-09 23:06:52'),
(502, 2, 'UPDATE', 'USER', 2, '{\"username\": \"aleon\", \"email\": \"itbkup24@gmail.com\", \"language\": \"es\"}', '{\"username\": \"aleon\", \"email\": \"itbkup24@gmail.com\", \"language\": \"es\"}', '176', NULL, '2025-09-09 23:06:52'),
(503, 2, 'UPDATE', 'USER', 2, '{\"username\": \"aleon\", \"email\": \"itbkup24@gmail.com\", \"language\": \"es\"}', '{\"username\": \"aleon\", \"email\": \"itbkup24@gmail.com\", \"language\": \"es\"}', '181', NULL, '2025-09-09 23:09:15'),
(504, 2, 'UPDATE', 'USER', 2, '{\"username\": \"aleon\", \"email\": \"itbkup24@gmail.com\", \"language\": \"es\"}', '{\"username\": \"aleon\", \"email\": \"itbkup24@gmail.com\", \"language\": \"es\"}', '182', NULL, '2025-09-09 23:09:19'),
(505, 2, 'UPDATE', 'USER', 2, '{\"username\": \"aleon\", \"email\": \"itbkup24@gmail.com\", \"language\": \"es\"}', '{\"username\": \"aleon\", \"email\": \"itbkup24@gmail.com\", \"language\": \"es\"}', '182', NULL, '2025-09-09 23:09:19'),
(506, 2, 'UPDATE', 'USER', 2, '{\"username\": \"aleon\", \"email\": \"itbkup24@gmail.com\", \"language\": \"es\"}', '{\"username\": \"aleon\", \"email\": \"itbkup24@gmail.com\", \"language\": \"es\"}', '197', NULL, '2025-09-09 23:19:38'),
(507, 4, 'UPDATE', 'USER', 4, '{\"username\": \"ggaleano\", \"email\": \"galeano@local.com\", \"language\": \"es\"}', '{\"username\": \"ggaleano\", \"email\": \"galeano@local.com\", \"language\": \"es\"}', '210', NULL, '2025-09-09 23:34:32'),
(508, 4, 'UPDATE', 'USER', 4, '{\"username\": \"ggaleano\", \"email\": \"galeano@local.com\", \"language\": \"es\"}', '{\"username\": \"ggaleano\", \"email\": \"galeano@local.com\", \"language\": \"es\"}', '212', NULL, '2025-09-09 23:34:37'),
(509, 4, 'UPDATE', 'USER', 4, '{\"username\": \"ggaleano\", \"email\": \"galeano@local.com\", \"language\": \"es\"}', '{\"username\": \"ggaleano\", \"email\": \"galeano@local.com\", \"language\": \"es\"}', '219', NULL, '2025-09-09 23:36:09'),
(510, 4, 'UPDATE', 'USER', 4, '{\"username\": \"ggaleano\", \"email\": \"galeano@local.com\", \"language\": \"es\"}', '{\"username\": \"ggaleano\", \"email\": \"galeano@local.com\", \"language\": \"es\"}', '295', NULL, '2025-09-10 00:06:04'),
(511, 4, 'UPDATE', 'USER', 4, '{\"username\": \"ggaleano\", \"email\": \"galeano@local.com\", \"language\": \"es\"}', '{\"username\": \"ggaleano\", \"email\": \"galeano@local.com\", \"language\": \"es\"}', '295', NULL, '2025-09-10 00:06:04'),
(512, 2, 'UPDATE', 'USER', 2, '{\"username\": \"aleon\", \"email\": \"itbkup24@gmail.com\", \"language\": \"es\"}', '{\"username\": \"aleon\", \"email\": \"itbkup24@gmail.com\", \"language\": \"es\"}', '305', NULL, '2025-09-10 09:49:32'),
(513, 2, 'UPDATE', 'USER', 2, '{\"username\": \"aleon\", \"email\": \"itbkup24@gmail.com\", \"language\": \"es\"}', '{\"username\": \"aleon\", \"email\": \"itbkup24@gmail.com\", \"language\": \"es\"}', '305', NULL, '2025-09-10 09:49:32'),
(514, 2, 'UPDATE', 'USER', 2, '{\"username\": \"aleon\", \"email\": \"itbkup24@gmail.com\", \"language\": \"es\"}', '{\"username\": \"aleon\", \"email\": \"itbkup24@gmail.com\", \"language\": \"es\"}', '313', NULL, '2025-09-10 15:59:45'),
(515, 2, 'UPDATE', 'USER', 2, '{\"username\": \"aleon\", \"email\": \"itbkup24@gmail.com\", \"language\": \"es\"}', '{\"username\": \"aleon\", \"email\": \"itbkup24@gmail.com\", \"language\": \"es\"}', '313', NULL, '2025-09-10 15:59:45'),
(516, 2, 'UPDATE', 'USER', 2, '{\"username\": \"aleon\", \"email\": \"itbkup24@gmail.com\", \"language\": \"es\"}', '{\"username\": \"aleon\", \"email\": \"itbkup24@gmail.com\", \"language\": \"es\"}', '317', NULL, '2025-09-10 16:05:31'),
(517, 2, 'UPDATE', 'USER', 2, '{\"username\": \"aleon\", \"email\": \"itbkup24@gmail.com\", \"language\": \"es\"}', '{\"username\": \"aleon\", \"email\": \"itbkup24@gmail.com\", \"language\": \"es\"}', '318', NULL, '2025-09-10 16:05:37'),
(518, 2, 'UPDATE', 'USER', 2, '{\"username\": \"aleon\", \"email\": \"itbkup24@gmail.com\", \"language\": \"es\"}', '{\"username\": \"aleon\", \"email\": \"itbkup24@gmail.com\", \"language\": \"es\"}', '318', NULL, '2025-09-10 16:05:37'),
(519, 3, 'UPDATE', 'USER', 3, '{\"username\": \"janderson\", \"email\": \"anderson@local.com\", \"language\": \"es\"}', '{\"username\": \"janderson\", \"email\": \"anderson@local.com\", \"language\": \"es\"}', '330', NULL, '2025-09-10 21:20:51'),
(520, 3, 'UPDATE', 'USER', 3, '{\"username\": \"janderson\", \"email\": \"anderson@local.com\", \"language\": \"es\"}', '{\"username\": \"janderson\", \"email\": \"anderson@local.com\", \"language\": \"es\"}', '330', NULL, '2025-09-10 21:20:51'),
(521, 2, 'UPDATE', 'USER', 2, '{\"username\": \"aleon\", \"email\": \"itbkup24@gmail.com\", \"language\": \"es\"}', '{\"username\": \"aleon\", \"email\": \"itbkup24@gmail.com\", \"language\": \"es\"}', '358', NULL, '2025-09-10 21:32:36'),
(522, 2, 'UPDATE', 'USER', 2, '{\"username\": \"aleon\", \"email\": \"itbkup24@gmail.com\", \"language\": \"es\"}', '{\"username\": \"aleon\", \"email\": \"itbkup24@gmail.com\", \"language\": \"es\"}', '359', NULL, '2025-09-10 21:32:42'),
(523, 2, 'UPDATE', 'USER', 2, '{\"username\": \"aleon\", \"email\": \"itbkup24@gmail.com\", \"language\": \"es\"}', '{\"username\": \"aleon\", \"email\": \"itbkup24@gmail.com\", \"language\": \"es\"}', '359', NULL, '2025-09-10 21:32:42'),
(524, 2, 'UPDATE', 'USER', 2, '{\"username\": \"aleon\", \"email\": \"itbkup24@gmail.com\", \"language\": \"es\"}', '{\"username\": \"aleon\", \"email\": \"itbkup24@gmail.com\", \"language\": \"es\"}', '385', NULL, '2025-09-10 21:36:01'),
(525, 2, 'UPDATE', 'USER', 2, '{\"username\": \"aleon\", \"email\": \"itbkup24@gmail.com\", \"language\": \"es\"}', '{\"username\": \"aleon\", \"email\": \"itbkup24@gmail.com\", \"language\": \"es\"}', '386', NULL, '2025-09-10 21:36:11'),
(526, 2, 'UPDATE', 'USER', 2, '{\"username\": \"aleon\", \"email\": \"itbkup24@gmail.com\", \"language\": \"es\"}', '{\"username\": \"aleon\", \"email\": \"itbkup24@gmail.com\", \"language\": \"es\"}', '387', NULL, '2025-09-10 21:36:16'),
(527, 2, 'UPDATE', 'USER', 2, '{\"username\": \"aleon\", \"email\": \"itbkup24@gmail.com\", \"language\": \"es\"}', '{\"username\": \"aleon\", \"email\": \"itbkup24@gmail.com\", \"language\": \"es\"}', '387', NULL, '2025-09-10 21:36:16'),
(528, 3, 'UPDATE', 'USER', 3, '{\"username\": \"janderson\", \"email\": \"anderson@local.com\", \"language\": \"es\"}', '{\"username\": \"janderson\", \"email\": \"anderson@local.com\", \"language\": \"es\"}', '498', NULL, '2025-09-10 21:58:20'),
(529, 3, 'UPDATE', 'USER', 3, '{\"username\": \"janderson\", \"email\": \"anderson@local.com\", \"language\": \"es\"}', '{\"username\": \"janderson\", \"email\": \"anderson@local.com\", \"language\": \"es\"}', '498', NULL, '2025-09-10 21:58:20'),
(530, 2, 'UPDATE', 'USER', 2, '{\"username\": \"aleon\", \"email\": \"itbkup24@gmail.com\", \"language\": \"es\"}', '{\"username\": \"aleon\", \"email\": \"itbkup24@gmail.com\", \"language\": \"es\"}', '508', NULL, '2025-09-10 22:04:15'),
(531, 2, 'UPDATE', 'USER', 2, '{\"username\": \"aleon\", \"email\": \"itbkup24@gmail.com\", \"language\": \"es\"}', '{\"username\": \"aleon\", \"email\": \"itbkup24@gmail.com\", \"language\": \"es\"}', '508', NULL, '2025-09-10 22:04:15'),
(532, 2, 'UPDATE', 'USER', 2, '{\"username\": \"aleon\", \"email\": \"itbkup24@gmail.com\", \"language\": \"es\"}', '{\"username\": \"aleon\", \"email\": \"itbkup24@gmail.com\", \"language\": \"es\"}', '573', NULL, '2025-09-10 22:20:44'),
(533, 2, 'UPDATE', 'USER', 2, '{\"username\": \"aleon\", \"email\": \"itbkup24@gmail.com\", \"language\": \"es\"}', '{\"username\": \"aleon\", \"email\": \"itbkup24@gmail.com\", \"language\": \"es\"}', '574', NULL, '2025-09-10 22:20:50'),
(534, 2, 'UPDATE', 'USER', 2, '{\"username\": \"aleon\", \"email\": \"itbkup24@gmail.com\", \"language\": \"es\"}', '{\"username\": \"aleon\", \"email\": \"itbkup24@gmail.com\", \"language\": \"es\"}', '574', NULL, '2025-09-10 22:20:50'),
(535, 2, 'UPDATE', 'USER', 2, '{\"username\": \"aleon\", \"email\": \"itbkup24@gmail.com\", \"language\": \"es\"}', '{\"username\": \"aleon\", \"email\": \"itbkup24@gmail.com\", \"language\": \"es\"}', '10', NULL, '2025-09-11 08:52:38'),
(536, 2, 'UPDATE', 'USER', 2, '{\"username\": \"aleon\", \"email\": \"itbkup24@gmail.com\", \"language\": \"es\"}', '{\"username\": \"aleon\", \"email\": \"itbkup24@gmail.com\", \"language\": \"es\"}', '10', NULL, '2025-09-11 08:52:38'),
(537, 2, 'UPDATE', 'USER', 2, '{\"username\": \"aleon\", \"email\": \"itbkup24@gmail.com\", \"language\": \"es\"}', '{\"username\": \"aleon\", \"email\": \"itbkup24@gmail.com\", \"language\": \"es\"}', '153', NULL, '2025-09-11 09:44:23'),
(538, 2, 'UPDATE', 'USER', 2, '{\"username\": \"aleon\", \"email\": \"itbkup24@gmail.com\", \"language\": \"es\"}', '{\"username\": \"aleon\", \"email\": \"itbkup24@gmail.com\", \"language\": \"es\"}', '153', NULL, '2025-09-11 09:44:23'),
(539, 2, 'UPDATE', 'USER', 2, '{\"username\": \"aleon\", \"email\": \"itbkup24@gmail.com\", \"language\": \"es\"}', '{\"username\": \"aleon\", \"email\": \"itbkup24@gmail.com\", \"language\": \"es\"}', '10', NULL, '2025-09-11 15:10:34'),
(540, 2, 'UPDATE', 'USER', 2, '{\"username\": \"aleon\", \"email\": \"itbkup24@gmail.com\", \"language\": \"es\"}', '{\"username\": \"aleon\", \"email\": \"itbkup24@gmail.com\", \"language\": \"es\"}', '10', NULL, '2025-09-11 15:10:34'),
(541, 2, 'UPDATE', 'QUOTE', 16, '{\"status\": \"DRAFT\", \"parent_quote_id\": null}', '{\"status\": \"DRAFT\", \"parent_quote_id\": null}', '15', NULL, '2025-09-11 15:10:50'),
(542, 2, 'UPDATE', 'USER', 2, '{\"username\": \"aleon\", \"email\": \"itbkup24@gmail.com\", \"language\": \"es\"}', '{\"username\": \"aleon\", \"email\": \"itbkup24@gmail.com\", \"language\": \"es\"}', '119', NULL, '2025-09-11 15:53:12'),
(543, 2, 'UPDATE', 'USER', 2, '{\"username\": \"aleon\", \"email\": \"itbkup24@gmail.com\", \"language\": \"es\"}', '{\"username\": \"aleon\", \"email\": \"itbkup24@gmail.com\", \"language\": \"es\"}', '120', NULL, '2025-09-11 15:53:18'),
(544, 2, 'UPDATE', 'USER', 2, '{\"username\": \"aleon\", \"email\": \"itbkup24@gmail.com\", \"language\": \"es\"}', '{\"username\": \"aleon\", \"email\": \"itbkup24@gmail.com\", \"language\": \"es\"}', '120', NULL, '2025-09-11 15:53:18'),
(545, 2, 'UPDATE', 'USER', 2, '{\"username\": \"aleon\", \"email\": \"itbkup24@gmail.com\", \"language\": \"es\"}', '{\"username\": \"aleon\", \"email\": \"itbkup24@gmail.com\", \"language\": \"es\"}', '130', NULL, '2025-09-11 15:55:13'),
(546, 2, 'UPDATE', 'USER', 2, '{\"username\": \"aleon\", \"email\": \"itbkup24@gmail.com\", \"language\": \"es\"}', '{\"username\": \"aleon\", \"email\": \"itbkup24@gmail.com\", \"language\": \"es\"}', '131', NULL, '2025-09-11 15:55:18'),
(547, 2, 'UPDATE', 'USER', 2, '{\"username\": \"aleon\", \"email\": \"itbkup24@gmail.com\", \"language\": \"es\"}', '{\"username\": \"aleon\", \"email\": \"itbkup24@gmail.com\", \"language\": \"es\"}', '131', NULL, '2025-09-11 15:55:18'),
(548, 5, 'UPDATE', 'USER', 5, '{\"username\": \"fluna\", \"email\": \"lunaleon@local.com\", \"language\": \"es\"}', '{\"username\": \"fluna\", \"email\": \"lunaleon@local.com\", \"language\": \"es\"}', '147', NULL, '2025-09-11 16:06:56'),
(549, 5, 'UPDATE', 'USER', 5, '{\"username\": \"fluna\", \"email\": \"lunaleon@local.com\", \"language\": \"es\"}', '{\"username\": \"fluna\", \"email\": \"lunaleon@local.com\", \"language\": \"es\"}', '148', NULL, '2025-09-11 16:07:00'),
(550, 5, 'UPDATE', 'USER', 5, '{\"username\": \"fluna\", \"email\": \"lunaleon@local.com\", \"language\": \"es\"}', '{\"username\": \"fluna\", \"email\": \"lunaleon@local.com\", \"language\": \"es\"}', '150', NULL, '2025-09-11 16:07:12'),
(551, 5, 'UPDATE', 'USER', 5, '{\"username\": \"fluna\", \"email\": \"lunaleon@local.com\", \"language\": \"es\"}', '{\"username\": \"fluna\", \"email\": \"lunaleon@local.com\", \"language\": \"es\"}', '151', NULL, '2025-09-11 16:07:24'),
(552, 3, 'UPDATE', 'USER', 3, '{\"username\": \"janderson\", \"email\": \"anderson@local.com\", \"language\": \"es\"}', '{\"username\": \"janderson\", \"email\": \"anderson@local.com\", \"language\": \"es\"}', '152', NULL, '2025-09-11 16:07:29'),
(553, 3, 'UPDATE', 'USER', 3, '{\"username\": \"janderson\", \"email\": \"anderson@local.com\", \"language\": \"es\"}', '{\"username\": \"janderson\", \"email\": \"anderson@local.com\", \"language\": \"es\"}', '152', NULL, '2025-09-11 16:07:29'),
(554, 2, 'UPDATE', 'USER', 2, '{\"username\": \"aleon\", \"email\": \"itbkup24@gmail.com\", \"language\": \"es\"}', '{\"username\": \"aleon\", \"email\": \"itbkup24@gmail.com\", \"language\": \"es\"}', '158', NULL, '2025-09-11 16:07:49'),
(555, 2, 'UPDATE', 'USER', 2, '{\"username\": \"aleon\", \"email\": \"itbkup24@gmail.com\", \"language\": \"es\"}', '{\"username\": \"aleon\", \"email\": \"itbkup24@gmail.com\", \"language\": \"es\"}', '159', NULL, '2025-09-11 16:07:54'),
(556, 2, 'UPDATE', 'USER', 2, '{\"username\": \"aleon\", \"email\": \"itbkup24@gmail.com\", \"language\": \"es\"}', '{\"username\": \"aleon\", \"email\": \"itbkup24@gmail.com\", \"language\": \"es\"}', '159', NULL, '2025-09-11 16:07:54'),
(557, 3, 'UPDATE', 'USER', 3, '{\"username\": \"janderson\", \"email\": \"anderson@local.com\", \"language\": \"es\"}', '{\"username\": \"janderson\", \"email\": \"anderson@local.com\", \"language\": \"es\"}', '164', NULL, '2025-09-11 16:08:18'),
(558, 3, 'UPDATE', 'USER', 3, '{\"username\": \"janderson\", \"email\": \"anderson@local.com\", \"language\": \"es\"}', '{\"username\": \"janderson\", \"email\": \"anderson@local.com\", \"language\": \"es\"}', '166', NULL, '2025-09-11 16:08:24'),
(559, 3, 'UPDATE', 'USER', 3, '{\"username\": \"janderson\", \"email\": \"anderson@local.com\", \"language\": \"es\"}', '{\"username\": \"janderson\", \"email\": \"anderson@local.com\", \"language\": \"es\"}', '166', NULL, '2025-09-11 16:08:24'),
(560, 2, 'UPDATE', 'USER', 2, '{\"username\": \"aleon\", \"email\": \"itbkup24@gmail.com\", \"language\": \"es\"}', '{\"username\": \"aleon\", \"email\": \"itbkup24@gmail.com\", \"language\": \"es\"}', '180', NULL, '2025-09-11 16:09:22'),
(561, 2, 'UPDATE', 'USER', 2, '{\"username\": \"aleon\", \"email\": \"itbkup24@gmail.com\", \"language\": \"es\"}', '{\"username\": \"aleon\", \"email\": \"itbkup24@gmail.com\", \"language\": \"es\"}', '181', NULL, '2025-09-11 16:09:27'),
(562, 2, 'UPDATE', 'USER', 2, '{\"username\": \"aleon\", \"email\": \"itbkup24@gmail.com\", \"language\": \"es\"}', '{\"username\": \"aleon\", \"email\": \"itbkup24@gmail.com\", \"language\": \"es\"}', '182', NULL, '2025-09-11 16:09:34'),
(563, 2, 'UPDATE', 'USER', 2, '{\"username\": \"aleon\", \"email\": \"itbkup24@gmail.com\", \"language\": \"es\"}', '{\"username\": \"aleon\", \"email\": \"itbkup24@gmail.com\", \"language\": \"es\"}', '182', NULL, '2025-09-11 16:09:34'),
(564, 3, 'UPDATE', 'USER', 3, '{\"username\": \"janderson\", \"email\": \"anderson@local.com\", \"language\": \"es\"}', '{\"username\": \"janderson\", \"email\": \"anderson@local.com\", \"language\": \"es\"}', '194', NULL, '2025-09-11 16:11:02'),
(565, 3, 'UPDATE', 'USER', 3, '{\"username\": \"janderson\", \"email\": \"anderson@local.com\", \"language\": \"es\"}', '{\"username\": \"janderson\", \"email\": \"anderson@local.com\", \"language\": \"es\"}', '194', NULL, '2025-09-11 16:11:02'),
(566, 2, 'UPDATE', 'USER', 2, '{\"username\": \"aleon\", \"email\": \"itbkup24@gmail.com\", \"language\": \"es\"}', '{\"username\": \"aleon\", \"email\": \"itbkup24@gmail.com\", \"language\": \"es\"}', '207', NULL, '2025-09-11 16:14:38'),
(567, 2, 'UPDATE', 'USER', 2, '{\"username\": \"aleon\", \"email\": \"itbkup24@gmail.com\", \"language\": \"es\"}', '{\"username\": \"aleon\", \"email\": \"itbkup24@gmail.com\", \"language\": \"es\"}', '208', NULL, '2025-09-11 16:14:42'),
(568, 2, 'UPDATE', 'USER', 2, '{\"username\": \"aleon\", \"email\": \"itbkup24@gmail.com\", \"language\": \"es\"}', '{\"username\": \"aleon\", \"email\": \"itbkup24@gmail.com\", \"language\": \"es\"}', '209', NULL, '2025-09-11 16:14:47'),
(569, 2, 'UPDATE', 'USER', 2, '{\"username\": \"aleon\", \"email\": \"itbkup24@gmail.com\", \"language\": \"es\"}', '{\"username\": \"aleon\", \"email\": \"itbkup24@gmail.com\", \"language\": \"es\"}', '209', NULL, '2025-09-11 16:14:47'),
(570, 3, 'UPDATE', 'USER', 3, '{\"username\": \"janderson\", \"email\": \"anderson@local.com\", \"language\": \"es\"}', '{\"username\": \"janderson\", \"email\": \"anderson@local.com\", \"language\": \"es\"}', '216', NULL, '2025-09-11 16:15:27'),
(571, 3, 'UPDATE', 'USER', 3, '{\"username\": \"janderson\", \"email\": \"anderson@local.com\", \"language\": \"es\"}', '{\"username\": \"janderson\", \"email\": \"anderson@local.com\", \"language\": \"es\"}', '218', NULL, '2025-09-11 16:15:33'),
(572, 3, 'UPDATE', 'USER', 3, '{\"username\": \"janderson\", \"email\": \"anderson@local.com\", \"language\": \"es\"}', '{\"username\": \"janderson\", \"email\": \"anderson@local.com\", \"language\": \"es\"}', '218', NULL, '2025-09-11 16:15:33'),
(573, 2, 'UPDATE', 'USER', 2, '{\"username\": \"aleon\", \"email\": \"itbkup24@gmail.com\", \"language\": \"es\"}', '{\"username\": \"aleon\", \"email\": \"itbkup24@gmail.com\", \"language\": \"es\"}', '225', NULL, '2025-09-11 19:30:41'),
(574, 2, 'UPDATE', 'USER', 2, '{\"username\": \"aleon\", \"email\": \"itbkup24@gmail.com\", \"language\": \"es\"}', '{\"username\": \"aleon\", \"email\": \"itbkup24@gmail.com\", \"language\": \"es\"}', '226', NULL, '2025-09-11 19:30:46'),
(575, 2, 'UPDATE', 'USER', 2, '{\"username\": \"aleon\", \"email\": \"itbkup24@gmail.com\", \"language\": \"es\"}', '{\"username\": \"aleon\", \"email\": \"itbkup24@gmail.com\", \"language\": \"es\"}', '226', NULL, '2025-09-11 19:30:46'),
(576, 2, 'UPDATE', 'USER', 2, '{\"username\": \"aleon\", \"email\": \"itbkup24@gmail.com\", \"language\": \"es\"}', '{\"username\": \"aleon\", \"email\": \"itbkup24@gmail.com\", \"language\": \"es\"}', '281', NULL, '2025-09-11 20:44:12'),
(577, 2, 'UPDATE', 'USER', 2, '{\"username\": \"aleon\", \"email\": \"itbkup24@gmail.com\", \"language\": \"es\"}', '{\"username\": \"aleon\", \"email\": \"itbkup24@gmail.com\", \"language\": \"es\"}', '281', NULL, '2025-09-11 20:44:12'),
(578, 3, 'UPDATE', 'USER', 3, '{\"username\": \"janderson\", \"email\": \"anderson@local.com\", \"language\": \"es\"}', '{\"username\": \"janderson\", \"email\": \"anderson@local.com\", \"language\": \"es\"}', '309', NULL, '2025-09-11 21:09:59'),
(579, 3, 'UPDATE', 'USER', 3, '{\"username\": \"janderson\", \"email\": \"anderson@local.com\", \"language\": \"es\"}', '{\"username\": \"janderson\", \"email\": \"anderson@local.com\", \"language\": \"es\"}', '309', NULL, '2025-09-11 21:09:59'),
(580, 2, 'UPDATE', 'USER', 2, '{\"username\": \"aleon\", \"email\": \"itbkup24@gmail.com\", \"language\": \"es\"}', '{\"username\": \"aleon\", \"email\": \"itbkup24@gmail.com\", \"language\": \"es\"}', '317', NULL, '2025-09-11 21:11:34'),
(581, 2, 'UPDATE', 'USER', 2, '{\"username\": \"aleon\", \"email\": \"itbkup24@gmail.com\", \"language\": \"es\"}', '{\"username\": \"aleon\", \"email\": \"itbkup24@gmail.com\", \"language\": \"es\"}', '318', NULL, '2025-09-11 21:11:39'),
(582, 2, 'UPDATE', 'USER', 2, '{\"username\": \"aleon\", \"email\": \"itbkup24@gmail.com\", \"language\": \"es\"}', '{\"username\": \"aleon\", \"email\": \"itbkup24@gmail.com\", \"language\": \"es\"}', '318', NULL, '2025-09-11 21:11:39'),
(583, NULL, 'UPDATE', 'SETTINGS', 6, '{\"setting_key\": \"timezone\", \"setting_value\": \"America/New_York\"}', '{\"setting_key\": \"timezone\", \"setting_value\": \"Europe/Madrid\"}', '386', NULL, '2025-09-11 21:31:18'),
(584, NULL, 'UPDATE', 'SETTINGS', 7, '{\"setting_key\": \"available_languages\", \"setting_value\": \"[\\\"es\\\"]\"}', '{\"setting_key\": \"available_languages\", \"setting_value\": \"[\\\"en\\\"]\"}', '387', NULL, '2025-09-11 21:31:33'),
(585, 2, 'UPDATE', 'USER', 2, '{\"username\": \"aleon\", \"email\": \"itbkup24@gmail.com\", \"language\": \"es\"}', '{\"username\": \"aleon\", \"email\": \"itbkup24@gmail.com\", \"language\": \"es\"}', '427', NULL, '2025-09-11 21:48:36'),
(586, 2, 'UPDATE', 'USER', 2, '{\"username\": \"aleon\", \"email\": \"itbkup24@gmail.com\", \"language\": \"es\"}', '{\"username\": \"aleon\", \"email\": \"itbkup24@gmail.com\", \"language\": \"es\"}', '427', NULL, '2025-09-11 21:48:36'),
(587, NULL, 'UPDATE', 'SETTINGS', 7, '{\"setting_key\": \"available_languages\", \"setting_value\": \"[\\\"en\\\"]\"}', '{\"setting_key\": \"available_languages\", \"setting_value\": \"[\\\"es\\\"]\"}', '431', NULL, '2025-09-11 21:53:03'),
(588, NULL, 'UPDATE', 'SETTINGS', 5, '{\"setting_key\": \"low_stock_threshold\", \"setting_value\": \"10\"}', '{\"setting_key\": \"low_stock_threshold\", \"setting_value\": \"12\"}', '444', NULL, '2025-09-11 22:03:56'),
(589, NULL, 'UPDATE', 'SETTINGS', 1, '{\"setting_key\": \"company_display_name\", \"setting_value\": \"Entropic Networks\"}', '{\"setting_key\": \"company_display_name\", \"setting_value\": \"Entropic Networks 2\"}', '446', NULL, '2025-09-11 22:06:06'),
(590, NULL, 'UPDATE', 'SETTINGS', 1, '{\"setting_key\": \"company_display_name\", \"setting_value\": \"Entropic Networks 2\"}', '{\"setting_key\": \"company_display_name\", \"setting_value\": \"Entropic Networks\"}', '447', NULL, '2025-09-11 22:06:14'),
(591, 2, 'UPDATE', 'USER', 2, '{\"username\": \"aleon\", \"email\": \"itbkup24@gmail.com\", \"language\": \"es\"}', '{\"username\": \"aleon\", \"email\": \"itbkup24@gmail.com\", \"language\": \"es\"}', '487', NULL, '2025-09-11 22:25:02'),
(592, 2, 'UPDATE', 'USER', 2, '{\"username\": \"aleon\", \"email\": \"itbkup24@gmail.com\", \"language\": \"es\"}', '{\"username\": \"aleon\", \"email\": \"itbkup24@gmail.com\", \"language\": \"es\"}', '488', NULL, '2025-09-11 22:25:07'),
(593, 2, 'UPDATE', 'USER', 2, '{\"username\": \"aleon\", \"email\": \"itbkup24@gmail.com\", \"language\": \"es\"}', '{\"username\": \"aleon\", \"email\": \"itbkup24@gmail.com\", \"language\": \"es\"}', '488', NULL, '2025-09-11 22:25:07'),
(594, 3, 'UPDATE', 'USER', 3, '{\"username\": \"janderson\", \"email\": \"anderson@local.com\", \"language\": \"es\"}', '{\"username\": \"janderson\", \"email\": \"anderson@local.com\", \"language\": \"es\"}', '512', NULL, '2025-09-11 22:34:54'),
(595, 3, 'UPDATE', 'USER', 3, '{\"username\": \"janderson\", \"email\": \"anderson@local.com\", \"language\": \"es\"}', '{\"username\": \"janderson\", \"email\": \"anderson@local.com\", \"language\": \"es\"}', '512', NULL, '2025-09-11 22:34:54'),
(596, 2, 'UPDATE', 'USER', 2, '{\"username\": \"aleon\", \"email\": \"itbkup24@gmail.com\", \"language\": \"es\"}', '{\"username\": \"aleon\", \"email\": \"itbkup24@gmail.com\", \"language\": \"es\"}', '521', NULL, '2025-09-11 22:36:41'),
(597, 4, 'UPDATE', 'USER', 4, '{\"username\": \"ggaleano\", \"email\": \"galeano@local.com\", \"language\": \"es\"}', '{\"username\": \"ggaleano\", \"email\": \"galeano@local.com\", \"language\": \"es\"}', '522', NULL, '2025-09-11 22:36:49'),
(598, 4, 'UPDATE', 'USER', 4, '{\"username\": \"ggaleano\", \"email\": \"galeano@local.com\", \"language\": \"es\"}', '{\"username\": \"ggaleano\", \"email\": \"galeano@local.com\", \"language\": \"es\"}', '523', NULL, '2025-09-11 22:36:54'),
(599, 4, 'UPDATE', 'USER', 4, '{\"username\": \"ggaleano\", \"email\": \"galeano@local.com\", \"language\": \"es\"}', '{\"username\": \"ggaleano\", \"email\": \"galeano@local.com\", \"language\": \"es\"}', '523', NULL, '2025-09-11 22:36:54'),
(600, 2, 'UPDATE', 'USER', 2, '{\"username\": \"aleon\", \"email\": \"itbkup24@gmail.com\", \"language\": \"es\"}', '{\"username\": \"aleon\", \"email\": \"itbkup24@gmail.com\", \"language\": \"es\"}', '561', NULL, '2025-09-11 22:46:00'),
(601, 2, 'UPDATE', 'USER', 2, '{\"username\": \"aleon\", \"email\": \"itbkup24@gmail.com\", \"language\": \"es\"}', '{\"username\": \"aleon\", \"email\": \"itbkup24@gmail.com\", \"language\": \"es\"}', '561', NULL, '2025-09-11 22:46:00'),
(602, 2, 'UPDATE', 'USER', 2, '{\"username\": \"aleon\", \"email\": \"itbkup24@gmail.com\", \"language\": \"es\"}', '{\"username\": \"aleon\", \"email\": \"itbkup24@gmail.com\", \"language\": \"es\"}', '585', NULL, '2025-09-12 13:49:06'),
(603, 2, 'UPDATE', 'USER', 2, '{\"username\": \"aleon\", \"email\": \"itbkup24@gmail.com\", \"language\": \"es\"}', '{\"username\": \"aleon\", \"email\": \"itbkup24@gmail.com\", \"language\": \"es\"}', '586', NULL, '2025-09-12 13:49:16'),
(604, 2, 'UPDATE', 'USER', 2, '{\"username\": \"aleon\", \"email\": \"itbkup24@gmail.com\", \"language\": \"es\"}', '{\"username\": \"aleon\", \"email\": \"itbkup24@gmail.com\", \"language\": \"es\"}', '586', NULL, '2025-09-12 13:49:16'),
(605, 3, 'UPDATE', 'USER', 3, '{\"username\": \"janderson\", \"email\": \"anderson@local.com\", \"language\": \"es\"}', '{\"username\": \"janderson\", \"email\": \"anderson@local.com\", \"language\": \"es\"}', '625', NULL, '2025-09-12 14:58:27'),
(606, 3, 'UPDATE', 'USER', 3, '{\"username\": \"janderson\", \"email\": \"anderson@local.com\", \"language\": \"es\"}', '{\"username\": \"janderson\", \"email\": \"anderson@local.com\", \"language\": \"es\"}', '625', NULL, '2025-09-12 14:58:27'),
(607, 2, 'UPDATE', 'USER', 2, '{\"username\": \"aleon\", \"email\": \"itbkup24@gmail.com\", \"language\": \"es\"}', '{\"username\": \"aleon\", \"email\": \"itbkup24@gmail.com\", \"language\": \"es\"}', '628', NULL, '2025-09-12 14:59:00'),
(608, 2, 'UPDATE', 'USER', 2, '{\"username\": \"aleon\", \"email\": \"itbkup24@gmail.com\", \"language\": \"es\"}', '{\"username\": \"aleon\", \"email\": \"itbkup24@gmail.com\", \"language\": \"es\"}', '628', NULL, '2025-09-12 14:59:00'),
(609, 2, 'UPDATE', 'USER', 2, '{\"username\": \"aleon\", \"email\": \"itbkup24@gmail.com\", \"language\": \"es\"}', '{\"username\": \"aleon\", \"email\": \"itbkup24@gmail.com\", \"language\": \"es\"}', '10', NULL, '2025-09-15 18:12:58'),
(610, 2, 'UPDATE', 'USER', 2, '{\"username\": \"aleon\", \"email\": \"itbkup24@gmail.com\", \"language\": \"es\"}', '{\"username\": \"aleon\", \"email\": \"itbkup24@gmail.com\", \"language\": \"es\"}', '10', NULL, '2025-09-15 18:12:58'),
(611, 2, 'UPDATE', 'USER', 2, '{\"username\": \"aleon\", \"email\": \"itbkup24@gmail.com\", \"language\": \"es\"}', '{\"username\": \"aleon\", \"email\": \"itbkup24@gmail.com\", \"language\": \"es\"}', '35', NULL, '2025-09-16 17:46:42'),
(612, 2, 'UPDATE', 'USER', 2, '{\"username\": \"aleon\", \"email\": \"itbkup24@gmail.com\", \"language\": \"es\"}', '{\"username\": \"aleon\", \"email\": \"itbkup24@gmail.com\", \"language\": \"es\"}', '36', NULL, '2025-09-16 17:46:47'),
(613, 2, 'UPDATE', 'USER', 2, '{\"username\": \"aleon\", \"email\": \"itbkup24@gmail.com\", \"language\": \"es\"}', '{\"username\": \"aleon\", \"email\": \"itbkup24@gmail.com\", \"language\": \"es\"}', '36', NULL, '2025-09-16 17:46:47'),
(614, 3, 'UPDATE', 'USER', 3, '{\"username\": \"janderson\", \"email\": \"anderson@local.com\", \"language\": \"es\"}', '{\"username\": \"janderson\", \"email\": \"anderson@local.com\", \"language\": \"es\"}', '40', NULL, '2025-09-16 17:57:15'),
(615, 3, 'UPDATE', 'USER', 3, '{\"username\": \"janderson\", \"email\": \"anderson@local.com\", \"language\": \"es\"}', '{\"username\": \"janderson\", \"email\": \"anderson@local.com\", \"language\": \"es\"}', '40', NULL, '2025-09-16 17:57:15'),
(616, 2, 'UPDATE', 'USER', 2, '{\"username\": \"aleon\", \"email\": \"itbkup24@gmail.com\", \"language\": \"es\"}', '{\"username\": \"aleon\", \"email\": \"itbkup24@gmail.com\", \"language\": \"es\"}', '44', NULL, '2025-09-16 18:02:00'),
(617, 2, 'UPDATE', 'USER', 2, '{\"username\": \"aleon\", \"email\": \"itbkup24@gmail.com\", \"language\": \"es\"}', '{\"username\": \"aleon\", \"email\": \"itbkup24@gmail.com\", \"language\": \"es\"}', '44', NULL, '2025-09-16 18:02:00'),
(618, 3, 'UPDATE', 'USER', 3, '{\"username\": \"janderson\", \"email\": \"anderson@local.com\", \"language\": \"es\"}', '{\"username\": \"janderson\", \"email\": \"anderson@local.com\", \"language\": \"es\"}', '173', NULL, '2025-09-16 19:00:14'),
(619, 3, 'UPDATE', 'USER', 3, '{\"username\": \"janderson\", \"email\": \"anderson@local.com\", \"language\": \"es\"}', '{\"username\": \"janderson\", \"email\": \"anderson@local.com\", \"language\": \"es\"}', '173', NULL, '2025-09-16 19:00:14'),
(620, 2, 'UPDATE', 'USER', 2, '{\"username\": \"aleon\", \"email\": \"itbkup24@gmail.com\", \"language\": \"es\"}', '{\"username\": \"aleon\", \"email\": \"itbkup24@gmail.com\", \"language\": \"es\"}', '187', NULL, '2025-09-16 19:19:38'),
(621, 2, 'UPDATE', 'USER', 2, '{\"username\": \"aleon\", \"email\": \"itbkup24@gmail.com\", \"language\": \"es\"}', '{\"username\": \"aleon\", \"email\": \"itbkup24@gmail.com\", \"language\": \"es\"}', '187', NULL, '2025-09-16 19:19:38'),
(622, 5, 'UPDATE', 'USER', 5, '{\"username\": \"fluna\", \"email\": \"lunaleon@local.com\", \"language\": \"es\"}', '{\"username\": \"fluna\", \"email\": \"lunaleon@local.com\", \"language\": \"es\"}', '241', NULL, '2025-09-16 19:54:35'),
(623, 6, 'INSERT', 'USER', 6, NULL, '{\"username\": \"jleon\", \"email\": \"jleon@local.com\"}', '348', NULL, '2025-09-16 21:29:17'),
(624, 6, 'UPDATE', 'USER', 6, '{\"username\": \"jleon\", \"email\": \"jleon@local.com\", \"language\": \"es\"}', '{\"username\": \"jleon\", \"email\": \"jleon@local.com\", \"language\": \"es\"}', '352', NULL, '2025-09-16 21:29:37'),
(625, 6, 'UPDATE', 'USER', 6, '{\"username\": \"jleon\", \"email\": \"jleon@local.com\", \"language\": \"es\"}', '{\"username\": \"jleon\", \"email\": \"jleon@local.com\", \"language\": \"es\"}', '352', NULL, '2025-09-16 21:29:37'),
(626, 4, 'UPDATE', 'USER', 4, '{\"username\": \"ggaleano\", \"email\": \"galeano@local.com\", \"language\": \"es\"}', '{\"username\": \"ggaleano\", \"email\": \"galeano@local.com\", \"language\": \"es\"}', '392', NULL, '2025-09-16 21:34:40'),
(627, 5, 'UPDATE', 'USER', 5, '{\"username\": \"fluna\", \"email\": \"lunaleon@local.com\", \"language\": \"es\"}', '{\"username\": \"fluna\", \"email\": \"lunaleon@local.com\", \"language\": \"es\"}', '394', NULL, '2025-09-16 21:34:44'),
(628, 6, 'UPDATE', 'USER', 6, '{\"username\": \"jleon\", \"email\": \"jleon@local.com\", \"language\": \"es\"}', '{\"username\": \"jleon\", \"email\": \"jleon@local.com\", \"language\": \"es\"}', '398', NULL, '2025-09-16 21:34:52'),
(629, 2, 'UPDATE', 'USER', 2, '{\"username\": \"aleon\", \"email\": \"itbkup24@gmail.com\", \"language\": \"es\"}', '{\"username\": \"aleon\", \"email\": \"itbkup24@gmail.com\", \"language\": \"es\"}', '425', NULL, '2025-09-16 21:37:34'),
(630, 2, 'UPDATE', 'USER', 2, '{\"username\": \"aleon\", \"email\": \"itbkup24@gmail.com\", \"language\": \"es\"}', '{\"username\": \"aleon\", \"email\": \"itbkup24@gmail.com\", \"language\": \"es\"}', '425', NULL, '2025-09-16 21:37:34'),
(631, 5, 'UPDATE', 'USER', 5, '{\"username\": \"fluna\", \"email\": \"lunaleon@local.com\", \"language\": \"es\"}', '{\"username\": \"fluna\", \"email\": \"lunaleon@local.com\", \"language\": \"es\"}', '436', NULL, '2025-09-16 21:45:55'),
(632, 5, 'UPDATE', 'USER', 5, '{\"username\": \"fluna\", \"email\": \"lunaleon@local.com\", \"language\": \"es\"}', '{\"username\": \"fluna\", \"email\": \"lunaleon@local.com\", \"language\": \"es\"}', '440', NULL, '2025-09-16 21:46:57'),
(633, 2, 'UPDATE', 'USER', 2, '{\"username\": \"aleon\", \"email\": \"itbkup24@gmail.com\", \"language\": \"es\"}', '{\"username\": \"aleon\", \"email\": \"itbkup24@gmail.com\", \"language\": \"es\"}', '501', NULL, '2025-09-16 23:24:24'),
(634, 2, 'UPDATE', 'USER', 2, '{\"username\": \"aleon\", \"email\": \"itbkup24@gmail.com\", \"language\": \"es\"}', '{\"username\": \"aleon\", \"email\": \"itbkup24@gmail.com\", \"language\": \"es\"}', '502', NULL, '2025-09-16 23:24:33'),
(635, 2, 'UPDATE', 'USER', 2, '{\"username\": \"aleon\", \"email\": \"itbkup24@gmail.com\", \"language\": \"es\"}', '{\"username\": \"aleon\", \"email\": \"itbkup24@gmail.com\", \"language\": \"es\"}', '503', NULL, '2025-09-16 23:24:38'),
(636, 2, 'UPDATE', 'USER', 2, '{\"username\": \"aleon\", \"email\": \"itbkup24@gmail.com\", \"language\": \"es\"}', '{\"username\": \"aleon\", \"email\": \"itbkup24@gmail.com\", \"language\": \"es\"}', '503', NULL, '2025-09-16 23:24:38'),
(637, 2, 'UPDATE', 'USER', 2, '{\"username\": \"aleon\", \"email\": \"itbkup24@gmail.com\", \"language\": \"es\"}', '{\"username\": \"aleon\", \"email\": \"itbkup24@gmail.com\", \"language\": \"es\"}', '10', NULL, '2025-09-18 19:26:12'),
(638, 2, 'UPDATE', 'USER', 2, '{\"username\": \"aleon\", \"email\": \"itbkup24@gmail.com\", \"language\": \"es\"}', '{\"username\": \"aleon\", \"email\": \"itbkup24@gmail.com\", \"language\": \"es\"}', '10', NULL, '2025-09-18 19:26:12'),
(639, NULL, 'INSERT', 'SETTINGS', 16, NULL, '{\"setting_key\": \"company_logo\", \"setting_value\": \"\"}', '166', NULL, '2025-09-18 20:32:54'),
(640, NULL, 'UPDATE', 'SETTINGS', 16, '{\"setting_key\": \"company_logo\", \"setting_value\": \"\"}', '{\"setting_key\": \"company_logo\", \"setting_value\": \"/crm-project/public/uploads/company_logo_1758227866.png\"}', '187', NULL, '2025-09-18 20:37:46'),
(641, NULL, 'INSERT', 'SETTINGS', 18, NULL, '{\"setting_key\": \"company_slogan\", \"setting_value\": \"\"}', '218', NULL, '2025-09-18 20:40:08'),
(642, NULL, 'UPDATE', 'SETTINGS', 18, '{\"setting_key\": \"company_slogan\", \"setting_value\": \"\"}', '{\"setting_key\": \"company_slogan\", \"setting_value\": \"La mejor y la que la tiene mas larga\"}', '228', NULL, '2025-09-18 20:40:52'),
(643, NULL, 'UPDATE', 'SETTINGS', 18, '{\"setting_key\": \"company_slogan\", \"setting_value\": \"La mejor y la que la tiene mas larga\"}', '{\"setting_key\": \"company_slogan\", \"setting_value\": \"La entropa es caos. Entropic Network es control.\"}', '272', NULL, '2025-09-18 21:12:10'),
(644, 3, 'UPDATE', 'USER', 3, '{\"username\": \"janderson\", \"email\": \"anderson@local.com\", \"language\": \"es\"}', '{\"username\": \"janderson\", \"email\": \"anderson@local.com\", \"language\": \"es\"}', '286', NULL, '2025-09-18 21:15:00'),
(645, 3, 'UPDATE', 'USER', 3, '{\"username\": \"janderson\", \"email\": \"anderson@local.com\", \"language\": \"es\"}', '{\"username\": \"janderson\", \"email\": \"anderson@local.com\", \"language\": \"es\"}', '286', NULL, '2025-09-18 21:15:00'),
(646, 2, 'UPDATE', 'USER', 2, '{\"username\": \"aleon\", \"email\": \"itbkup24@gmail.com\", \"language\": \"es\"}', '{\"username\": \"aleon\", \"email\": \"itbkup24@gmail.com\", \"language\": \"es\"}', '292', NULL, '2025-09-18 21:15:23'),
(647, 2, 'UPDATE', 'USER', 2, '{\"username\": \"aleon\", \"email\": \"itbkup24@gmail.com\", \"language\": \"es\"}', '{\"username\": \"aleon\", \"email\": \"itbkup24@gmail.com\", \"language\": \"es\"}', '292', NULL, '2025-09-18 21:15:23'),
(648, 6, 'UPDATE', 'USER', 6, '{\"username\": \"jleon\", \"email\": \"jleon@local.com\", \"language\": \"es\"}', '{\"username\": \"jleon\", \"email\": \"jleon@local.com\", \"language\": \"es\"}', '303', NULL, '2025-09-18 21:16:21'),
(649, 3, 'UPDATE', 'USER', 3, '{\"username\": \"janderson\", \"email\": \"anderson@local.com\", \"language\": \"es\"}', '{\"username\": \"janderson\", \"email\": \"anderson@local.com\", \"language\": \"es\"}', '306', NULL, '2025-09-18 21:16:44'),
(650, 3, 'UPDATE', 'USER', 3, '{\"username\": \"janderson\", \"email\": \"anderson@local.com\", \"language\": \"es\"}', '{\"username\": \"janderson\", \"email\": \"anderson@local.com\", \"language\": \"es\"}', '308', NULL, '2025-09-18 21:16:51'),
(651, 3, 'UPDATE', 'USER', 3, '{\"username\": \"janderson\", \"email\": \"anderson@local.com\", \"language\": \"es\"}', '{\"username\": \"janderson\", \"email\": \"anderson@local.com\", \"language\": \"es\"}', '308', NULL, '2025-09-18 21:16:51'),
(652, 3, 'UPDATE', 'USER', 3, '{\"username\": \"janderson\", \"email\": \"anderson@local.com\", \"language\": \"es\"}', '{\"username\": \"janderson\", \"email\": \"anderson@local.com\", \"language\": \"es\"}', '319', NULL, '2025-09-18 21:21:53'),
(653, 3, 'UPDATE', 'USER', 3, '{\"username\": \"janderson\", \"email\": \"anderson@local.com\", \"language\": \"es\"}', '{\"username\": \"janderson\", \"email\": \"anderson@local.com\", \"language\": \"es\"}', '319', NULL, '2025-09-18 21:21:53'),
(654, 4, 'UPDATE', 'USER', 4, '{\"username\": \"ggaleano\", \"email\": \"galeano@local.com\", \"language\": \"es\"}', '{\"username\": \"ggaleano\", \"email\": \"galeano@local.com\", \"language\": \"es\"}', '367', NULL, '2025-09-18 21:48:27'),
(655, 4, 'UPDATE', 'USER', 4, '{\"username\": \"ggaleano\", \"email\": \"galeano@local.com\", \"language\": \"es\"}', '{\"username\": \"ggaleano\", \"email\": \"galeano@local.com\", \"language\": \"es\"}', '368', NULL, '2025-09-18 21:48:33');
INSERT INTO `audit_logs` (`audit_id`, `user_id`, `action`, `entity_type`, `entity_id`, `old_value`, `new_value`, `ip_address`, `user_agent`, `created_at`) VALUES
(656, 4, 'UPDATE', 'USER', 4, '{\"username\": \"ggaleano\", \"email\": \"galeano@local.com\", \"language\": \"es\"}', '{\"username\": \"ggaleano\", \"email\": \"galeano@local.com\", \"language\": \"es\"}', '368', NULL, '2025-09-18 21:48:33'),
(657, 3, 'UPDATE', 'USER', 3, '{\"username\": \"janderson\", \"email\": \"anderson@local.com\", \"language\": \"es\"}', '{\"username\": \"janderson\", \"email\": \"anderson@local.com\", \"language\": \"es\"}', '373', NULL, '2025-09-18 21:49:55'),
(658, 3, 'UPDATE', 'USER', 3, '{\"username\": \"janderson\", \"email\": \"anderson@local.com\", \"language\": \"es\"}', '{\"username\": \"janderson\", \"email\": \"anderson@local.com\", \"language\": \"es\"}', '373', NULL, '2025-09-18 21:49:55'),
(659, 2, 'UPDATE', 'USER', 2, '{\"username\": \"aleon\", \"email\": \"itbkup24@gmail.com\", \"language\": \"es\"}', '{\"username\": \"aleon\", \"email\": \"itbkup24@gmail.com\", \"language\": \"es\"}', '382', NULL, '2025-09-18 21:54:34'),
(660, 2, 'UPDATE', 'USER', 2, '{\"username\": \"aleon\", \"email\": \"itbkup24@gmail.com\", \"language\": \"es\"}', '{\"username\": \"aleon\", \"email\": \"itbkup24@gmail.com\", \"language\": \"es\"}', '383', NULL, '2025-09-18 21:54:39'),
(661, 2, 'UPDATE', 'USER', 2, '{\"username\": \"aleon\", \"email\": \"itbkup24@gmail.com\", \"language\": \"es\"}', '{\"username\": \"aleon\", \"email\": \"itbkup24@gmail.com\", \"language\": \"es\"}', '383', NULL, '2025-09-18 21:54:39'),
(662, 3, 'UPDATE', 'USER', 3, '{\"username\": \"janderson\", \"email\": \"anderson@local.com\", \"language\": \"es\"}', '{\"username\": \"janderson\", \"email\": \"anderson@local.com\", \"language\": \"es\"}', '391', NULL, '2025-09-18 21:55:14'),
(663, 3, 'UPDATE', 'USER', 3, '{\"username\": \"janderson\", \"email\": \"anderson@local.com\", \"language\": \"es\"}', '{\"username\": \"janderson\", \"email\": \"anderson@local.com\", \"language\": \"es\"}', '393', NULL, '2025-09-18 21:55:33'),
(664, 3, 'UPDATE', 'USER', 3, '{\"username\": \"janderson\", \"email\": \"anderson@local.com\", \"language\": \"es\"}', '{\"username\": \"janderson\", \"email\": \"anderson@local.com\", \"language\": \"es\"}', '393', NULL, '2025-09-18 21:55:33'),
(665, 3, 'UPDATE', 'USER', 3, '{\"username\": \"janderson\", \"email\": \"anderson@local.com\", \"language\": \"es\"}', '{\"username\": \"janderson\", \"email\": \"anderson@local.com\", \"language\": \"es\"}', '400', NULL, '2025-09-18 21:59:29'),
(666, 3, 'UPDATE', 'USER', 3, '{\"username\": \"janderson\", \"email\": \"anderson@local.com\", \"language\": \"es\"}', '{\"username\": \"janderson\", \"email\": \"anderson@local.com\", \"language\": \"es\"}', '400', NULL, '2025-09-18 21:59:29'),
(667, 2, 'UPDATE', 'USER', 2, '{\"username\": \"aleon\", \"email\": \"itbkup24@gmail.com\", \"language\": \"es\"}', '{\"username\": \"aleon\", \"email\": \"itbkup24@gmail.com\", \"language\": \"es\"}', '405', NULL, '2025-09-18 21:59:48'),
(668, 2, 'UPDATE', 'USER', 2, '{\"username\": \"aleon\", \"email\": \"itbkup24@gmail.com\", \"language\": \"es\"}', '{\"username\": \"aleon\", \"email\": \"itbkup24@gmail.com\", \"language\": \"es\"}', '405', NULL, '2025-09-18 21:59:48'),
(669, 3, 'UPDATE', 'USER', 3, '{\"username\": \"janderson\", \"email\": \"anderson@local.com\", \"language\": \"es\"}', '{\"username\": \"janderson\", \"email\": \"anderson@local.com\", \"language\": \"es\"}', '417', NULL, '2025-09-18 22:01:22'),
(670, 5, 'UPDATE', 'USER', 5, '{\"username\": \"fluna\", \"email\": \"lunaleon@local.com\", \"language\": \"es\"}', '{\"username\": \"fluna\", \"email\": \"lunaleon@local.com\", \"language\": \"es\"}', '423', NULL, '2025-09-18 22:01:53'),
(671, 6, 'UPDATE', 'USER', 6, '{\"username\": \"jleon\", \"email\": \"jleon@local.com\", \"language\": \"es\"}', '{\"username\": \"jleon\", \"email\": \"jleon@local.com\", \"language\": \"es\"}', '427', NULL, '2025-09-18 22:02:11'),
(672, 6, 'UPDATE', 'USER', 6, '{\"username\": \"jleon\", \"email\": \"jleon@local.com\", \"language\": \"es\"}', '{\"username\": \"jleon\", \"email\": \"jleon@local.com\", \"language\": \"es\"}', '459', NULL, '2025-09-18 22:05:17'),
(673, 4, 'UPDATE', 'USER', 4, '{\"username\": \"ggaleano\", \"email\": \"galeano@local.com\", \"language\": \"es\"}', '{\"username\": \"ggaleano\", \"email\": \"galeano@local.com\", \"language\": \"es\"}', '460', NULL, '2025-09-18 22:05:20'),
(674, 3, 'UPDATE', 'USER', 3, '{\"username\": \"janderson\", \"email\": \"anderson@local.com\", \"language\": \"es\"}', '{\"username\": \"janderson\", \"email\": \"anderson@local.com\", \"language\": \"es\"}', '461', NULL, '2025-09-18 22:05:23'),
(675, 2, 'UPDATE', 'USER', 2, '{\"username\": \"aleon\", \"email\": \"itbkup24@gmail.com\", \"language\": \"es\"}', '{\"username\": \"aleon\", \"email\": \"itbkup24@gmail.com\", \"language\": \"es\"}', '512', NULL, '2025-09-18 22:27:34'),
(676, 2, 'UPDATE', 'USER', 2, '{\"username\": \"aleon\", \"email\": \"itbkup24@gmail.com\", \"language\": \"es\"}', '{\"username\": \"aleon\", \"email\": \"itbkup24@gmail.com\", \"language\": \"es\"}', '512', NULL, '2025-09-18 22:27:34'),
(677, 2, 'UPDATE', 'USER', 2, '{\"username\": \"aleon\", \"email\": \"itbkup24@gmail.com\", \"language\": \"es\"}', '{\"username\": \"aleon\", \"email\": \"itbkup24@gmail.com\", \"language\": \"es\"}', '548', NULL, '2025-09-19 23:33:54'),
(678, 2, 'UPDATE', 'USER', 2, '{\"username\": \"aleon\", \"email\": \"itbkup24@gmail.com\", \"language\": \"es\"}', '{\"username\": \"aleon\", \"email\": \"itbkup24@gmail.com\", \"language\": \"es\"}', '548', NULL, '2025-09-19 23:33:54'),
(679, 2, 'UPDATE', 'USER', 2, '{\"username\": \"aleon\", \"email\": \"itbkup24@gmail.com\", \"language\": \"es\"}', '{\"username\": \"aleon\", \"email\": \"itbkup24@gmail.com\", \"language\": \"es\"}', '695', NULL, '2025-09-20 01:52:15'),
(680, 2, 'UPDATE', 'USER', 2, '{\"username\": \"aleon\", \"email\": \"itbkup24@gmail.com\", \"language\": \"es\"}', '{\"username\": \"aleon\", \"email\": \"itbkup24@gmail.com\", \"language\": \"es\"}', '695', NULL, '2025-09-20 01:52:15'),
(681, 2, 'UPDATE', 'USER', 2, '{\"username\": \"aleon\", \"email\": \"itbkup24@gmail.com\", \"language\": \"es\"}', '{\"username\": \"aleon\", \"email\": \"itbkup24@gmail.com\", \"language\": \"es\"}', '750', NULL, '2025-09-20 02:32:20'),
(682, 2, 'UPDATE', 'USER', 2, '{\"username\": \"aleon\", \"email\": \"itbkup24@gmail.com\", \"language\": \"es\"}', '{\"username\": \"aleon\", \"email\": \"itbkup24@gmail.com\", \"language\": \"es\"}', '750', NULL, '2025-09-20 02:32:20'),
(683, 2, 'UPDATE', 'USER', 2, '{\"username\": \"aleon\", \"email\": \"itbkup24@gmail.com\", \"language\": \"es\"}', '{\"username\": \"aleon\", \"email\": \"itbkup24@gmail.com\", \"language\": \"es\"}', '763', NULL, '2025-09-20 02:44:53'),
(684, 2, 'UPDATE', 'USER', 2, '{\"username\": \"aleon\", \"email\": \"itbkup24@gmail.com\", \"language\": \"es\"}', '{\"username\": \"aleon\", \"email\": \"itbkup24@gmail.com\", \"language\": \"es\"}', '763', NULL, '2025-09-20 02:44:53'),
(685, 2, 'UPDATE', 'USER', 2, '{\"username\": \"aleon\", \"email\": \"itbkup24@gmail.com\", \"language\": \"es\"}', '{\"username\": \"aleon\", \"email\": \"itbkup24@gmail.com\", \"language\": \"es\"}', '767', NULL, '2025-09-20 02:48:44'),
(686, 2, 'UPDATE', 'USER', 2, '{\"username\": \"aleon\", \"email\": \"itbkup24@gmail.com\", \"language\": \"es\"}', '{\"username\": \"aleon\", \"email\": \"itbkup24@gmail.com\", \"language\": \"es\"}', '767', NULL, '2025-09-20 02:48:44'),
(687, 2, 'UPDATE', 'USER', 2, '{\"username\": \"aleon\", \"email\": \"itbkup24@gmail.com\", \"language\": \"es\"}', '{\"username\": \"aleon\", \"email\": \"itbkup24@gmail.com\", \"language\": \"es\"}', '770', NULL, '2025-09-20 02:49:30'),
(688, 2, 'UPDATE', 'USER', 2, '{\"username\": \"aleon\", \"email\": \"itbkup24@gmail.com\", \"language\": \"es\"}', '{\"username\": \"aleon\", \"email\": \"itbkup24@gmail.com\", \"language\": \"es\"}', '771', NULL, '2025-09-20 02:49:36'),
(689, 2, 'UPDATE', 'USER', 2, '{\"username\": \"aleon\", \"email\": \"itbkup24@gmail.com\", \"language\": \"es\"}', '{\"username\": \"aleon\", \"email\": \"itbkup24@gmail.com\", \"language\": \"es\"}', '771', NULL, '2025-09-20 02:49:36'),
(690, 2, 'UPDATE', 'QUOTE', 20, '{\"status\": \"DRAFT\", \"parent_quote_id\": null}', '{\"status\": \"SENT\", \"parent_quote_id\": null}', '28', NULL, '2025-09-20 03:12:39'),
(691, 2, 'UPDATE', 'QUOTE', 20, '{\"status\": \"SENT\", \"parent_quote_id\": null}', '{\"status\": \"APPROVED\", \"parent_quote_id\": null}', '31', NULL, '2025-09-20 03:12:44'),
(692, 2, 'APPROVE_QUOTE', 'QUOTE', 20, '{\"status\":\"SENT\"}', '{\"status\":\"APPROVED\",\"stock_updated\":true}', '127.0.0.1', NULL, '2025-09-20 03:12:44'),
(693, 2, 'UPDATE', 'QUOTE', 15, '{\"status\": \"SENT\", \"parent_quote_id\": null}', '{\"status\": \"APPROVED\", \"parent_quote_id\": null}', '42', NULL, '2025-09-20 03:16:09'),
(694, 2, 'APPROVE_QUOTE', 'QUOTE', 15, '{\"status\":\"SENT\"}', '{\"status\":\"APPROVED\",\"stock_updated\":true}', '127.0.0.1', NULL, '2025-09-20 03:16:09'),
(695, 2, 'UPDATE', 'USER', 2, '{\"username\": \"aleon\", \"email\": \"itbkup24@gmail.com\", \"language\": \"es\"}', '{\"username\": \"aleon\", \"email\": \"itbkup24@gmail.com\", \"language\": \"es\"}', '10', NULL, '2025-09-20 19:10:39'),
(696, 2, 'UPDATE', 'USER', 2, '{\"username\": \"aleon\", \"email\": \"itbkup24@gmail.com\", \"language\": \"es\"}', '{\"username\": \"aleon\", \"email\": \"itbkup24@gmail.com\", \"language\": \"es\"}', '11', NULL, '2025-09-20 19:10:47'),
(697, 2, 'UPDATE', 'USER', 2, '{\"username\": \"aleon\", \"email\": \"itbkup24@gmail.com\", \"language\": \"es\"}', '{\"username\": \"aleon\", \"email\": \"itbkup24@gmail.com\", \"language\": \"es\"}', '11', NULL, '2025-09-20 19:10:47'),
(698, 3, 'UPDATE', 'USER', 3, '{\"username\": \"janderson\", \"email\": \"anderson@local.com\", \"language\": \"es\"}', '{\"username\": \"janderson\", \"email\": \"anderson@local.com\", \"language\": \"es\"}', '59', NULL, '2025-09-20 19:21:29'),
(699, 2, 'UPDATE', 'USER', 2, '{\"username\": \"aleon\", \"email\": \"itbkup24@gmail.com\", \"language\": \"es\"}', '{\"username\": \"aleon\", \"email\": \"itbkup24@gmail.com\", \"language\": \"es\"}', '149', NULL, '2025-09-20 19:37:35'),
(700, 2, 'UPDATE', 'USER', 2, '{\"username\": \"aleon\", \"email\": \"itbkup24@gmail.com\", \"language\": \"es\"}', '{\"username\": \"aleon\", \"email\": \"itbkup24@gmail.com\", \"language\": \"es\"}', '150', NULL, '2025-09-20 19:37:45'),
(701, 2, 'UPDATE', 'USER', 2, '{\"username\": \"aleon\", \"email\": \"itbkup24@gmail.com\", \"language\": \"es\"}', '{\"username\": \"aleon\", \"email\": \"itbkup24@gmail.com\", \"language\": \"es\"}', '150', NULL, '2025-09-20 19:37:45'),
(702, 3, 'UPDATE', 'USER', 3, '{\"username\": \"janderson\", \"email\": \"anderson@local.com\", \"language\": \"es\"}', '{\"username\": \"janderson\", \"email\": \"anderson@local.com\", \"language\": \"es\"}', '169', NULL, '2025-09-20 19:39:32'),
(703, 3, 'UPDATE', 'USER', 3, '{\"username\": \"janderson\", \"email\": \"anderson@local.com\", \"language\": \"es\"}', '{\"username\": \"janderson\", \"email\": \"anderson@local.com\", \"language\": \"es\"}', '174', NULL, '2025-09-20 19:40:07'),
(704, 2, 'UPDATE', 'USER', 2, '{\"username\": \"aleon\", \"email\": \"itbkup24@gmail.com\", \"language\": \"es\"}', '{\"username\": \"aleon\", \"email\": \"itbkup24@gmail.com\", \"language\": \"es\"}', '175', NULL, '2025-09-20 19:40:14'),
(705, 2, 'UPDATE', 'USER', 2, '{\"username\": \"aleon\", \"email\": \"itbkup24@gmail.com\", \"language\": \"es\"}', '{\"username\": \"aleon\", \"email\": \"itbkup24@gmail.com\", \"language\": \"es\"}', '175', NULL, '2025-09-20 19:40:14'),
(706, 3, 'UPDATE', 'USER', 3, '{\"username\": \"janderson\", \"email\": \"anderson@local.com\", \"language\": \"es\"}', '{\"username\": \"janderson\", \"email\": \"anderson@local.com\", \"language\": \"es\"}', '179', NULL, '2025-09-20 19:40:41'),
(707, 3, 'UPDATE', 'USER', 3, '{\"username\": \"janderson\", \"email\": \"anderson@local.com\", \"language\": \"es\"}', '{\"username\": \"janderson\", \"email\": \"anderson@local.com\", \"language\": \"es\"}', '182', NULL, '2025-09-20 19:40:48'),
(708, 3, 'UPDATE', 'USER', 3, '{\"username\": \"janderson\", \"email\": \"anderson@local.com\", \"language\": \"es\"}', '{\"username\": \"janderson\", \"email\": \"anderson@local.com\", \"language\": \"es\"}', '182', NULL, '2025-09-20 19:40:48'),
(709, 2, 'UPDATE', 'USER', 2, '{\"username\": \"aleon\", \"email\": \"itbkup24@gmail.com\", \"language\": \"es\"}', '{\"username\": \"aleon\", \"email\": \"itbkup24@gmail.com\", \"language\": \"es\"}', '185', NULL, '2025-09-20 19:43:03'),
(710, 2, 'UPDATE', 'USER', 2, '{\"username\": \"aleon\", \"email\": \"itbkup24@gmail.com\", \"language\": \"es\"}', '{\"username\": \"aleon\", \"email\": \"itbkup24@gmail.com\", \"language\": \"es\"}', '185', NULL, '2025-09-20 19:43:03'),
(711, 5, 'UPDATE', 'USER', 5, '{\"username\": \"fluna\", \"email\": \"lunaleon@local.com\", \"language\": \"es\"}', '{\"username\": \"fluna\", \"email\": \"lunaleon@local.com\", \"language\": \"es\"}', '190', NULL, '2025-09-20 19:43:23'),
(712, 5, 'UPDATE', 'USER', 5, '{\"username\": \"fluna\", \"email\": \"lunaleon@local.com\", \"language\": \"es\"}', '{\"username\": \"fluna\", \"email\": \"lunaleon@local.com\", \"language\": \"es\"}', '191', NULL, '2025-09-20 19:43:43'),
(713, 5, 'UPDATE', 'USER', 5, '{\"username\": \"fluna\", \"email\": \"lunaleon@local.com\", \"language\": \"es\"}', '{\"username\": \"fluna\", \"email\": \"lunaleon@local.com\", \"language\": \"es\"}', '193', NULL, '2025-09-20 19:43:52'),
(714, 5, 'UPDATE', 'USER', 5, '{\"username\": \"fluna\", \"email\": \"lunaleon@local.com\", \"language\": \"es\"}', '{\"username\": \"fluna\", \"email\": \"lunaleon@local.com\", \"language\": \"es\"}', '193', NULL, '2025-09-20 19:43:52'),
(715, 2, 'UPDATE', 'USER', 2, '{\"username\": \"aleon\", \"email\": \"itbkup24@gmail.com\", \"language\": \"es\"}', '{\"username\": \"aleon\", \"email\": \"itbkup24@gmail.com\", \"language\": \"es\"}', '196', NULL, '2025-09-20 19:44:12'),
(716, 2, 'UPDATE', 'USER', 2, '{\"username\": \"aleon\", \"email\": \"itbkup24@gmail.com\", \"language\": \"es\"}', '{\"username\": \"aleon\", \"email\": \"itbkup24@gmail.com\", \"language\": \"es\"}', '196', NULL, '2025-09-20 19:44:12'),
(717, 7, 'INSERT', 'USER', 7, NULL, '{\"username\": \"lleon\", \"email\": \"lleon@local.com\"}', '200', NULL, '2025-09-20 19:45:06'),
(718, 3, 'UPDATE', 'USER', 3, '{\"username\": \"janderson\", \"email\": \"anderson@local.com\", \"language\": \"es\"}', '{\"username\": \"janderson\", \"email\": \"anderson@local.com\", \"language\": \"es\"}', '216', NULL, '2025-09-20 19:45:31'),
(719, 7, 'UPDATE', 'USER', 7, '{\"username\": \"lleon\", \"email\": \"lleon@local.com\", \"language\": \"es\"}', '{\"username\": \"lleon\", \"email\": \"lleon@local.com\", \"language\": \"es\"}', '218', NULL, '2025-09-20 19:45:49'),
(720, 7, 'UPDATE', 'USER', 7, '{\"username\": \"lleon\", \"email\": \"lleon@local.com\", \"language\": \"es\"}', '{\"username\": \"lleon\", \"email\": \"lleon@local.com\", \"language\": \"es\"}', '218', NULL, '2025-09-20 19:45:49'),
(721, 7, 'UPDATE', 'USER', 7, '{\"username\": \"lleon\", \"email\": \"lleon@local.com\", \"language\": \"es\"}', '{\"username\": \"lleon\", \"email\": \"lleon@local.com\", \"language\": \"es\"}', '238', NULL, '2025-09-20 19:48:52'),
(722, 7, 'UPDATE', 'USER', 7, '{\"username\": \"lleon\", \"email\": \"lleon@local.com\", \"language\": \"es\"}', '{\"username\": \"lleon\", \"email\": \"lleon@local.com\", \"language\": \"es\"}', '239', NULL, '2025-09-20 19:49:01'),
(723, 7, 'UPDATE', 'USER', 7, '{\"username\": \"lleon\", \"email\": \"lleon@local.com\", \"language\": \"es\"}', '{\"username\": \"lleon\", \"email\": \"lleon@local.com\", \"language\": \"es\"}', '239', NULL, '2025-09-20 19:49:01'),
(724, 2, 'UPDATE', 'USER', 2, '{\"username\": \"aleon\", \"email\": \"itbkup24@gmail.com\", \"language\": \"es\"}', '{\"username\": \"aleon\", \"email\": \"itbkup24@gmail.com\", \"language\": \"es\"}', '14', NULL, '2025-09-20 21:23:57'),
(725, 2, 'UPDATE', 'USER', 2, '{\"username\": \"aleon\", \"email\": \"itbkup24@gmail.com\", \"language\": \"es\"}', '{\"username\": \"aleon\", \"email\": \"itbkup24@gmail.com\", \"language\": \"es\"}', '14', NULL, '2025-09-20 21:23:57'),
(726, 7, 'UPDATE', 'USER', 7, '{\"username\": \"lleon\", \"email\": \"lleon@local.com\", \"language\": \"es\"}', '{\"username\": \"lleon\", \"email\": \"lleon@local.com\", \"language\": \"es\"}', '51', NULL, '2025-09-20 21:31:09'),
(727, 7, 'UPDATE', 'USER', 7, '{\"username\": \"lleon\", \"email\": \"lleon@local.com\", \"language\": \"es\"}', '{\"username\": \"lleon\", \"email\": \"lleon@local.com\", \"language\": \"es\"}', '53', NULL, '2025-09-20 21:31:15'),
(728, 7, 'UPDATE', 'USER', 7, '{\"username\": \"lleon\", \"email\": \"lleon@local.com\", \"language\": \"es\"}', '{\"username\": \"lleon\", \"email\": \"lleon@local.com\", \"language\": \"es\"}', '55', NULL, '2025-09-20 21:31:36'),
(729, 7, 'UPDATE', 'USER', 7, '{\"username\": \"lleon\", \"email\": \"lleon@local.com\", \"language\": \"es\"}', '{\"username\": \"lleon\", \"email\": \"lleon@local.com\", \"language\": \"es\"}', '77', NULL, '2025-09-20 21:36:43'),
(730, 7, 'UPDATE', 'USER', 7, '{\"username\": \"lleon\", \"email\": \"lleon@local.com\", \"language\": \"es\"}', '{\"username\": \"lleon\", \"email\": \"lleon@local.com\", \"language\": \"es\"}', '78', NULL, '2025-09-20 21:36:50'),
(731, 7, 'UPDATE', 'USER', 7, '{\"username\": \"lleon\", \"email\": \"lleon@local.com\", \"language\": \"es\"}', '{\"username\": \"lleon\", \"email\": \"lleon@local.com\", \"language\": \"es\"}', '78', NULL, '2025-09-20 21:36:50'),
(732, 7, 'UPDATE', 'USER', 7, '{\"username\": \"lleon\", \"email\": \"lleon@local.com\", \"language\": \"es\"}', '{\"username\": \"lleon\", \"email\": \"lleon@local.com\", \"language\": \"es\"}', '87', NULL, '2025-09-20 21:58:04'),
(733, 7, 'UPDATE', 'USER', 7, '{\"username\": \"lleon\", \"email\": \"lleon@local.com\", \"language\": \"es\"}', '{\"username\": \"lleon\", \"email\": \"lleon@local.com\", \"language\": \"es\"}', '88', NULL, '2025-09-20 21:58:10'),
(734, 7, 'UPDATE', 'USER', 7, '{\"username\": \"lleon\", \"email\": \"lleon@local.com\", \"language\": \"es\"}', '{\"username\": \"lleon\", \"email\": \"lleon@local.com\", \"language\": \"es\"}', '88', NULL, '2025-09-20 21:58:10'),
(735, 7, 'UPDATE', 'USER', 7, '{\"username\": \"lleon\", \"email\": \"lleon@local.com\", \"language\": \"es\"}', '{\"username\": \"lleon\", \"email\": \"lleon@local.com\", \"language\": \"es\"}', '91', NULL, '2025-09-20 22:04:06'),
(736, 7, 'FORCE_PASSWORD_CHANGE', 'USER', 7, '{\"force_password_change\": true}', '{\"force_password_change\": false}', '127.0.0.1', 'Mozilla/5.0 (X11; Linux x86_64; rv:140.0) Gecko/20100101 Firefox/140.0', '2025-09-20 22:04:06'),
(737, 7, 'UPDATE', 'USER', 7, '{\"username\": \"lleon\", \"email\": \"lleon@local.com\", \"language\": \"es\"}', '{\"username\": \"lleon\", \"email\": \"lleon@local.com\", \"language\": \"es\"}', '12', NULL, '2025-09-20 22:05:33'),
(738, 7, 'UPDATE', 'USER', 7, '{\"username\": \"lleon\", \"email\": \"lleon@local.com\", \"language\": \"es\"}', '{\"username\": \"lleon\", \"email\": \"lleon@local.com\", \"language\": \"es\"}', '13', NULL, '2025-09-20 22:05:40'),
(739, 7, 'UPDATE', 'USER', 7, '{\"username\": \"lleon\", \"email\": \"lleon@local.com\", \"language\": \"es\"}', '{\"username\": \"lleon\", \"email\": \"lleon@local.com\", \"language\": \"es\"}', '14', NULL, '2025-09-20 22:05:47'),
(740, 7, 'UPDATE', 'USER', 7, '{\"username\": \"lleon\", \"email\": \"lleon@local.com\", \"language\": \"es\"}', '{\"username\": \"lleon\", \"email\": \"lleon@local.com\", \"language\": \"es\"}', '16', NULL, '2025-09-20 22:06:06'),
(741, 7, 'UPDATE', 'USER', 7, '{\"username\": \"lleon\", \"email\": \"lleon@local.com\", \"language\": \"es\"}', '{\"username\": \"lleon\", \"email\": \"lleon@local.com\", \"language\": \"es\"}', '51', NULL, '2025-09-20 22:06:41'),
(742, 7, 'UPDATE', 'USER', 7, '{\"username\": \"lleon\", \"email\": \"lleon@local.com\", \"language\": \"es\"}', '{\"username\": \"lleon\", \"email\": \"lleon@local.com\", \"language\": \"es\"}', '52', NULL, '2025-09-20 22:06:48'),
(743, 7, 'UPDATE', 'USER', 7, '{\"username\": \"lleon\", \"email\": \"lleon@local.com\", \"language\": \"es\"}', '{\"username\": \"lleon\", \"email\": \"lleon@local.com\", \"language\": \"es\"}', '52', NULL, '2025-09-20 22:06:48'),
(744, 7, 'UPDATE', 'USER', 7, '{\"username\": \"lleon\", \"email\": \"lleon@local.com\", \"language\": \"es\"}', '{\"username\": \"lleon\", \"email\": \"lleon@local.com\", \"language\": \"es\"}', '54', NULL, '2025-09-20 22:07:06'),
(745, 7, 'FORCE_PASSWORD_CHANGE', 'USER', 7, '{\"force_password_change\": true}', '{\"force_password_change\": false}', '127.0.0.1', 'Mozilla/5.0 (X11; Linux x86_64; rv:140.0) Gecko/20100101 Firefox/140.0', '2025-09-20 22:07:06'),
(746, 7, 'UPDATE', 'USER', 7, '{\"username\": \"lleon\", \"email\": \"lleon@local.com\", \"language\": \"es\"}', '{\"username\": \"lleon\", \"email\": \"lleon@local.com\", \"language\": \"es\"}', '70', NULL, '2025-09-20 22:07:37'),
(747, 7, 'UPDATE', 'USER', 7, '{\"username\": \"lleon\", \"email\": \"lleon@local.com\", \"language\": \"es\"}', '{\"username\": \"lleon\", \"email\": \"lleon@local.com\", \"language\": \"es\"}', '72', NULL, '2025-09-20 22:08:50'),
(748, 7, 'FORCE_PASSWORD_CHANGE', 'USER', 7, '{\"force_password_change\": true}', '{\"force_password_change\": false}', '127.0.0.1', 'Mozilla/5.0 (X11; Linux x86_64; rv:140.0) Gecko/20100101 Firefox/140.0', '2025-09-20 22:08:50'),
(749, 7, 'UPDATE', 'USER', 7, '{\"username\": \"lleon\", \"email\": \"lleon@local.com\", \"language\": \"es\"}', '{\"username\": \"lleon\", \"email\": \"lleon@local.com\", \"language\": \"es\"}', '88', NULL, '2025-09-20 22:11:05'),
(750, 7, 'UPDATE', 'USER', 7, '{\"username\": \"lleon\", \"email\": \"lleon@local.com\", \"language\": \"es\"}', '{\"username\": \"lleon\", \"email\": \"lleon@local.com\", \"language\": \"es\"}', '92', NULL, '2025-09-20 22:11:35'),
(751, 7, 'FORCE_PASSWORD_CHANGE', 'USER', 7, '{\"force_password_change\": true}', '{\"force_password_change\": false}', '127.0.0.1', 'Mozilla/5.0 (X11; Linux x86_64; rv:140.0) Gecko/20100101 Firefox/140.0', '2025-09-20 22:11:35'),
(752, 3, 'UPDATE', 'USER', 3, '{\"username\": \"janderson\", \"email\": \"anderson@local.com\", \"language\": \"es\"}', '{\"username\": \"janderson\", \"email\": \"anderson@local.com\", \"language\": \"es\"}', '144', NULL, '2025-09-20 23:57:38'),
(753, 3, 'UPDATE', 'USER', 3, '{\"username\": \"janderson\", \"email\": \"anderson@local.com\", \"language\": \"es\"}', '{\"username\": \"janderson\", \"email\": \"anderson@local.com\", \"language\": \"es\"}', '144', NULL, '2025-09-20 23:57:38'),
(754, 2, 'UPDATE', 'USER', 2, '{\"username\": \"aleon\", \"email\": \"itbkup24@gmail.com\", \"language\": \"es\"}', '{\"username\": \"aleon\", \"email\": \"itbkup24@gmail.com\", \"language\": \"es\"}', '152', NULL, '2025-09-21 00:01:32'),
(755, 2, 'UPDATE', 'USER', 2, '{\"username\": \"aleon\", \"email\": \"itbkup24@gmail.com\", \"language\": \"es\"}', '{\"username\": \"aleon\", \"email\": \"itbkup24@gmail.com\", \"language\": \"es\"}', '153', NULL, '2025-09-21 00:01:37'),
(756, 2, 'UPDATE', 'USER', 2, '{\"username\": \"aleon\", \"email\": \"itbkup24@gmail.com\", \"language\": \"es\"}', '{\"username\": \"aleon\", \"email\": \"itbkup24@gmail.com\", \"language\": \"es\"}', '153', NULL, '2025-09-21 00:01:37'),
(757, 2, 'UPDATE', 'USER', 2, '{\"username\": \"aleon\", \"email\": \"itbkup24@gmail.com\", \"language\": \"es\"}', '{\"username\": \"aleon\", \"email\": \"itbkup24@gmail.com\", \"language\": \"es\"}', '297', NULL, '2025-09-21 00:25:13'),
(758, 2, 'UPDATE', 'USER', 2, '{\"username\": \"aleon\", \"email\": \"itbkup24@gmail.com\", \"language\": \"es\"}', '{\"username\": \"aleon\", \"email\": \"itbkup24@gmail.com\", \"language\": \"es\"}', '301', NULL, '2025-09-21 00:26:31'),
(759, 2, 'UPDATE', 'USER', 2, '{\"username\": \"aleon\", \"email\": \"itbkup24@gmail.com\", \"language\": \"es\"}', '{\"username\": \"aleon\", \"email\": \"itbkup24@gmail.com\", \"language\": \"es\"}', '313', NULL, '2025-09-21 00:28:50'),
(760, 2, 'UPDATE', 'USER', 2, '{\"username\": \"aleon\", \"email\": \"itbkup24@gmail.com\", \"language\": \"es\"}', '{\"username\": \"aleon\", \"email\": \"itbkup24@gmail.com\", \"language\": \"es\"}', '316', NULL, '2025-09-21 00:29:17'),
(761, 2, 'FORCE_PASSWORD_CHANGE', 'USER', 2, '{\"force_password_change\": true}', '{\"force_password_change\": false}', '127.0.0.1', 'Mozilla/5.0 (X11; Linux x86_64; rv:140.0) Gecko/20100101 Firefox/140.0', '2025-09-21 00:29:17'),
(762, 2, 'UPDATE', 'USER', 2, '{\"username\": \"aleon\", \"email\": \"itbkup24@gmail.com\", \"language\": \"es\"}', '{\"username\": \"aleon\", \"email\": \"itbkup24@gmail.com\", \"language\": \"es\"}', '339', NULL, '2025-09-21 00:41:40'),
(763, 2, 'UPDATE', 'USER', 2, '{\"username\": \"aleon\", \"email\": \"itbkup24@gmail.com\", \"language\": \"es\"}', '{\"username\": \"aleon\", \"email\": \"itbkup24@gmail.com\", \"language\": \"es\"}', '342', NULL, '2025-09-21 00:45:47'),
(764, 2, 'FORCE_PASSWORD_CHANGE', 'USER', 2, '{\"force_password_change\": true}', '{\"force_password_change\": false}', '127.0.0.1', 'Mozilla/5.0 (X11; Linux x86_64; rv:140.0) Gecko/20100101 Firefox/140.0', '2025-09-21 00:45:47'),
(765, 2, 'UPDATE', 'USER', 2, '{\"username\": \"aleon\", \"email\": \"itbkup24@gmail.com\", \"language\": \"es\"}', '{\"username\": \"aleon\", \"email\": \"itbkup24@gmail.com\", \"language\": \"es\"}', '360', NULL, '2025-09-21 00:49:46'),
(766, 2, 'UPDATE', 'USER', 2, '{\"username\": \"aleon\", \"email\": \"itbkup24@gmail.com\", \"language\": \"es\"}', '{\"username\": \"aleon\", \"email\": \"itbkup24@gmail.com\", \"language\": \"es\"}', '362', NULL, '2025-09-21 00:51:24'),
(767, 2, 'UPDATE', 'USER', 2, '{\"username\": \"aleon\", \"email\": \"itbkup24@gmail.com\", \"language\": \"es\"}', '{\"username\": \"aleon\", \"email\": \"itbkup24@gmail.com\", \"language\": \"es\"}', '362', NULL, '2025-09-21 00:51:24'),
(768, 2, 'UPDATE', 'USER', 2, '{\"username\": \"aleon\", \"email\": \"itbkup24@gmail.com\", \"language\": \"es\"}', '{\"username\": \"aleon\", \"email\": \"itbkup24@gmail.com\", \"language\": \"es\"}', '366', NULL, '2025-09-21 00:56:13'),
(769, 2, 'FORCE_PASSWORD_CHANGE', 'USER', 2, '{\"force_password_change\": true}', '{\"force_password_change\": false}', '127.0.0.1', 'Mozilla/5.0 (X11; Linux x86_64; rv:140.0) Gecko/20100101 Firefox/140.0', '2025-09-21 00:56:13'),
(770, 2, 'UPDATE', 'USER', 2, '{\"username\": \"aleon\", \"email\": \"itbkup24@gmail.com\", \"language\": \"es\"}', '{\"username\": \"aleon\", \"email\": \"itbkup24@gmail.com\", \"language\": \"es\"}', '369', NULL, '2025-09-21 00:56:40'),
(771, 2, 'UPDATE', 'USER', 2, '{\"username\": \"aleon\", \"email\": \"itbkup24@gmail.com\", \"language\": \"es\"}', '{\"username\": \"aleon\", \"email\": \"itbkup24@gmail.com\", \"language\": \"es\"}', '369', NULL, '2025-09-21 00:56:40'),
(772, 2, 'UPDATE', 'USER', 2, '{\"username\": \"aleon\", \"email\": \"itbkup24@gmail.com\", \"language\": \"es\"}', '{\"username\": \"aleon\", \"email\": \"itbkup24@gmail.com\", \"language\": \"es\"}', '384', NULL, '2025-09-21 00:56:53'),
(773, 2, 'UPDATE', 'USER', 2, '{\"username\": \"aleon\", \"email\": \"itbkup24@gmail.com\", \"language\": \"es\"}', '{\"username\": \"aleon\", \"email\": \"itbkup24@gmail.com\", \"language\": \"es\"}', '386', NULL, '2025-09-21 00:57:10'),
(774, 2, 'FORCE_PASSWORD_CHANGE', 'USER', 2, '{\"force_password_change\": true}', '{\"force_password_change\": false}', '127.0.0.1', 'Mozilla/5.0 (X11; Linux x86_64; rv:140.0) Gecko/20100101 Firefox/140.0', '2025-09-21 00:57:10'),
(775, 2, 'UPDATE', 'USER', 2, '{\"username\": \"aleon\", \"email\": \"itbkup24@gmail.com\", \"language\": \"es\"}', '{\"username\": \"aleon\", \"email\": \"itbkup24@gmail.com\", \"language\": \"es\"}', '415', NULL, '2025-09-21 09:45:55'),
(776, 2, 'UPDATE', 'USER', 2, '{\"username\": \"aleon\", \"email\": \"itbkup24@gmail.com\", \"language\": \"es\"}', '{\"username\": \"aleon\", \"email\": \"itbkup24@gmail.com\", \"language\": \"es\"}', '415', NULL, '2025-09-21 09:45:55'),
(777, 2, 'UPDATE', 'USER', 2, '{\"username\": \"aleon\", \"email\": \"itbkup24@gmail.com\", \"language\": \"es\"}', '{\"username\": \"aleon\", \"email\": \"itbkup24@gmail.com\", \"language\": \"es\"}', '465', NULL, '2025-09-21 10:11:09'),
(778, 2, 'UPDATE', 'USER', 2, '{\"username\": \"aleon\", \"email\": \"itbkup24@gmail.com\", \"language\": \"es\"}', '{\"username\": \"aleon\", \"email\": \"itbkup24@gmail.com\", \"language\": \"es\"}', '468', NULL, '2025-09-21 10:16:11'),
(779, 2, 'FORCE_PASSWORD_CHANGE', 'USER', 2, '{\"force_password_change\": true}', '{\"force_password_change\": false}', '127.0.0.1', 'Mozilla/5.0 (X11; Linux x86_64; rv:140.0) Gecko/20100101 Firefox/140.0', '2025-09-21 10:16:11'),
(780, 2, 'UPDATE', 'USER', 2, '{\"username\": \"aleon\", \"email\": \"itbkup24@gmail.com\", \"language\": \"es\"}', '{\"username\": \"aleon\", \"email\": \"itbkup24@gmail.com\", \"language\": \"es\"}', '10', NULL, '2025-09-21 12:54:45'),
(781, 2, 'UPDATE', 'USER', 2, '{\"username\": \"aleon\", \"email\": \"itbkup24@gmail.com\", \"language\": \"es\"}', '{\"username\": \"aleon\", \"email\": \"itbkup24@gmail.com\", \"language\": \"es\"}', '11', NULL, '2025-09-21 12:54:50'),
(782, 2, 'UPDATE', 'USER', 2, '{\"username\": \"aleon\", \"email\": \"itbkup24@gmail.com\", \"language\": \"es\"}', '{\"username\": \"aleon\", \"email\": \"itbkup24@gmail.com\", \"language\": \"es\"}', '12', NULL, '2025-09-21 12:54:59'),
(783, 2, 'UPDATE', 'USER', 2, '{\"username\": \"aleon\", \"email\": \"itbkup24@gmail.com\", \"language\": \"es\"}', '{\"username\": \"aleon\", \"email\": \"itbkup24@gmail.com\", \"language\": \"es\"}', '13', NULL, '2025-09-21 12:55:06'),
(784, 2, 'UPDATE', 'USER', 2, '{\"username\": \"aleon\", \"email\": \"itbkup24@gmail.com\", \"language\": \"es\"}', '{\"username\": \"aleon\", \"email\": \"itbkup24@gmail.com\", \"language\": \"es\"}', '14', NULL, '2025-09-21 12:55:12'),
(785, 2, 'UPDATE', 'USER', 2, '{\"username\": \"aleon\", \"email\": \"itbkup24@gmail.com\", \"language\": \"es\"}', '{\"username\": \"aleon\", \"email\": \"itbkup24@gmail.com\", \"language\": \"es\"}', '14', NULL, '2025-09-21 12:55:12'),
(786, 2, 'UPDATE', 'USER', 2, '{\"username\": \"aleon\", \"email\": \"itbkup24@gmail.com\", \"language\": \"es\"}', '{\"username\": \"aleon\", \"email\": \"itbkup24@gmail.com\", \"language\": \"es\"}', '10', NULL, '2025-09-21 13:14:34'),
(787, 2, 'UPDATE', 'USER', 2, '{\"username\": \"aleon\", \"email\": \"itbkup24@gmail.com\", \"language\": \"es\"}', '{\"username\": \"aleon\", \"email\": \"itbkup24@gmail.com\", \"language\": \"es\"}', '11', NULL, '2025-09-21 13:14:39'),
(788, 2, 'UPDATE', 'USER', 2, '{\"username\": \"aleon\", \"email\": \"itbkup24@gmail.com\", \"language\": \"es\"}', '{\"username\": \"aleon\", \"email\": \"itbkup24@gmail.com\", \"language\": \"es\"}', '11', NULL, '2025-09-21 13:14:39'),
(789, 2, 'UPDATE', 'USER', 2, '{\"username\": \"aleon\", \"email\": \"itbkup24@gmail.com\", \"language\": \"es\"}', '{\"username\": \"aleon\", \"email\": \"itbkup24@gmail.com\", \"language\": \"es\"}', '76', NULL, '2025-09-21 13:54:38'),
(790, 2, 'UPDATE', 'USER', 2, '{\"username\": \"aleon\", \"email\": \"itbkup24@gmail.com\", \"language\": \"es\"}', '{\"username\": \"aleon\", \"email\": \"itbkup24@gmail.com\", \"language\": \"es\"}', '97', NULL, '2025-09-21 14:26:24'),
(791, 2, 'UPDATE', 'USER', 2, '{\"username\": \"aleon\", \"email\": \"itbkup24@gmail.com\", \"language\": \"es\"}', '{\"username\": \"aleon\", \"email\": \"itbkup24@gmail.com\", \"language\": \"es\"}', '110', NULL, '2025-09-21 14:46:07'),
(792, 2, 'UPDATE', 'USER', 2, '{\"username\": \"aleon\", \"email\": \"itbkup24@gmail.com\", \"language\": \"es\"}', '{\"username\": \"aleon\", \"email\": \"itbkup24@gmail.com\", \"language\": \"es\"}', '119', NULL, '2025-09-21 14:50:45'),
(793, 2, 'UPDATE', 'USER', 2, '{\"username\": \"aleon\", \"email\": \"itbkup24@gmail.com\", \"language\": \"es\"}', '{\"username\": \"aleon\", \"email\": \"itbkup24@gmail.com\", \"language\": \"es\"}', '123', NULL, '2025-09-21 14:51:28'),
(794, 2, 'UPDATE', 'USER', 2, '{\"username\": \"aleon\", \"email\": \"itbkup24@gmail.com\", \"language\": \"es\"}', '{\"username\": \"aleon\", \"email\": \"itbkup24@gmail.com\", \"language\": \"es\"}', '126', NULL, '2025-09-21 14:51:36'),
(795, 2, 'UPDATE', 'USER', 2, '{\"username\": \"aleon\", \"email\": \"itbkup24@gmail.com\", \"language\": \"es\"}', '{\"username\": \"aleon\", \"email\": \"itbkup24@gmail.com\", \"language\": \"es\"}', '135', NULL, '2025-09-21 14:52:38'),
(796, 7, 'UPDATE', 'USER', 7, '{\"username\": \"lleon\", \"email\": \"lleon@local.com\", \"language\": \"es\"}', '{\"username\": \"lleon\", \"email\": \"lleon@local.com\", \"language\": \"es\"}', '142', NULL, '2025-09-21 14:53:36'),
(797, 7, 'UPDATE', 'USER', 7, '{\"username\": \"lleon\", \"email\": \"lleon@local.com\", \"language\": \"es\"}', '{\"username\": \"lleon\", \"email\": \"lleon@local.com\", \"language\": \"es\"}', '143', NULL, '2025-09-21 14:53:43'),
(798, 7, 'UPDATE', 'USER', 7, '{\"username\": \"lleon\", \"email\": \"lleon@local.com\", \"language\": \"es\"}', '{\"username\": \"lleon\", \"email\": \"lleon@local.com\", \"language\": \"es\"}', '144', NULL, '2025-09-21 14:53:48'),
(799, 2, 'UPDATE', 'USER', 2, '{\"username\": \"aleon\", \"email\": \"itbkup24@gmail.com\", \"language\": \"es\"}', '{\"username\": \"aleon\", \"email\": \"itbkup24@gmail.com\", \"language\": \"es\"}', '145', NULL, '2025-09-21 14:54:00'),
(800, 2, 'UPDATE', 'USER', 2, '{\"username\": \"aleon\", \"email\": \"itbkup24@gmail.com\", \"language\": \"es\"}', '{\"username\": \"aleon\", \"email\": \"itbkup24@gmail.com\", \"language\": \"es\"}', '146', NULL, '2025-09-21 14:54:09'),
(801, 3, 'UPDATE', 'USER', 3, '{\"username\": \"janderson\", \"email\": \"anderson@local.com\", \"language\": \"es\"}', '{\"username\": \"janderson\", \"email\": \"anderson@local.com\", \"language\": \"es\"}', '152', NULL, '2025-09-21 14:56:29'),
(802, 3, 'UPDATE', 'USER', 3, '{\"username\": \"janderson\", \"email\": \"anderson@local.com\", \"language\": \"es\"}', '{\"username\": \"janderson\", \"email\": \"anderson@local.com\", \"language\": \"es\"}', '152', NULL, '2025-09-21 14:56:29'),
(803, 3, 'UPDATE', 'USER', 3, '{\"username\": \"janderson\", \"email\": \"anderson@local.com\", \"language\": \"es\"}', '{\"username\": \"janderson\", \"email\": \"anderson@local.com\", \"language\": \"es\"}', '191', NULL, '2025-09-21 14:56:58'),
(804, 3, 'UPDATE', 'USER', 3, '{\"username\": \"janderson\", \"email\": \"anderson@local.com\", \"language\": \"es\"}', '{\"username\": \"janderson\", \"email\": \"anderson@local.com\", \"language\": \"es\"}', '210', NULL, '2025-09-21 14:57:56'),
(805, 3, 'UPDATE', 'USER', 3, '{\"username\": \"janderson\", \"email\": \"anderson@local.com\", \"language\": \"es\"}', '{\"username\": \"janderson\", \"email\": \"anderson@local.com\", \"language\": \"es\"}', '210', NULL, '2025-09-21 14:57:56'),
(806, 2, 'UPDATE', 'USER', 2, '{\"username\": \"aleon\", \"email\": \"itbkup24@gmail.com\", \"language\": \"es\"}', '{\"username\": \"aleon\", \"email\": \"itbkup24@gmail.com\", \"language\": \"es\"}', '213', NULL, '2025-09-21 14:58:23'),
(807, 3, 'UPDATE', 'USER', 3, '{\"username\": \"janderson\", \"email\": \"anderson@local.com\", \"language\": \"es\"}', '{\"username\": \"janderson\", \"email\": \"anderson@local.com\", \"language\": \"es\"}', '219', NULL, '2025-09-21 14:58:57'),
(808, 2, 'UPDATE', 'USER', 2, '{\"username\": \"aleon\", \"email\": \"itbkup24@gmail.com\", \"language\": \"es\"}', '{\"username\": \"aleon\", \"email\": \"itbkup24@gmail.com\", \"language\": \"es\"}', '222', NULL, '2025-09-21 14:59:21'),
(809, 2, 'UPDATE', 'USER', 2, '{\"username\": \"aleon\", \"email\": \"itbkup24@gmail.com\", \"language\": \"es\"}', '{\"username\": \"aleon\", \"email\": \"itbkup24@gmail.com\", \"language\": \"es\"}', '222', NULL, '2025-09-21 14:59:21'),
(810, 2, 'UPDATE', 'USER', 2, '{\"username\": \"aleon\", \"email\": \"itbkup24@gmail.com\", \"language\": \"es\"}', '{\"username\": \"aleon\", \"email\": \"itbkup24@gmail.com\", \"language\": \"es\"}', '224', NULL, '2025-09-21 14:59:44'),
(811, 2, 'FORCE_PASSWORD_CHANGE', 'USER', 2, '{\"force_password_change\": true}', '{\"force_password_change\": false}', '127.0.0.1', 'Mozilla/5.0 (X11; Linux x86_64; rv:140.0) Gecko/20100101 Firefox/140.0', '2025-09-21 14:59:44'),
(812, 3, 'UPDATE', 'USER', 3, '{\"username\": \"janderson\", \"email\": \"anderson@local.com\", \"language\": \"es\"}', '{\"username\": \"janderson\", \"email\": \"anderson@local.com\", \"language\": \"es\"}', '228', NULL, '2025-09-21 15:00:05'),
(813, 3, 'UPDATE', 'USER', 3, '{\"username\": \"janderson\", \"email\": \"anderson@local.com\", \"language\": \"es\"}', '{\"username\": \"janderson\", \"email\": \"anderson@local.com\", \"language\": \"es\"}', '228', NULL, '2025-09-21 15:00:05'),
(814, 2, 'UPDATE', 'USER', 2, '{\"username\": \"aleon\", \"email\": \"itbkup24@gmail.com\", \"language\": \"es\"}', '{\"username\": \"aleon\", \"email\": \"itbkup24@gmail.com\", \"language\": \"es\"}', '232', NULL, '2025-09-21 15:02:56'),
(815, 2, 'UPDATE', 'USER', 2, '{\"username\": \"aleon\", \"email\": \"itbkup24@gmail.com\", \"language\": \"es\"}', '{\"username\": \"aleon\", \"email\": \"itbkup24@gmail.com\", \"language\": \"es\"}', '233', NULL, '2025-09-21 15:03:01'),
(816, 2, 'UPDATE', 'USER', 2, '{\"username\": \"aleon\", \"email\": \"itbkup24@gmail.com\", \"language\": \"es\"}', '{\"username\": \"aleon\", \"email\": \"itbkup24@gmail.com\", \"language\": \"es\"}', '233', NULL, '2025-09-21 15:03:01'),
(817, 3, 'UPDATE', 'USER', 3, '{\"username\": \"janderson\", \"email\": \"anderson@local.com\", \"language\": \"es\"}', '{\"username\": \"janderson\", \"email\": \"anderson@local.com\", \"language\": \"es\"}', '245', NULL, '2025-09-21 15:26:19'),
(818, 3, 'UPDATE', 'USER', 3, '{\"username\": \"janderson\", \"email\": \"anderson@local.com\", \"language\": \"es\"}', '{\"username\": \"janderson\", \"email\": \"anderson@local.com\", \"language\": \"es\"}', '245', NULL, '2025-09-21 15:26:19'),
(819, 3, 'UPDATE', 'USER', 3, '{\"username\": \"janderson\", \"email\": \"anderson@local.com\", \"language\": \"es\"}', '{\"username\": \"janderson\", \"email\": \"anderson@local.com\", \"language\": \"es\"}', '259', NULL, '2025-09-22 21:07:50'),
(820, 3, 'UPDATE', 'USER', 3, '{\"username\": \"janderson\", \"email\": \"anderson@local.com\", \"language\": \"es\"}', '{\"username\": \"janderson\", \"email\": \"anderson@local.com\", \"language\": \"es\"}', '259', NULL, '2025-09-22 21:07:50'),
(821, 2, 'UPDATE', 'USER', 2, '{\"username\": \"aleon\", \"email\": \"itbkup24@gmail.com\", \"language\": \"es\"}', '{\"username\": \"aleon\", \"email\": \"itbkup24@gmail.com\", \"language\": \"es\"}', '262', NULL, '2025-09-22 21:22:51'),
(822, 2, 'UPDATE', 'USER', 2, '{\"username\": \"aleon\", \"email\": \"itbkup24@gmail.com\", \"language\": \"es\"}', '{\"username\": \"aleon\", \"email\": \"itbkup24@gmail.com\", \"language\": \"es\"}', '262', NULL, '2025-09-22 21:22:51'),
(823, 3, 'UPDATE', 'USER', 3, '{\"username\": \"janderson\", \"email\": \"anderson@local.com\", \"language\": \"es\"}', '{\"username\": \"janderson\", \"email\": \"anderson@local.com\", \"language\": \"es\"}', '267', NULL, '2025-09-22 21:44:32'),
(824, 3, 'UPDATE', 'USER', 3, '{\"username\": \"janderson\", \"email\": \"anderson@local.com\", \"language\": \"es\"}', '{\"username\": \"janderson\", \"email\": \"anderson@local.com\", \"language\": \"es\"}', '267', NULL, '2025-09-22 21:44:32'),
(825, 3, 'UPDATE', 'USER', 3, '{\"username\": \"janderson\", \"email\": \"anderson@local.com\", \"language\": \"es\"}', '{\"username\": \"janderson\", \"email\": \"anderson@local.com\", \"language\": \"es\"}', '16', NULL, '2025-09-22 22:49:38'),
(826, 3, 'UPDATE', 'USER', 3, '{\"username\": \"janderson\", \"email\": \"anderson@local.com\", \"language\": \"es\"}', '{\"username\": \"janderson\", \"email\": \"anderson@local.com\", \"language\": \"es\"}', '16', NULL, '2025-09-22 22:49:38'),
(827, 3, 'UPDATE', 'USER', 3, '{\"username\": \"janderson\", \"email\": \"anderson@local.com\", \"language\": \"es\"}', '{\"username\": \"janderson\", \"email\": \"anderson@local.com\", \"language\": \"es\"}', '41', NULL, '2025-09-22 22:51:51'),
(828, 3, 'UPDATE', 'USER', 3, '{\"username\": \"janderson\", \"email\": \"anderson@local.com\", \"language\": \"es\"}', '{\"username\": \"janderson\", \"email\": \"anderson@local.com\", \"language\": \"es\"}', '41', NULL, '2025-09-22 22:51:51'),
(829, 3, 'UPDATE', 'USER', 3, '{\"username\": \"janderson\", \"email\": \"anderson@local.com\", \"language\": \"es\"}', '{\"username\": \"janderson\", \"email\": \"anderson@local.com\", \"language\": \"es\"}', '44', NULL, '2025-09-22 22:52:25'),
(830, 3, 'UPDATE', 'USER', 3, '{\"username\": \"janderson\", \"email\": \"anderson@local.com\", \"language\": \"es\"}', '{\"username\": \"janderson\", \"email\": \"anderson@local.com\", \"language\": \"es\"}', '44', NULL, '2025-09-22 22:52:25'),
(831, 3, 'UPDATE', 'USER', 3, '{\"username\": \"janderson\", \"email\": \"anderson@local.com\", \"language\": \"es\"}', '{\"username\": \"janderson\", \"email\": \"anderson@local.com\", \"language\": \"es\"}', '10', NULL, '2025-09-23 17:27:59'),
(832, 3, 'UPDATE', 'USER', 3, '{\"username\": \"janderson\", \"email\": \"anderson@local.com\", \"language\": \"es\"}', '{\"username\": \"janderson\", \"email\": \"anderson@local.com\", \"language\": \"es\"}', '10', NULL, '2025-09-23 17:27:59'),
(833, 3, 'UPDATE', 'USER', 3, '{\"username\": \"janderson\", \"email\": \"anderson@local.com\", \"language\": \"es\"}', '{\"username\": \"janderson\", \"email\": \"anderson@local.com\", \"language\": \"es\"}', '14', NULL, '2025-09-23 17:28:19'),
(834, 3, 'UPDATE', 'USER', 3, '{\"username\": \"janderson\", \"email\": \"anderson@local.com\", \"language\": \"es\"}', '{\"username\": \"janderson\", \"email\": \"anderson@local.com\", \"language\": \"es\"}', '14', NULL, '2025-09-23 17:28:19'),
(835, 3, 'UPDATE', 'USER', 3, '{\"username\": \"janderson\", \"email\": \"anderson@local.com\", \"language\": \"es\"}', '{\"username\": \"janderson\", \"email\": \"anderson@local.com\", \"language\": \"es\"}', '29', NULL, '2025-09-23 17:31:33'),
(836, 3, 'UPDATE', 'USER', 3, '{\"username\": \"janderson\", \"email\": \"anderson@local.com\", \"language\": \"es\"}', '{\"username\": \"janderson\", \"email\": \"anderson@local.com\", \"language\": \"es\"}', '29', NULL, '2025-09-23 17:31:33'),
(837, 3, 'UPDATE', 'USER', 3, '{\"username\": \"janderson\", \"email\": \"anderson@local.com\", \"language\": \"es\"}', '{\"username\": \"janderson\", \"email\": \"anderson@local.com\", \"language\": \"es\"}', '10', NULL, '2025-09-23 23:11:42'),
(838, 3, 'UPDATE', 'USER', 3, '{\"username\": \"janderson\", \"email\": \"anderson@local.com\", \"language\": \"es\"}', '{\"username\": \"janderson\", \"email\": \"anderson@local.com\", \"language\": \"es\"}', '10', NULL, '2025-09-23 23:11:42'),
(839, 2, 'UPDATE', 'USER', 2, '{\"username\": \"aleon\", \"email\": \"itbkup24@gmail.com\", \"language\": \"es\"}', '{\"username\": \"aleon\", \"email\": \"itbkup24@gmail.com\", \"language\": \"es\"}', '13', NULL, '2025-09-23 23:12:07'),
(840, 2, 'UPDATE', 'USER', 2, '{\"username\": \"aleon\", \"email\": \"itbkup24@gmail.com\", \"language\": \"es\"}', '{\"username\": \"aleon\", \"email\": \"itbkup24@gmail.com\", \"language\": \"es\"}', '13', NULL, '2025-09-23 23:12:07'),
(841, 2, 'UPDATE', 'USER', 2, '{\"username\": \"aleon\", \"email\": \"itbkup24@gmail.com\", \"language\": \"es\"}', '{\"username\": \"aleon\", \"email\": \"itbkup24@gmail.com\", \"language\": \"es\"}', '134', NULL, '2025-09-24 00:20:59'),
(842, 2, 'UPDATE', 'USER', 2, '{\"username\": \"aleon\", \"email\": \"itbkup24@gmail.com\", \"language\": \"es\"}', '{\"username\": \"aleon\", \"email\": \"itbkup24@gmail.com\", \"language\": \"es\"}', '158', NULL, '2025-09-24 00:42:07'),
(843, 3, 'UPDATE', 'USER', 3, '{\"username\": \"janderson\", \"email\": \"anderson@local.com\", \"language\": \"es\"}', '{\"username\": \"janderson\", \"email\": \"anderson@local.com\", \"language\": \"es\"}', '11', NULL, '2025-09-26 01:54:10'),
(844, 3, 'UPDATE', 'USER', 3, '{\"username\": \"janderson\", \"email\": \"anderson@local.com\", \"language\": \"es\"}', '{\"username\": \"janderson\", \"email\": \"anderson@local.com\", \"language\": \"es\"}', '11', NULL, '2025-09-26 01:54:10'),
(845, 2, 'UPDATE', 'USER', 2, '{\"username\": \"aleon\", \"email\": \"itbkup24@gmail.com\", \"language\": \"es\"}', '{\"username\": \"aleon\", \"email\": \"itbkup24@gmail.com\", \"language\": \"es\"}', '76', NULL, '2025-09-26 02:12:35'),
(846, 2, 'UPDATE', 'USER', 2, '{\"username\": \"aleon\", \"email\": \"itbkup24@gmail.com\", \"language\": \"es\"}', '{\"username\": \"aleon\", \"email\": \"itbkup24@gmail.com\", \"language\": \"es\"}', '77', NULL, '2025-09-26 02:12:57'),
(847, 2, 'UPDATE', 'USER', 2, '{\"username\": \"aleon\", \"email\": \"itbkup24@gmail.com\", \"language\": \"es\"}', '{\"username\": \"aleon\", \"email\": \"itbkup24@gmail.com\", \"language\": \"es\"}', '77', NULL, '2025-09-26 02:12:57'),
(848, 3, 'UPDATE', 'USER', 3, '{\"username\": \"janderson\", \"email\": \"anderson@local.com\", \"language\": \"es\"}', '{\"username\": \"janderson\", \"email\": \"anderson@local.com\", \"language\": \"es\"}', '100', NULL, '2025-09-26 02:18:39'),
(849, 3, 'UPDATE', 'USER', 3, '{\"username\": \"janderson\", \"email\": \"anderson@local.com\", \"language\": \"es\"}', '{\"username\": \"janderson\", \"email\": \"anderson@local.com\", \"language\": \"es\"}', '100', NULL, '2025-09-26 02:18:39'),
(850, 2, 'UPDATE', 'USER', 2, '{\"username\": \"aleon\", \"email\": \"itbkup24@gmail.com\", \"language\": \"es\"}', '{\"username\": \"aleon\", \"email\": \"itbkup24@gmail.com\", \"language\": \"es\"}', '10', NULL, '2025-09-27 17:21:14'),
(851, 2, 'UPDATE', 'USER', 2, '{\"username\": \"aleon\", \"email\": \"itbkup24@gmail.com\", \"language\": \"es\"}', '{\"username\": \"aleon\", \"email\": \"itbkup24@gmail.com\", \"language\": \"es\"}', '10', NULL, '2025-09-27 17:21:14'),
(852, 2, 'UPDATE', 'USER', 2, '{\"username\": \"aleon\", \"email\": \"itbkup24@gmail.com\", \"language\": \"es\"}', '{\"username\": \"aleon\", \"email\": \"itbkup24@gmail.com\", \"language\": \"es\"}', '10', NULL, '2025-09-27 21:07:40'),
(853, 2, 'UPDATE', 'USER', 2, '{\"username\": \"aleon\", \"email\": \"itbkup24@gmail.com\", \"language\": \"es\"}', '{\"username\": \"aleon\", \"email\": \"itbkup24@gmail.com\", \"language\": \"es\"}', '10', NULL, '2025-09-27 21:07:40'),
(854, 3, 'UPDATE', 'USER', 3, '{\"username\": \"janderson\", \"email\": \"anderson@local.com\", \"language\": \"es\"}', '{\"username\": \"janderson\", \"email\": \"anderson@local.com\", \"language\": \"es\"}', '13', NULL, '2025-09-27 21:12:25'),
(855, 3, 'UPDATE', 'USER', 3, '{\"username\": \"janderson\", \"email\": \"anderson@local.com\", \"language\": \"es\"}', '{\"username\": \"janderson\", \"email\": \"anderson@local.com\", \"language\": \"es\"}', '13', NULL, '2025-09-27 21:12:25'),
(856, 2, 'UPDATE', 'USER', 2, '{\"username\": \"aleon\", \"email\": \"itbkup24@gmail.com\", \"language\": \"es\"}', '{\"username\": \"aleon\", \"email\": \"itbkup24@gmail.com\", \"language\": \"es\"}', '26', NULL, '2025-09-27 21:16:14'),
(857, 2, 'UPDATE', 'USER', 2, '{\"username\": \"aleon\", \"email\": \"itbkup24@gmail.com\", \"language\": \"es\"}', '{\"username\": \"aleon\", \"email\": \"itbkup24@gmail.com\", \"language\": \"es\"}', '26', NULL, '2025-09-27 21:16:14'),
(858, 3, 'UPDATE', 'USER', 3, '{\"username\": \"janderson\", \"email\": \"anderson@local.com\", \"language\": \"es\"}', '{\"username\": \"janderson\", \"email\": \"anderson@local.com\", \"language\": \"es\"}', '33', NULL, '2025-09-27 21:19:59'),
(859, 3, 'UPDATE', 'USER', 3, '{\"username\": \"janderson\", \"email\": \"anderson@local.com\", \"language\": \"es\"}', '{\"username\": \"janderson\", \"email\": \"anderson@local.com\", \"language\": \"es\"}', '33', NULL, '2025-09-27 21:19:59'),
(860, 2, 'UPDATE', 'USER', 2, '{\"username\": \"aleon\", \"email\": \"itbkup24@gmail.com\", \"language\": \"es\"}', '{\"username\": \"aleon\", \"email\": \"itbkup24@gmail.com\", \"language\": \"es\"}', '10', NULL, '2025-09-29 20:10:11'),
(861, 2, 'UPDATE', 'USER', 2, '{\"username\": \"aleon\", \"email\": \"itbkup24@gmail.com\", \"language\": \"es\"}', '{\"username\": \"aleon\", \"email\": \"itbkup24@gmail.com\", \"language\": \"es\"}', '10', NULL, '2025-09-29 20:10:11'),
(862, 3, 'UPDATE', 'USER', 3, '{\"username\": \"janderson\", \"email\": \"anderson@local.com\", \"language\": \"es\"}', '{\"username\": \"janderson\", \"email\": \"anderson@local.com\", \"language\": \"es\"}', '10', NULL, '2025-10-04 19:26:46'),
(863, 3, 'UPDATE', 'USER', 3, '{\"username\": \"janderson\", \"email\": \"anderson@local.com\", \"language\": \"es\"}', '{\"username\": \"janderson\", \"email\": \"anderson@local.com\", \"language\": \"es\"}', '10', NULL, '2025-10-04 19:26:46'),
(864, 3, 'UPDATE', 'USER', 3, '{\"username\": \"janderson\", \"email\": \"anderson@local.com\", \"language\": \"es\"}', '{\"username\": \"janderson\", \"email\": \"anderson@local.com\", \"language\": \"es\"}', '15', NULL, '2025-10-04 19:27:23'),
(865, 2, 'UPDATE', 'USER', 2, '{\"username\": \"aleon\", \"email\": \"itbkup24@gmail.com\", \"language\": \"es\"}', '{\"username\": \"aleon\", \"email\": \"itbkup24@gmail.com\", \"language\": \"es\"}', '16', NULL, '2025-10-04 19:27:31'),
(866, 2, 'UPDATE', 'USER', 2, '{\"username\": \"aleon\", \"email\": \"itbkup24@gmail.com\", \"language\": \"es\"}', '{\"username\": \"aleon\", \"email\": \"itbkup24@gmail.com\", \"language\": \"es\"}', '16', NULL, '2025-10-04 19:27:31');
INSERT INTO `audit_logs` (`audit_id`, `user_id`, `action`, `entity_type`, `entity_id`, `old_value`, `new_value`, `ip_address`, `user_agent`, `created_at`) VALUES
(867, 3, 'UPDATE', 'USER', 3, '{\"username\": \"janderson\", \"email\": \"anderson@local.com\", \"language\": \"es\"}', '{\"username\": \"janderson\", \"email\": \"anderson@local.com\", \"language\": \"es\"}', '25', NULL, '2025-10-04 19:29:28'),
(868, 3, 'UPDATE', 'USER', 3, '{\"username\": \"janderson\", \"email\": \"anderson@local.com\", \"language\": \"es\"}', '{\"username\": \"janderson\", \"email\": \"anderson@local.com\", \"language\": \"es\"}', '25', NULL, '2025-10-04 19:29:28'),
(869, 3, 'UPDATE', 'USER', 3, '{\"username\": \"janderson\", \"email\": \"anderson@local.com\", \"language\": \"es\"}', '{\"username\": \"janderson\", \"email\": \"anderson@local.com\", \"language\": \"es\"}', '109', NULL, '2025-10-04 19:56:08'),
(870, 3, 'UPDATE', 'USER', 3, '{\"username\": \"janderson\", \"email\": \"anderson@local.com\", \"language\": \"es\"}', '{\"username\": \"janderson\", \"email\": \"anderson@local.com\", \"language\": \"es\"}', '109', NULL, '2025-10-04 19:56:08'),
(871, 2, 'UPDATE', 'USER', 2, '{\"username\": \"aleon\", \"email\": \"itbkup24@gmail.com\", \"language\": \"es\"}', '{\"username\": \"aleon\", \"email\": \"itbkup24@gmail.com\", \"language\": \"es\"}', '172', NULL, '2025-10-04 19:59:19'),
(872, 2, 'UPDATE', 'USER', 2, '{\"username\": \"aleon\", \"email\": \"itbkup24@gmail.com\", \"language\": \"es\"}', '{\"username\": \"aleon\", \"email\": \"itbkup24@gmail.com\", \"language\": \"es\"}', '172', NULL, '2025-10-04 19:59:19'),
(873, 3, 'UPDATE', 'USER', 3, '{\"username\": \"janderson\", \"email\": \"anderson@local.com\", \"language\": \"es\"}', '{\"username\": \"janderson\", \"email\": \"anderson@local.com\", \"language\": \"es\"}', '244', NULL, '2025-10-04 20:17:53'),
(874, 3, 'UPDATE', 'USER', 3, '{\"username\": \"janderson\", \"email\": \"anderson@local.com\", \"language\": \"es\"}', '{\"username\": \"janderson\", \"email\": \"anderson@local.com\", \"language\": \"es\"}', '249', NULL, '2025-10-04 20:20:08'),
(875, 3, 'FORCE_PASSWORD_CHANGE', 'USER', 3, '{\"force_password_change\": true}', '{\"force_password_change\": false}', '127.0.0.1', 'Mozilla/5.0 (X11; Linux x86_64; rv:140.0) Gecko/20100101 Firefox/140.0', '2025-10-04 20:20:08'),
(876, 3, 'UPDATE', 'USER', 3, '{\"username\": \"janderson\", \"email\": \"anderson@local.com\", \"language\": \"es\"}', '{\"username\": \"janderson\", \"email\": \"anderson@local.com\", \"language\": \"es\"}', '252', NULL, '2025-10-04 20:20:24'),
(877, 3, 'UPDATE', 'USER', 3, '{\"username\": \"janderson\", \"email\": \"anderson@local.com\", \"language\": \"es\"}', '{\"username\": \"janderson\", \"email\": \"anderson@local.com\", \"language\": \"es\"}', '252', NULL, '2025-10-04 20:20:24'),
(878, 3, 'UPDATE', 'USER', 3, '{\"username\": \"janderson\", \"email\": \"anderson@local.com\", \"language\": \"es\"}', '{\"username\": \"janderson\", \"email\": \"anderson@local.com\", \"language\": \"es\"}', '267', NULL, '2025-10-04 20:20:37'),
(879, 3, 'UPDATE', 'USER', 3, '{\"username\": \"janderson\", \"email\": \"anderson@local.com\", \"language\": \"es\"}', '{\"username\": \"janderson\", \"email\": \"anderson@local.com\", \"language\": \"es\"}', '269', NULL, '2025-10-04 20:20:51'),
(880, 3, 'FORCE_PASSWORD_CHANGE', 'USER', 3, '{\"force_password_change\": true}', '{\"force_password_change\": false}', '127.0.0.1', 'Mozilla/5.0 (X11; Linux x86_64; rv:140.0) Gecko/20100101 Firefox/140.0', '2025-10-04 20:20:51'),
(881, 3, 'UPDATE', 'USER', 3, '{\"username\": \"janderson\", \"email\": \"anderson@local.com\", \"language\": \"es\"}', '{\"username\": \"janderson\", \"email\": \"anderson@local.com\", \"language\": \"es\"}', '273', NULL, '2025-10-05 08:36:30'),
(882, 3, 'UPDATE', 'USER', 3, '{\"username\": \"janderson\", \"email\": \"anderson@local.com\", \"language\": \"es\"}', '{\"username\": \"janderson\", \"email\": \"anderson@local.com\", \"language\": \"es\"}', '273', NULL, '2025-10-05 08:36:30'),
(883, 3, 'UPDATE', 'QUOTE', 21, '{\"status\": \"DRAFT\", \"parent_quote_id\": 19}', '{\"status\": \"SENT\", \"parent_quote_id\": 19}', '332', NULL, '2025-10-05 08:51:27'),
(884, 3, 'UPDATE', 'QUOTE', 21, '{\"status\": \"SENT\", \"parent_quote_id\": 19}', '{\"status\": \"APPROVED\", \"parent_quote_id\": 19}', '343', NULL, '2025-10-05 08:52:07'),
(885, 3, 'APPROVE_QUOTE', 'QUOTE', 21, '{\"status\":\"SENT\"}', '{\"status\":\"APPROVED\",\"stock_updated\":true}', '127.0.0.1', NULL, '2025-10-05 08:52:07'),
(886, 2, 'UPDATE', 'USER', 2, '{\"username\": \"aleon\", \"email\": \"itbkup24@gmail.com\", \"language\": \"es\"}', '{\"username\": \"aleon\", \"email\": \"itbkup24@gmail.com\", \"language\": \"es\"}', '392', NULL, '2025-10-05 09:09:35'),
(887, 2, 'UPDATE', 'USER', 2, '{\"username\": \"aleon\", \"email\": \"itbkup24@gmail.com\", \"language\": \"es\"}', '{\"username\": \"aleon\", \"email\": \"itbkup24@gmail.com\", \"language\": \"es\"}', '392', NULL, '2025-10-05 09:09:35'),
(888, 2, 'UPDATE', 'QUOTE', 22, '{\"status\": \"DRAFT\", \"parent_quote_id\": null}', '{\"status\": \"SENT\", \"parent_quote_id\": null}', '413', NULL, '2025-10-05 09:14:19'),
(889, 3, 'UPDATE', 'USER', 3, '{\"username\": \"janderson\", \"email\": \"anderson@local.com\", \"language\": \"es\"}', '{\"username\": \"janderson\", \"email\": \"anderson@local.com\", \"language\": \"es\"}', '422', NULL, '2025-10-05 09:18:12'),
(890, 3, 'UPDATE', 'USER', 3, '{\"username\": \"janderson\", \"email\": \"anderson@local.com\", \"language\": \"es\"}', '{\"username\": \"janderson\", \"email\": \"anderson@local.com\", \"language\": \"es\"}', '422', NULL, '2025-10-05 09:18:12'),
(891, 3, 'UPDATE', 'QUOTE', 23, '{\"status\": \"DRAFT\", \"parent_quote_id\": null}', '{\"status\": \"SENT\", \"parent_quote_id\": null}', '431', NULL, '2025-10-05 09:20:22'),
(892, 2, 'UPDATE', 'USER', 2, '{\"username\": \"aleon\", \"email\": \"itbkup24@gmail.com\", \"language\": \"es\"}', '{\"username\": \"aleon\", \"email\": \"itbkup24@gmail.com\", \"language\": \"es\"}', '443', NULL, '2025-10-05 09:22:46'),
(893, 2, 'UPDATE', 'USER', 2, '{\"username\": \"aleon\", \"email\": \"itbkup24@gmail.com\", \"language\": \"es\"}', '{\"username\": \"aleon\", \"email\": \"itbkup24@gmail.com\", \"language\": \"es\"}', '444', NULL, '2025-10-05 09:22:55'),
(894, 2, 'UPDATE', 'USER', 2, '{\"username\": \"aleon\", \"email\": \"itbkup24@gmail.com\", \"language\": \"es\"}', '{\"username\": \"aleon\", \"email\": \"itbkup24@gmail.com\", \"language\": \"es\"}', '444', NULL, '2025-10-05 09:22:55'),
(895, 7, 'UPDATE', 'USER', 7, '{\"username\": \"lleon\", \"email\": \"lleon@local.com\", \"language\": \"es\"}', '{\"username\": \"lleon\", \"email\": \"lleon@local.com\", \"language\": \"es\"}', '499', NULL, '2025-10-05 09:34:34'),
(896, 2, 'UPDATE', 'USER', 2, '{\"username\": \"aleon\", \"email\": \"itbkup24@gmail.com\", \"language\": \"es\"}', '{\"username\": \"aleon\", \"email\": \"itbkup24@gmail.com\", \"language\": \"es\"}', '517', NULL, '2025-10-05 09:34:54'),
(897, 2, 'UPDATE', 'USER', 2, '{\"username\": \"aleon\", \"email\": \"itbkup24@gmail.com\", \"language\": \"es\"}', '{\"username\": \"aleon\", \"email\": \"itbkup24@gmail.com\", \"language\": \"es\"}', '519', NULL, '2025-10-05 09:35:19'),
(898, 2, 'FORCE_PASSWORD_CHANGE', 'USER', 2, '{\"force_password_change\": true}', '{\"force_password_change\": false}', '127.0.0.1', 'Mozilla/5.0 (X11; Linux x86_64; rv:140.0) Gecko/20100101 Firefox/140.0', '2025-10-05 09:35:19'),
(899, 2, 'UPDATE', 'USER', 2, '{\"username\": \"aleon\", \"email\": \"itbkup24@gmail.com\", \"language\": \"es\"}', '{\"username\": \"aleon\", \"email\": \"itbkup24@gmail.com\", \"language\": \"es\"}', '522', NULL, '2025-10-05 09:35:27'),
(900, 2, 'UPDATE', 'USER', 2, '{\"username\": \"aleon\", \"email\": \"itbkup24@gmail.com\", \"language\": \"es\"}', '{\"username\": \"aleon\", \"email\": \"itbkup24@gmail.com\", \"language\": \"es\"}', '522', NULL, '2025-10-05 09:35:27'),
(901, 3, 'UPDATE', 'USER', 3, '{\"username\": \"janderson\", \"email\": \"anderson@local.com\", \"language\": \"es\"}', '{\"username\": \"janderson\", \"email\": \"anderson@local.com\", \"language\": \"es\"}', '605', NULL, '2025-10-05 09:55:34'),
(902, 3, 'UPDATE', 'USER', 3, '{\"username\": \"janderson\", \"email\": \"anderson@local.com\", \"language\": \"es\"}', '{\"username\": \"janderson\", \"email\": \"anderson@local.com\", \"language\": \"es\"}', '605', NULL, '2025-10-05 09:55:34'),
(903, 2, 'UPDATE', 'USER', 2, '{\"username\": \"aleon\", \"email\": \"itbkup24@gmail.com\", \"language\": \"es\"}', '{\"username\": \"aleon\", \"email\": \"itbkup24@gmail.com\", \"language\": \"es\"}', '611', NULL, '2025-10-05 09:57:11'),
(904, 2, 'UPDATE', 'USER', 2, '{\"username\": \"aleon\", \"email\": \"itbkup24@gmail.com\", \"language\": \"es\"}', '{\"username\": \"aleon\", \"email\": \"itbkup24@gmail.com\", \"language\": \"es\"}', '611', NULL, '2025-10-05 09:57:11'),
(905, 2, 'UPDATE', 'USER', 2, '{\"username\": \"aleon\", \"email\": \"itbkup24@gmail.com\", \"language\": \"es\"}', '{\"username\": \"aleon\", \"email\": \"itbkup24@gmail.com\", \"language\": \"es\"}', '620', NULL, '2025-10-05 10:06:44'),
(906, 2, 'UPDATE', 'USER', 2, '{\"username\": \"aleon\", \"email\": \"itbkup24@gmail.com\", \"language\": \"es\"}', '{\"username\": \"aleon\", \"email\": \"itbkup24@gmail.com\", \"language\": \"es\"}', '620', NULL, '2025-10-05 10:06:44'),
(907, NULL, 'UPDATE', 'SETTINGS', 7, '{\"setting_key\": \"available_languages\", \"setting_value\": \"[\\\"es\\\"]\"}', '{\"setting_key\": \"available_languages\", \"setting_value\": \"[\\\"en\\\"]\"}', '657', NULL, '2025-10-05 11:04:36'),
(908, NULL, 'UPDATE', 'SETTINGS', 7, '{\"setting_key\": \"available_languages\", \"setting_value\": \"[\\\"en\\\"]\"}', '{\"setting_key\": \"available_languages\", \"setting_value\": \"[\\\"es\\\"]\"}', '663', NULL, '2025-10-05 11:06:39'),
(909, NULL, 'UPDATE', 'SETTINGS', 7, '{\"setting_key\": \"available_languages\", \"setting_value\": \"[\\\"es\\\"]\"}', '{\"setting_key\": \"available_languages\", \"setting_value\": \"[\\\"en\\\"]\"}', '702', NULL, '2025-10-05 11:09:45'),
(910, 3, 'UPDATE', 'USER', 3, '{\"username\": \"janderson\", \"email\": \"anderson@local.com\", \"language\": \"es\"}', '{\"username\": \"janderson\", \"email\": \"anderson@local.com\", \"language\": \"es\"}', '705', NULL, '2025-10-05 11:09:54'),
(911, 3, 'UPDATE', 'USER', 3, '{\"username\": \"janderson\", \"email\": \"anderson@local.com\", \"language\": \"es\"}', '{\"username\": \"janderson\", \"email\": \"anderson@local.com\", \"language\": \"es\"}', '705', NULL, '2025-10-05 11:09:54'),
(912, 2, 'UPDATE', 'USER', 2, '{\"username\": \"aleon\", \"email\": \"itbkup24@gmail.com\", \"language\": \"es\"}', '{\"username\": \"aleon\", \"email\": \"itbkup24@gmail.com\", \"language\": \"es\"}', '713', NULL, '2025-10-05 11:27:24'),
(913, 2, 'UPDATE', 'USER', 2, '{\"username\": \"aleon\", \"email\": \"itbkup24@gmail.com\", \"language\": \"es\"}', '{\"username\": \"aleon\", \"email\": \"itbkup24@gmail.com\", \"language\": \"es\"}', '713', NULL, '2025-10-05 11:27:24');

-- --------------------------------------------------------

--
-- Table structure for table `backup_requests`
--

CREATE TABLE `backup_requests` (
  `backup_id` bigint(20) UNSIGNED NOT NULL,
  `requested_at` timestamp NOT NULL DEFAULT current_timestamp(),
  `status` enum('PENDING','COMPLETED','FAILED') NOT NULL DEFAULT 'PENDING',
  `created_by` bigint(20) UNSIGNED DEFAULT NULL
) ENGINE=InnoDB DEFAULT CHARSET=utf8mb4 COLLATE=utf8mb4_unicode_ci;

--
-- Dumping data for table `backup_requests`
--

INSERT INTO `backup_requests` (`backup_id`, `requested_at`, `status`, `created_by`) VALUES
(1, '2025-08-19 10:18:17', 'PENDING', NULL);

--
-- Triggers `backup_requests`
--
DELIMITER $$
CREATE TRIGGER `backup_requests_after_insert` AFTER INSERT ON `backup_requests` FOR EACH ROW BEGIN
    INSERT INTO audit_logs (user_id, action, entity_type, entity_id, new_value, ip_address, user_agent, created_at)
    VALUES (NEW.created_by, 'INSERT', 'BACKUP_REQUEST', NEW.backup_id,
            JSON_OBJECT('status', NEW.status, 'requested_at', NEW.requested_at),
            CONNECTION_ID(), NULL, NOW());
END
$$
DELIMITER ;
DELIMITER $$
CREATE TRIGGER `backup_requests_after_update` AFTER UPDATE ON `backup_requests` FOR EACH ROW BEGIN
    INSERT INTO audit_logs (user_id, action, entity_type, entity_id, old_value, new_value, ip_address, user_agent, created_at)
    VALUES (NEW.created_by, 'UPDATE', 'BACKUP_REQUEST', NEW.backup_id,
            JSON_OBJECT('status', OLD.status),
            JSON_OBJECT('status', NEW.status),
            CONNECTION_ID(), NULL, NOW());
END
$$
DELIMITER ;

-- --------------------------------------------------------

--
-- Table structure for table `clients`
--

CREATE TABLE `clients` (
  `client_id` bigint(20) UNSIGNED NOT NULL,
  `company_name` varchar(255) NOT NULL,
  `contact_name` varchar(100) NOT NULL,
  `email` varchar(255) NOT NULL,
  `phone` varchar(20) DEFAULT NULL,
  `address` text DEFAULT NULL,
  `tax_id` varchar(50) DEFAULT NULL,
  `created_by` bigint(20) UNSIGNED NOT NULL,
  `created_at` timestamp NOT NULL DEFAULT current_timestamp(),
  `updated_at` timestamp NOT NULL DEFAULT current_timestamp() ON UPDATE current_timestamp(),
  `deleted_at` timestamp NULL DEFAULT NULL
) ENGINE=InnoDB DEFAULT CHARSET=utf8mb4 COLLATE=utf8mb4_unicode_ci;

--
-- Dumping data for table `clients`
--

INSERT INTO `clients` (`client_id`, `company_name`, `contact_name`, `email`, `phone`, `address`, `tax_id`, `created_by`, `created_at`, `updated_at`, `deleted_at`) VALUES
(1, 'Entropic Networks', 'Yaixa Cano', 'cano@entropic.es', '504 99665423', 'Modificar St para que sea automatico, pero en el futuro', '15', 3, '2025-08-22 23:18:41', '2025-10-04 20:02:59', NULL),
(2, 'Lionixx entertaiment', 'Luna Leon', 'itbkup24@gmail.com', '62354676543', 'Modificar St para que sea automatico, pero en el futuro', '15', 2, '2025-08-27 22:33:39', '2025-08-29 13:25:27', NULL),
(3, 'Trasnportes Galeano', 'Julio La Verdura de la casa', 'fabigaleon26@gmail.com', '65423879086', 'San pedro jula cerca de cerrocigalpa', '12', 2, '2025-09-04 21:09:45', '2025-09-04 21:09:45', NULL),
(4, 'JYP', 'Im Naeyon', 'nayeon@twice.com', '65423879086', 'Seul, South Korea, St. 23, Dongsehn building', '15', 2, '2025-09-11 15:20:29', '2025-09-11 15:20:29', NULL),
(5, 'Firm', 'Thess Smith', 'thess@local.es', '65432128974', 'Madrid, Barrio 5 central', '12', 2, '2025-09-27 17:23:00', '2025-10-04 20:05:12', NULL),
(6, 'svargo', 'leonxjass', 'leon2@local.com', '76827638', 'probando', '12', 2, '2025-10-04 20:09:19', '2025-10-04 20:09:24', '2025-10-04 20:09:24'),
(7, 'svargo', 'Pamela Suleica', 'psuleica@local.hn', '6745232346', 'Testing', '12', 3, '2025-10-04 20:10:34', '2025-10-04 20:10:34', NULL);

-- --------------------------------------------------------

--
-- Table structure for table `client_activities`
--

CREATE TABLE `client_activities` (
  `activity_id` bigint(20) UNSIGNED NOT NULL,
  `client_id` bigint(20) UNSIGNED NOT NULL,
  `quote_id` bigint(20) UNSIGNED DEFAULT NULL,
  `activity_type` enum('QUOTE_CREATED','QUOTE_APPROVED','CONTACT') NOT NULL DEFAULT 'QUOTE_CREATED',
  `activity_date` timestamp NOT NULL DEFAULT current_timestamp(),
  `details` longtext CHARACTER SET utf8mb4 COLLATE utf8mb4_bin DEFAULT NULL CHECK (json_valid(`details`))
) ENGINE=InnoDB DEFAULT CHARSET=utf8mb4 COLLATE=utf8mb4_unicode_ci;

--
-- Dumping data for table `client_activities`
--

INSERT INTO `client_activities` (`activity_id`, `client_id`, `quote_id`, `activity_type`, `activity_date`, `details`) VALUES
(1, 1, 1, 'QUOTE_CREATED', '2025-08-29 00:37:00', '{\"total_amount\":2553.125}'),
(2, 2, 2, 'QUOTE_CREATED', '2025-08-29 00:41:08', '{\"total_amount\":3413.125}'),
(3, 2, 2, 'QUOTE_APPROVED', '2025-08-29 21:02:59', '{\"approved_amount\":\"3413.13\",\"approved_by\":2}'),
(4, 2, 4, 'QUOTE_APPROVED', '2025-08-29 21:05:28', '{\"approved_amount\":\"3413.13\",\"approved_by\":2}'),
(5, 3, 11, 'QUOTE_APPROVED', '2025-09-04 21:33:01', '{\"total_amount\":\"1248.30\"}'),
(6, 1, 10, 'QUOTE_APPROVED', '2025-09-04 21:33:18', '{\"total_amount\":\"131.40\"}'),
(7, 3, 14, 'QUOTE_APPROVED', '2025-09-04 22:42:23', '{\"total_amount\":\"1612.50\"}'),
(8, 3, 13, 'QUOTE_APPROVED', '2025-09-04 22:42:39', '{\"total_amount\":\"1612.50\"}'),
(9, 2, 18, 'QUOTE_APPROVED', '2025-09-07 00:28:32', '{\"total_amount\":\"643.86\"}'),
(10, 4, 20, 'QUOTE_APPROVED', '2025-09-20 03:12:44', '{\"total_amount\":\"537.50\"}'),
(11, 1, 15, 'QUOTE_APPROVED', '2025-09-20 03:16:09', '{\"total_amount\":\"2553.13\"}'),
(12, 2, 21, 'QUOTE_APPROVED', '2025-10-05 08:52:07', '{\"total_amount\":\"643.86\"}');

-- --------------------------------------------------------

--
-- Table structure for table `materialized_client_purchase_patterns`
--

CREATE TABLE `materialized_client_purchase_patterns` (
  `client_id` bigint(20) UNSIGNED NOT NULL,
  `company_name` varchar(255) NOT NULL,
  `total_spend` decimal(10,2) NOT NULL,
  `purchase_count` bigint(20) NOT NULL,
  `last_purchase_date` timestamp NOT NULL DEFAULT current_timestamp() ON UPDATE current_timestamp(),
  `last_updated` timestamp NOT NULL DEFAULT current_timestamp()
) ENGINE=InnoDB DEFAULT CHARSET=utf8mb4 COLLATE=utf8mb4_unicode_ci;

-- --------------------------------------------------------

--
-- Table structure for table `materialized_sales_performance`
--

CREATE TABLE `materialized_sales_performance` (
  `user_id` bigint(20) UNSIGNED NOT NULL,
  `username` varchar(50) NOT NULL,
  `total_quotes` bigint(20) NOT NULL,
  `total_amount` decimal(10,2) NOT NULL,
  `conversion_rate` decimal(5,2) NOT NULL,
  `last_updated` timestamp NOT NULL DEFAULT current_timestamp()
) ENGINE=InnoDB DEFAULT CHARSET=utf8mb4 COLLATE=utf8mb4_unicode_ci;

-- --------------------------------------------------------

--
-- Table structure for table `materialized_sales_trends`
--

CREATE TABLE `materialized_sales_trends` (
  `month` varchar(7) NOT NULL,
  `total_amount` decimal(10,2) NOT NULL,
  `total_quotes` bigint(20) NOT NULL,
  `average_discount` decimal(5,2) NOT NULL,
  `last_updated` timestamp NOT NULL DEFAULT current_timestamp()
) ENGINE=InnoDB DEFAULT CHARSET=utf8mb4 COLLATE=utf8mb4_unicode_ci;

-- --------------------------------------------------------

--
-- Table structure for table `permissions`
--

CREATE TABLE `permissions` (
  `permission_id` bigint(20) UNSIGNED NOT NULL,
  `permission_name` varchar(100) NOT NULL,
  `module` varchar(50) NOT NULL,
  `description` text DEFAULT NULL,
  `created_at` timestamp NOT NULL DEFAULT current_timestamp()
) ENGINE=InnoDB DEFAULT CHARSET=utf8mb4 COLLATE=utf8mb4_unicode_ci;

--
-- Dumping data for table `permissions`
--

INSERT INTO `permissions` (`permission_id`, `permission_name`, `module`, `description`, `created_at`) VALUES
(1, 'edit_own_profile', 'users', 'Edit own user profile', '2025-08-18 23:31:48'),
(2, 'reset_user_password', 'users', 'Reset user passwords', '2025-08-18 23:31:48'),
(3, 'view_sales_reports', 'reports', 'View sales performance and trends', '2025-08-18 23:31:48'),
(4, 'view_client_reports', 'reports', 'View client activity and patterns', '2025-08-18 23:31:48'),
(5, 'view_product_reports', 'reports', 'View product performance and categories', '2025-08-18 23:31:48'),
(6, 'view_compliance_reports', 'reports', 'View audit logs and security posture', '2025-08-18 23:31:48'),
(7, 'request_access', 'access', 'Request additional permissions', '2025-08-18 23:31:48'),
(8, 'manage_access_requests', 'access', 'Review access requests', '2025-08-18 23:31:48'),
(9, 'manage_settings', 'settings', 'Manage company settings', '2025-08-18 23:31:48'),
(10, 'renew_quotes', 'quotes', 'Renew existing quotes', '2025-08-18 23:31:48'),
(11, 'manage_backups', 'backups', 'Manage backup requests', '2025-08-18 23:31:48'),
(12, 'view_clients', 'clients', 'View client details', '2025-08-18 23:31:48'),
(13, 'create_quotes', 'quotes', 'Create new quotes', '2025-08-18 23:31:48'),
(14, 'add_clients', 'clients', 'Add new clients', '2025-09-27 21:25:45'),
(15, 'edit_clients', 'clients', 'Edit existing clients', '2025-09-27 21:25:45'),
(16, 'delete_clients', 'clients', 'Delete clients', '2025-09-27 21:25:45'),
(17, 'add_products', 'products', 'Add new products', '2025-09-27 21:28:46'),
(18, 'edit_products', 'products', 'Edit existing products', '2025-09-27 21:28:46'),
(19, 'delete_products', 'products', 'Delete products', '2025-09-27 21:28:46'),
(20, 'view_products', 'products', 'View products list', '2025-09-27 21:28:46'),
(21, 'edit_client', 'clients', 'Edit client information', '2025-10-04 20:02:35'),
(22, 'add_client', 'clients', 'Add new client', '2025-10-04 20:03:59'),
(23, 'delete_client', 'clients', 'Delete client', '2025-10-04 20:03:59');

-- --------------------------------------------------------

--
-- Table structure for table `products`
--

CREATE TABLE `products` (
  `product_id` bigint(20) UNSIGNED NOT NULL,
  `category_id` bigint(20) UNSIGNED NOT NULL,
  `product_name` varchar(255) NOT NULL,
  `sku` varchar(50) NOT NULL,
  `price` decimal(10,2) NOT NULL,
  `tax_rate` decimal(5,2) NOT NULL,
  `stock_quantity` int(11) NOT NULL,
  `created_at` timestamp NOT NULL DEFAULT current_timestamp(),
  `updated_at` timestamp NOT NULL DEFAULT current_timestamp() ON UPDATE current_timestamp()
) ENGINE=InnoDB DEFAULT CHARSET=utf8mb4 COLLATE=utf8mb4_unicode_ci;

--
-- Dumping data for table `products`
--

INSERT INTO `products` (`product_id`, `category_id`, `product_name`, `sku`, `price`, `tax_rate`, `stock_quantity`, `created_at`, `updated_at`) VALUES
(1, 1, 'Dell G15 Ryzen 7 2 nucleos', 'inv-tech-002', 2000.00, 7.50, 200, '2025-08-23 00:11:04', '2025-08-23 00:12:14'),
(2, 1, 'Dell G15 Intel Core I7', 'INV-TECH-001', 2500.00, 7.50, 200, '2025-08-23 00:13:41', '2025-10-05 09:43:17'),
(4, 2, 'Silla gamer reclinable pro', 'INV-MOB-001', 1000.00, 7.50, 99, '2025-08-23 00:14:38', '2025-09-20 03:12:44'),
(5, 1, 'Honor 200 Pro', 'inv-tech-003', 1200.00, 9.50, 199, '2025-08-28 23:17:13', '2025-09-04 21:33:01'),
(6, 2, 'Libro La song de resistance', 'INV-LIT-001', 50.00, 9.50, 124, '2025-08-28 23:54:17', '2025-10-05 08:52:07');

-- --------------------------------------------------------

--
-- Table structure for table `product_categories`
--

CREATE TABLE `product_categories` (
  `category_id` bigint(20) UNSIGNED NOT NULL,
  `category_name` varchar(100) NOT NULL,
  `description` text DEFAULT NULL,
  `created_at` timestamp NOT NULL DEFAULT current_timestamp()
) ENGINE=InnoDB DEFAULT CHARSET=utf8mb4 COLLATE=utf8mb4_unicode_ci;

--
-- Dumping data for table `product_categories`
--

INSERT INTO `product_categories` (`category_id`, `category_name`, `description`, `created_at`) VALUES
(1, 'Tecnologia', 'Productos y aparatos electronicos de tecnologia personal', '2025-08-23 00:08:25'),
(2, 'Aparatos de Oficina', 'Tecnologia para oficina', '2025-08-23 00:12:58');

-- --------------------------------------------------------

--
-- Table structure for table `quotes`
--

CREATE TABLE `quotes` (
  `quote_id` bigint(20) UNSIGNED NOT NULL,
  `client_id` bigint(20) UNSIGNED NOT NULL,
  `user_id` bigint(20) UNSIGNED NOT NULL,
  `parent_quote_id` bigint(20) UNSIGNED DEFAULT NULL,
  `quote_number` varchar(50) NOT NULL,
  `status` enum('DRAFT','SENT','APPROVED','REJECTED') NOT NULL DEFAULT 'DRAFT',
  `stock_updated` tinyint(1) NOT NULL DEFAULT 0,
  `total_amount` decimal(10,2) NOT NULL,
  `issue_date` date NOT NULL,
  `expiry_date` date NOT NULL,
  `created_at` timestamp NOT NULL DEFAULT current_timestamp(),
  `updated_at` timestamp NOT NULL DEFAULT current_timestamp() ON UPDATE current_timestamp()
) ENGINE=InnoDB DEFAULT CHARSET=utf8mb4 COLLATE=utf8mb4_unicode_ci;

--
-- Dumping data for table `quotes`
--

INSERT INTO `quotes` (`quote_id`, `client_id`, `user_id`, `parent_quote_id`, `quote_number`, `status`, `stock_updated`, `total_amount`, `issue_date`, `expiry_date`, `created_at`, `updated_at`) VALUES
(1, 1, 2, NULL, 'Q20250001', 'REJECTED', 0, 2553.13, '2025-08-28', '2025-09-04', '2025-08-29 00:37:00', '2025-08-29 22:14:00'),
(2, 2, 2, NULL, 'Q20250002', 'APPROVED', 1, 3413.13, '2025-08-28', '2025-09-04', '2025-08-29 00:41:08', '2025-08-29 21:02:59'),
(3, 2, 2, NULL, 'Q20250003', 'REJECTED', 0, 3397.00, '2025-08-29', '2025-09-05', '2025-08-29 13:27:19', '2025-08-29 22:28:30'),
(4, 2, 2, 2, 'Q20250004', 'APPROVED', 1, 3413.13, '2025-08-29', '2025-09-05', '2025-08-29 13:27:55', '2025-08-29 21:05:28'),
(5, 2, 2, NULL, 'QT2025-0001', 'REJECTED', 0, 54.75, '2025-08-29', '2025-09-05', '2025-08-29 21:26:30', '2025-09-04 21:11:35'),
(10, 1, 2, NULL, 'QT2025-0002', 'APPROVED', 1, 131.40, '2025-08-29', '2025-09-05', '2025-08-29 22:39:04', '2025-09-04 21:33:18'),
(11, 3, 2, NULL, 'QT2025-0003', 'APPROVED', 1, 1248.30, '2025-09-04', '2025-09-11', '2025-09-04 21:12:01', '2025-09-04 21:33:01'),
(12, 3, 2, NULL, 'QT2025-0004', 'REJECTED', 0, 1612.50, '2025-09-04', '2025-09-11', '2025-09-04 21:24:29', '2025-09-04 21:38:11'),
(13, 3, 2, 12, 'QT2025-0005', 'APPROVED', 1, 1612.50, '2025-09-04', '2025-09-11', '2025-09-04 21:50:16', '2025-09-04 22:42:39'),
(14, 3, 2, NULL, 'QT2025-0006', 'APPROVED', 1, 1612.50, '2025-09-04', '2025-09-11', '2025-09-04 21:54:36', '2025-09-04 22:42:23'),
(15, 1, 2, NULL, 'QT2025-0007', 'APPROVED', 1, 2553.13, '2025-09-04', '2025-09-11', '2025-09-04 21:55:02', '2025-09-20 03:16:09'),
(16, 2, 2, NULL, 'QT2025-0008', 'DRAFT', 0, 3413.13, '2025-09-04', '2025-09-11', '2025-09-04 21:57:48', '2025-09-11 15:10:50'),
(17, 2, 2, NULL, 'QT2025-0009', 'DRAFT', 0, 967.50, '2025-09-04', '2025-09-11', '2025-09-04 22:03:48', '2025-09-04 22:03:48'),
(18, 2, 3, NULL, 'QT2025-0010', 'APPROVED', 1, 643.86, '2025-09-06', '2025-09-13', '2025-09-07 00:27:12', '2025-09-07 00:28:32'),
(19, 2, 3, 18, 'QT2025-0011', 'REJECTED', 0, 643.86, '2025-09-07', '2025-09-14', '2025-09-07 16:02:18', '2025-09-07 16:03:09'),
(20, 4, 2, NULL, 'QT2025-0012', 'APPROVED', 1, 537.50, '2025-09-11', '2025-09-18', '2025-09-11 15:21:12', '2025-09-20 03:12:44'),
(21, 2, 3, 19, 'QT2025-0013', 'APPROVED', 1, 643.86, '2025-10-05', '2025-10-12', '2025-10-05 08:51:15', '2025-10-05 08:52:07'),
(22, 5, 2, NULL, 'QT2025-0014', 'SENT', 0, 1182.60, '2025-10-05', '2025-10-06', '2025-10-05 09:13:39', '2025-10-05 09:14:19'),
(23, 4, 3, NULL, 'QT2025-0015', 'SENT', 0, 1343.75, '2025-10-05', '2025-10-10', '2025-10-05 09:20:12', '2025-10-05 09:20:22');

--
-- Triggers `quotes`
--
DELIMITER $$
CREATE TRIGGER `quotes_after_update` AFTER UPDATE ON `quotes` FOR EACH ROW BEGIN
            IF NEW.status = 'APPROVED' AND OLD.status != 'APPROVED' AND NEW.stock_updated = FALSE THEN
                UPDATE products p
                JOIN quote_items qi ON p.product_id = qi.product_id
                SET p.stock_quantity = p.stock_quantity - qi.quantity
                WHERE qi.quote_id = NEW.quote_id
                AND p.stock_quantity >= qi.quantity;
                
                UPDATE quotes
                SET stock_updated = TRUE
                WHERE quote_id = NEW.quote_id;
                
                INSERT INTO client_activities (client_id, quote_id, activity_type, activity_date, details)
                VALUES (NEW.client_id, NEW.quote_id, 'QUOTE_APPROVED', NOW(),
                        JSON_OBJECT('total_amount', NEW.total_amount));
                        
                INSERT INTO audit_logs (user_id, action, entity_type, entity_id, old_value, new_value, ip_address, user_agent, created_at)
                VALUES (NEW.user_id, 'STOCK_UPDATE', 'QUOTE', NEW.quote_id,
                        JSON_OBJECT('status', OLD.status),
                        JSON_OBJECT('status', NEW.status, 'stock_updated', NEW.stock_updated),
                        CONNECTION_ID(), NULL, NOW());
            END IF;
            
            INSERT INTO audit_logs (user_id, action, entity_type, entity_id, old_value, new_value, ip_address, user_agent, created_at)
            VALUES (NEW.user_id, 'UPDATE', 'QUOTE', NEW.quote_id,
                    JSON_OBJECT('status', OLD.status, 'parent_quote_id', OLD.parent_quote_id),
                    JSON_OBJECT('status', NEW.status, 'parent_quote_id', NEW.parent_quote_id),
                    CONNECTION_ID(), NULL, NOW());
        END
$$
DELIMITER ;

-- --------------------------------------------------------

--
-- Table structure for table `quote_items`
--

CREATE TABLE `quote_items` (
  `quote_item_id` bigint(20) UNSIGNED NOT NULL,
  `quote_id` bigint(20) UNSIGNED NOT NULL,
  `product_id` bigint(20) UNSIGNED NOT NULL,
  `quantity` int(11) NOT NULL,
  `unit_price` decimal(10,2) NOT NULL,
  `discount` decimal(5,2) NOT NULL,
  `tax_amount` decimal(10,2) NOT NULL,
  `subtotal` decimal(10,2) NOT NULL,
  `created_at` timestamp NOT NULL DEFAULT current_timestamp()
) ENGINE=InnoDB DEFAULT CHARSET=utf8mb4 COLLATE=utf8mb4_unicode_ci;

--
-- Dumping data for table `quote_items`
--

INSERT INTO `quote_items` (`quote_item_id`, `quote_id`, `product_id`, `quantity`, `unit_price`, `discount`, `tax_amount`, `subtotal`, `created_at`) VALUES
(1, 1, 2, 1, 2500.00, 5.00, 178.13, 2553.13, '2025-08-29 00:37:00'),
(2, 2, 4, 1, 1000.00, 10.00, 67.50, 967.50, '2025-08-29 00:41:08'),
(3, 2, 2, 1, 2500.00, 9.00, 170.63, 2445.63, '2025-08-29 00:41:08'),
(7, 3, 2, 1, 2500.00, 10.00, 168.75, 2418.75, '2025-08-29 13:27:38'),
(8, 3, 4, 1, 1000.00, 9.00, 68.25, 978.25, '2025-08-29 13:27:38'),
(9, 4, 4, 1, 1000.00, 10.00, 67.50, 967.50, '2025-08-29 13:27:55'),
(10, 4, 2, 1, 2500.00, 9.00, 170.63, 2445.63, '2025-08-29 13:27:55'),
(11, 5, 6, 1, 50.00, 0.00, 4.75, 54.75, '2025-08-29 21:26:30'),
(16, 10, 6, 3, 50.00, 20.00, 11.40, 131.40, '2025-08-29 22:39:04'),
(17, 11, 5, 1, 1200.00, 5.00, 108.30, 1248.30, '2025-09-04 21:12:01'),
(22, 12, 2, 2, 1000.00, 25.00, 112.50, 1612.50, '2025-09-04 21:36:56'),
(23, 13, 2, 2, 1000.00, 25.00, 112.50, 1612.50, '2025-09-04 21:50:16'),
(24, 14, 2, 2, 1000.00, 25.00, 112.50, 1612.50, '2025-09-04 21:54:36'),
(25, 15, 2, 1, 2500.00, 5.00, 178.13, 2553.13, '2025-09-04 21:55:02'),
(28, 17, 4, 1, 1000.00, 10.00, 67.50, 967.50, '2025-09-04 22:03:48'),
(29, 18, 6, 12, 50.00, 2.00, 55.86, 643.86, '2025-09-07 00:27:12'),
(30, 19, 6, 12, 50.00, 2.00, 55.86, 643.86, '2025-09-07 16:02:18'),
(31, 16, 4, 1, 1000.00, 10.00, 67.50, 967.50, '2025-09-11 15:10:50'),
(32, 16, 2, 1, 2500.00, 9.00, 170.63, 2445.63, '2025-09-11 15:10:50'),
(33, 20, 4, 1, 1000.00, 50.00, 37.50, 537.50, '2025-09-11 15:21:12'),
(34, 21, 6, 12, 50.00, 2.00, 55.86, 643.86, '2025-10-05 08:51:15'),
(35, 22, 5, 1, 1200.00, 10.00, 102.60, 1182.60, '2025-10-05 09:13:39'),
(36, 23, 2, 1, 2500.00, 50.00, 93.75, 1343.75, '2025-10-05 09:20:12');

-- --------------------------------------------------------

--
-- Table structure for table `roles`
--

CREATE TABLE `roles` (
  `role_id` bigint(20) UNSIGNED NOT NULL,
  `role_name` varchar(50) NOT NULL,
  `description` text DEFAULT NULL,
  `created_at` timestamp NOT NULL DEFAULT current_timestamp()
) ENGINE=InnoDB DEFAULT CHARSET=utf8mb4 COLLATE=utf8mb4_unicode_ci;

--
-- Dumping data for table `roles`
--

INSERT INTO `roles` (`role_id`, `role_name`, `description`, `created_at`) VALUES
(1, 'Admin', 'Full access to all modules and settings', '2025-08-18 23:31:48'),
(2, 'Seller', 'Access to sales-related modules and reports', '2025-08-18 23:31:48'),
(11, 'Auditor', 'Role access to reports and event logs of platform', '2025-08-29 09:00:49');

-- --------------------------------------------------------

--
-- Table structure for table `role_permissions`
--

CREATE TABLE `role_permissions` (
  `role_id` bigint(20) UNSIGNED NOT NULL,
  `permission_id` bigint(20) UNSIGNED NOT NULL,
  `created_at` timestamp NOT NULL DEFAULT current_timestamp()
) ENGINE=InnoDB DEFAULT CHARSET=utf8mb4 COLLATE=utf8mb4_unicode_ci;

--
-- Dumping data for table `role_permissions`
--

INSERT INTO `role_permissions` (`role_id`, `permission_id`, `created_at`) VALUES
(1, 1, '2025-10-05 10:12:34'),
(1, 2, '2025-10-05 10:12:34'),
(1, 3, '2025-10-05 10:12:34'),
(1, 4, '2025-10-05 10:12:34'),
(1, 5, '2025-10-05 10:12:34'),
(1, 6, '2025-10-05 10:12:34'),
(1, 7, '2025-10-05 10:12:34'),
(1, 8, '2025-10-05 10:12:34'),
(1, 9, '2025-10-05 10:12:34'),
(1, 10, '2025-10-05 10:12:34'),
(1, 11, '2025-10-05 10:12:34'),
(1, 12, '2025-10-05 10:12:34'),
(1, 13, '2025-10-05 10:12:34'),
(1, 14, '2025-10-05 10:12:34'),
(1, 15, '2025-10-05 10:12:34'),
(1, 16, '2025-10-05 10:12:34'),
(1, 17, '2025-10-05 10:12:34'),
(1, 18, '2025-10-05 10:12:34'),
(1, 19, '2025-10-05 10:12:34'),
(1, 20, '2025-10-05 10:12:34'),
(1, 21, '2025-10-05 10:12:34'),
(1, 22, '2025-10-05 10:12:34'),
(1, 23, '2025-10-05 10:12:34'),
(2, 1, '2025-09-27 21:31:36'),
(2, 3, '2025-09-27 21:31:36'),
(2, 4, '2025-09-27 21:31:36'),
(2, 7, '2025-10-05 09:39:40'),
(2, 10, '2025-09-27 21:31:36'),
(2, 12, '2025-09-27 21:31:36'),
(2, 13, '2025-09-27 21:31:36'),
(2, 14, '2025-10-04 20:03:59'),
(2, 15, '2025-10-04 20:03:59'),
(2, 16, '2025-10-04 20:03:59'),
(2, 17, '2025-09-27 21:31:36'),
(2, 18, '2025-09-27 21:31:36'),
(2, 20, '2025-09-27 21:31:36'),
(2, 21, '2025-10-04 20:02:35'),
(2, 22, '2025-10-04 20:03:59'),
(2, 23, '2025-10-04 20:03:59'),
(11, 1, '2025-09-07 20:54:39'),
(11, 6, '2025-09-07 20:54:39'),
(11, 7, '2025-09-18 21:54:44'),
(11, 12, '2025-09-07 20:54:39');

-- --------------------------------------------------------

--
-- Table structure for table `settings`
--

CREATE TABLE `settings` (
  `setting_id` bigint(20) UNSIGNED NOT NULL,
  `setting_key` varchar(100) NOT NULL,
  `setting_value` text NOT NULL,
  `created_at` timestamp NOT NULL DEFAULT current_timestamp(),
  `updated_at` timestamp NOT NULL DEFAULT current_timestamp() ON UPDATE current_timestamp()
) ENGINE=InnoDB DEFAULT CHARSET=utf8mb4 COLLATE=utf8mb4_unicode_ci;

--
-- Dumping data for table `settings`
--

INSERT INTO `settings` (`setting_id`, `setting_key`, `setting_value`, `created_at`, `updated_at`) VALUES
(1, 'company_display_name', 'Entropic Networks', '2025-08-18 23:31:48', '2025-09-11 22:06:14'),
(2, 'default_tax_rate', '0.00', '2025-08-18 23:31:48', '2025-08-22 23:48:56'),
(3, 'quote_expiry_days', '7', '2025-08-18 23:31:48', '2025-08-22 23:48:56'),
(4, 'quote_expiry_notification_days', '3', '2025-08-18 23:31:48', '2025-08-22 23:48:56'),
(5, 'low_stock_threshold', '12', '2025-08-18 23:31:48', '2025-09-11 22:03:56'),
(6, 'timezone', 'Europe/Madrid', '2025-08-18 23:31:48', '2025-09-11 21:31:18'),
(7, 'available_languages', '[\"en\"]', '2025-08-18 23:31:48', '2025-10-05 11:09:45'),
(8, 'smtp_host', 'smtp.gmail.com', '2025-08-18 23:31:48', '2025-08-29 13:23:55'),
(9, 'smtp_port', '587', '2025-08-18 23:31:48', '2025-08-22 23:48:56'),
(10, 'smtp_username', 'itbkup24@gmail.com', '2025-08-18 23:31:48', '2025-08-29 13:23:55'),
(11, 'smtp_password', 'rgti ikam yrvi bpjy', '2025-08-18 23:31:48', '2025-08-29 13:23:55'),
(12, 'smtp_encryption', 'TLS', '2025-08-18 23:31:48', '2025-08-22 23:48:56'),
(13, 'from_email', 'itbkup24@gmail.com', '2025-08-18 23:31:48', '2025-08-29 13:23:55'),
(14, 'from_name', 'Athena CRM', '2025-08-18 23:31:48', '2025-09-07 13:58:26'),
(15, 'backup_time', '02:00:00', '2025-08-18 23:31:48', '2025-08-22 23:48:56'),
(16, 'company_logo', '/crm-project/public/uploads/company_logo_1758227866.png', '2025-09-18 20:32:54', '2025-09-18 20:37:46'),
(18, 'company_slogan', 'La entropa es caos. Entropic Network es control.', '2025-09-18 20:40:08', '2025-09-18 21:12:10');

--
-- Triggers `settings`
--
DELIMITER $$
CREATE TRIGGER `settings_after_insert` AFTER INSERT ON `settings` FOR EACH ROW BEGIN
    INSERT INTO audit_logs (user_id, action, entity_type, entity_id, new_value, ip_address, user_agent, created_at)
    VALUES (NULL, 'INSERT', 'SETTINGS', NEW.setting_id,
            JSON_OBJECT('setting_key', NEW.setting_key, 'setting_value', NEW.setting_value),
            CONNECTION_ID(), NULL, NOW());
END
$$
DELIMITER ;
DELIMITER $$
CREATE TRIGGER `settings_after_update` AFTER UPDATE ON `settings` FOR EACH ROW BEGIN
    INSERT INTO audit_logs (user_id, action, entity_type, entity_id, old_value, new_value, ip_address, user_agent, created_at)
    VALUES (NULL, 'UPDATE', 'SETTINGS', NEW.setting_id,
            JSON_OBJECT('setting_key', OLD.setting_key, 'setting_value', OLD.setting_value),
            JSON_OBJECT('setting_key', NEW.setting_key, 'setting_value', NEW.setting_value),
            CONNECTION_ID(), NULL, NOW());
END
$$
DELIMITER ;

-- --------------------------------------------------------

--
-- Table structure for table `users`
--

CREATE TABLE `users` (
  `user_id` bigint(20) UNSIGNED NOT NULL,
  `username` varchar(50) NOT NULL,
  `email` varchar(255) NOT NULL,
  `password_hash` varchar(255) NOT NULL,
  `display_name` varchar(100) NOT NULL,
  `profile_picture` varchar(255) DEFAULT NULL,
  `language` varchar(10) NOT NULL DEFAULT 'es',
  `role_id` bigint(20) UNSIGNED NOT NULL,
  `is_admin` tinyint(1) NOT NULL DEFAULT 0,
  `is_active` tinyint(1) NOT NULL DEFAULT 1,
  `failed_login_attempts` int(11) NOT NULL DEFAULT 0,
  `locked_until` timestamp NULL DEFAULT NULL,
  `force_password_change` tinyint(1) NOT NULL DEFAULT 0,
  `created_at` timestamp NOT NULL DEFAULT current_timestamp(),
  `updated_at` timestamp NOT NULL DEFAULT current_timestamp() ON UPDATE current_timestamp(),
  `last_login_at` timestamp NULL DEFAULT NULL
) ENGINE=InnoDB DEFAULT CHARSET=utf8mb4 COLLATE=utf8mb4_unicode_ci;

--
-- Dumping data for table `users`
--

INSERT INTO `users` (`user_id`, `username`, `email`, `password_hash`, `display_name`, `profile_picture`, `language`, `role_id`, `is_admin`, `is_active`, `failed_login_attempts`, `locked_until`, `force_password_change`, `created_at`, `updated_at`, `last_login_at`) VALUES
(2, 'aleon', 'itbkup24@gmail.com', '$2y$12$Ad8jJFH0.qNVj8ns5Onnu..d2rr3HuibTVbn.W4q9qOhf2C9TI7EO', 'Leon Jassiel', 'crm-project/public/uploads/68bd632418510_1757242148.png', 'es', 1, 1, 1, 0, NULL, 0, '2025-08-19 22:18:19', '2025-10-05 11:27:24', '2025-10-05 11:27:24'),
(3, 'janderson', 'anderson@local.com', '$2y$12$B65SJZBdm.AGUaGHPIpBLeDF3eeX80NCPu1vkPV/4JU7kNQSwjsPu', 'Anderson Zelaya', 'crm-project/public/uploads/68bd654a1617d_1757242698.png', 'es', 2, 0, 1, 0, NULL, 0, '2025-08-20 22:16:27', '2025-10-05 11:09:54', '2025-10-05 11:09:54'),
(4, 'ggaleano', 'galeano@local.com', '$2y$12$Ic7gXg4vWfvnV4lHaaaBmu7Cl8nAQq2uRt/q.v8EETqiUT8NgjHSe', 'Fabiola Galeano', 'crm-project/public/uploads/68bd65338cc22_1757242675.png', 'es', 11, 0, 0, 0, NULL, 0, '2025-08-23 21:20:25', '2025-09-18 22:05:20', '2025-09-18 21:48:33'),
(5, 'fluna', 'lunaleon@local.com', '$2y$12$eEoTsikubUXQl0eQPf9zluoE1NJVheoML1G9qmrnpKtRUXJPkTOEm', 'Luna Fabiola', 'crm-project/public/uploads/68bd6575b5599_1757242741.png', 'es', 11, 0, 1, 0, NULL, 0, '2025-08-26 23:33:48', '2025-09-20 19:43:52', '2025-09-20 19:43:52'),
(6, 'jleon', 'jleon@local.com', '$2y$12$BDCoCI.XChlSEycWWH/Le.S3Hr3jpJrODpT/B9UvFdOCh/pRHCjim', 'Mateo Jassiel Leon Galeano', NULL, 'es', 11, 0, 0, 0, NULL, 0, '2025-09-16 21:29:17', '2025-09-18 22:05:17', '2025-09-16 21:29:37'),
(7, 'lleon', 'lleon@local.com', '$2y$12$/hL8VoxfgJmfYFwZ4obGwepEGZ4G5fJgz1hQi40/4deP8zTV6HRxC', 'Luna Aurora Leon', NULL, 'es', 1, 0, 1, 3, NULL, 0, '2025-09-20 19:45:06', '2025-10-05 09:34:34', '2025-09-20 22:06:48');

--
-- Triggers `users`
--
DELIMITER $$
CREATE TRIGGER `users_after_insert` AFTER INSERT ON `users` FOR EACH ROW BEGIN
    INSERT INTO audit_logs (user_id, action, entity_type, entity_id, new_value, ip_address, user_agent, created_at)
    VALUES (NEW.user_id, 'INSERT', 'USER', NEW.user_id, JSON_OBJECT('username', NEW.username, 'email', NEW.email), CONNECTION_ID(), NULL, NOW());
END
$$
DELIMITER ;
DELIMITER $$
CREATE TRIGGER `users_after_update` AFTER UPDATE ON `users` FOR EACH ROW BEGIN
    INSERT INTO audit_logs (user_id, action, entity_type, entity_id, old_value, new_value, ip_address, user_agent, created_at)
    VALUES (NEW.user_id, 'UPDATE', 'USER', NEW.user_id,
            JSON_OBJECT('username', OLD.username, 'email', OLD.email, 'language', OLD.language),
            JSON_OBJECT('username', NEW.username, 'email', NEW.email, 'language', NEW.language),
            CONNECTION_ID(), NULL, NOW());
END
$$
DELIMITER ;

-- --------------------------------------------------------

--
-- Stand-in structure for view `vw_audit_logs`
-- (See below for the actual view)
--
CREATE TABLE `vw_audit_logs` (
`audit_id` bigint(20) unsigned
,`user_id` bigint(20) unsigned
,`action` varchar(100)
,`entity_type` varchar(50)
,`entity_id` bigint(20) unsigned
,`old_value` longtext
,`new_value` longtext
,`ip_address` varchar(45)
,`user_agent` text
,`created_at` timestamp
,`username` varchar(50)
,`display_name` varchar(100)
,`role_name` varchar(50)
);

-- --------------------------------------------------------

--
-- Stand-in structure for view `vw_category_summary`
-- (See below for the actual view)
--
CREATE TABLE `vw_category_summary` (
`category_id` bigint(20) unsigned
,`category_name` varchar(100)
,`product_count` bigint(21)
);

-- --------------------------------------------------------

--
-- Stand-in structure for view `vw_clients`
-- (See below for the actual view)
--
CREATE TABLE `vw_clients` (
`client_id` bigint(20) unsigned
,`company_name` varchar(255)
,`contact_name` varchar(100)
,`email` varchar(255)
,`phone` varchar(20)
,`created_at` timestamp
);

-- --------------------------------------------------------

--
-- Stand-in structure for view `vw_client_activity`
-- (See below for the actual view)
--
CREATE TABLE `vw_client_activity` (
`client_id` bigint(20) unsigned
,`company_name` varchar(255)
,`last_quote_date` timestamp
,`total_quotes` bigint(21)
,`total_amount` decimal(32,2)
);

-- --------------------------------------------------------

--
-- Stand-in structure for view `vw_client_product_preferences`
-- (See below for the actual view)
--
CREATE TABLE `vw_client_product_preferences` (
`client_id` bigint(20) unsigned
,`company_name` varchar(255)
,`product_id` bigint(20) unsigned
,`product_name` varchar(255)
,`total_quantity` decimal(32,0)
);

-- --------------------------------------------------------

--
-- Stand-in structure for view `vw_client_purchase_patterns`
-- (See below for the actual view)
--
CREATE TABLE `vw_client_purchase_patterns` (
`client_id` bigint(20) unsigned
,`company_name` varchar(255)
,`total_spend` decimal(32,2)
,`purchase_count` bigint(21)
,`last_purchase_date` timestamp
);

-- --------------------------------------------------------

--
-- Stand-in structure for view `vw_expiring_quotes`
-- (See below for the actual view)
--
CREATE TABLE `vw_expiring_quotes` (
`quote_id` bigint(20) unsigned
,`quote_number` varchar(50)
,`client_id` bigint(20) unsigned
,`client_name` varchar(255)
,`expiry_date` date
,`days_until_expiry` int(7)
);

-- --------------------------------------------------------

--
-- Stand-in structure for view `vw_low_stock_products`
-- (See below for the actual view)
--
CREATE TABLE `vw_low_stock_products` (
`product_id` bigint(20) unsigned
,`product_name` varchar(255)
,`sku` varchar(50)
,`stock_quantity` int(11)
,`category_name` varchar(100)
);

-- --------------------------------------------------------

--
-- Stand-in structure for view `vw_products`
-- (See below for the actual view)
--
CREATE TABLE `vw_products` (
`product_id` bigint(20) unsigned
,`product_name` varchar(255)
,`sku` varchar(50)
,`price` decimal(10,2)
,`tax_rate` decimal(5,2)
,`stock_quantity` int(11)
,`category_name` varchar(100)
);

-- --------------------------------------------------------

--
-- Stand-in structure for view `vw_product_performance`
-- (See below for the actual view)
--
CREATE TABLE `vw_product_performance` (
`product_id` bigint(20) unsigned
,`product_name` varchar(255)
,`sku` varchar(50)
,`total_sold` decimal(32,0)
,`stock_quantity` int(11)
,`category_name` varchar(100)
);

-- --------------------------------------------------------

--
-- Stand-in structure for view `vw_quotes`
-- (See below for the actual view)
--
CREATE TABLE `vw_quotes` (
`quote_id` bigint(20) unsigned
,`quote_number` varchar(50)
,`status` enum('DRAFT','SENT','APPROVED','REJECTED')
,`total_amount` decimal(10,2)
,`issue_date` date
,`expiry_date` date
,`client_name` varchar(255)
,`username` varchar(50)
);

-- --------------------------------------------------------

--
-- Stand-in structure for view `vw_quote_items`
-- (See below for the actual view)
--
CREATE TABLE `vw_quote_items` (
`quote_item_id` bigint(20) unsigned
,`quote_id` bigint(20) unsigned
,`quantity` int(11)
,`unit_price` decimal(10,2)
,`discount` decimal(5,2)
,`tax_amount` decimal(10,2)
,`subtotal` decimal(10,2)
,`product_name` varchar(255)
,`sku` varchar(50)
);

-- --------------------------------------------------------

--
-- Stand-in structure for view `vw_sales_performance`
-- (See below for the actual view)
--
CREATE TABLE `vw_sales_performance` (
`user_id` bigint(20) unsigned
,`username` varchar(50)
,`total_quotes` bigint(21)
,`total_amount` decimal(32,2)
,`conversion_rate` decimal(6,5)
);

-- --------------------------------------------------------

--
-- Stand-in structure for view `vw_sales_trends`
-- (See below for the actual view)
--
CREATE TABLE `vw_sales_trends` (
`month` varchar(7)
,`total_amount` decimal(32,2)
,`total_quotes` bigint(21)
,`average_discount` decimal(9,6)
);

-- --------------------------------------------------------

--
-- Stand-in structure for view `vw_security_metrics`
-- (See below for the actual view)
--
CREATE TABLE `vw_security_metrics` (
`failed_login_count` decimal(32,0)
,`locked_accounts` bigint(21)
,`inactive_accounts` bigint(21)
,`permission_changes` bigint(21)
,`audit_log_count` bigint(21)
,`last_security_event` timestamp
);

-- --------------------------------------------------------

--
-- Stand-in structure for view `vw_security_posture`
-- (See below for the actual view)
--
CREATE TABLE `vw_security_posture` (
`failed_login_count` decimal(32,0)
,`locked_accounts` decimal(22,0)
,`inactive_accounts` decimal(22,0)
,`permission_changes` bigint(21)
,`audit_log_count` bigint(21)
,`last_security_event` timestamp
);

-- --------------------------------------------------------

--
-- Stand-in structure for view `vw_settings`
-- (See below for the actual view)
--
CREATE TABLE `vw_settings` (
`setting_id` bigint(20) unsigned
,`setting_key` varchar(100)
,`setting_value` text
,`created_at` timestamp
,`updated_at` timestamp
);

-- --------------------------------------------------------

--
-- Stand-in structure for view `vw_top_clients`
-- (See below for the actual view)
--
CREATE TABLE `vw_top_clients` (
`client_id` bigint(20) unsigned
,`company_name` varchar(255)
,`total_spend` decimal(32,2)
,`purchase_count` bigint(21)
,`rank` bigint(21)
);

-- --------------------------------------------------------

--
-- Stand-in structure for view `vw_users`
-- (See below for the actual view)
--
CREATE TABLE `vw_users` (
`user_id` bigint(20) unsigned
,`username` varchar(50)
,`email` varchar(255)
,`display_name` varchar(100)
,`profile_picture` varchar(255)
,`language` varchar(10)
,`role_id` bigint(20) unsigned
,`is_admin` tinyint(1)
,`is_active` tinyint(1)
,`created_at` timestamp
,`updated_at` timestamp
,`last_login_at` timestamp
,`role_name` varchar(50)
);

-- --------------------------------------------------------

--
-- Stand-in structure for view `vw_user_profile`
-- (See below for the actual view)
--
CREATE TABLE `vw_user_profile` (
`user_id` bigint(20) unsigned
,`username` varchar(50)
,`email` varchar(255)
,`display_name` varchar(100)
,`profile_picture` varchar(255)
,`language` varchar(10)
,`role_id` bigint(20) unsigned
,`is_admin` tinyint(1)
,`is_active` tinyint(1)
,`force_password_change` tinyint(1)
,`created_at` timestamp
,`updated_at` timestamp
,`last_login_at` timestamp
,`failed_login_attempts` int(11)
,`locked_until` timestamp
,`role_name` varchar(50)
,`role_description` text
);

-- --------------------------------------------------------

--
-- Stand-in structure for view `vw_user_roles`
-- (See below for the actual view)
--
CREATE TABLE `vw_user_roles` (
`role_id` bigint(20) unsigned
,`role_name` varchar(50)
,`description` text
,`created_at` timestamp
);

-- --------------------------------------------------------

--
-- Structure for view `vw_audit_logs`
--
DROP TABLE IF EXISTS `vw_audit_logs`;

CREATE ALGORITHM=UNDEFINED DEFINER=`root`@`localhost` SQL SECURITY DEFINER VIEW `vw_audit_logs`  AS SELECT `a`.`audit_id` AS `audit_id`, `a`.`user_id` AS `user_id`, `a`.`action` AS `action`, `a`.`entity_type` AS `entity_type`, `a`.`entity_id` AS `entity_id`, `a`.`old_value` AS `old_value`, `a`.`new_value` AS `new_value`, `a`.`ip_address` AS `ip_address`, `a`.`user_agent` AS `user_agent`, `a`.`created_at` AS `created_at`, coalesce(`u`.`username`,'SYSTEM') AS `username`, `u`.`display_name` AS `display_name`, `r`.`role_name` AS `role_name` FROM ((`audit_logs` `a` left join `users` `u` on(`a`.`user_id` = `u`.`user_id`)) left join `roles` `r` on(`u`.`role_id` = `r`.`role_id`)) ORDER BY `a`.`created_at` DESC ;

-- --------------------------------------------------------

--
-- Structure for view `vw_category_summary`
--
DROP TABLE IF EXISTS `vw_category_summary`;

CREATE ALGORITHM=UNDEFINED DEFINER=`root`@`localhost` SQL SECURITY DEFINER VIEW `vw_category_summary`  AS SELECT `pc`.`category_id` AS `category_id`, `pc`.`category_name` AS `category_name`, count(`p`.`product_id`) AS `product_count` FROM (`product_categories` `pc` left join `products` `p` on(`pc`.`category_id` = `p`.`category_id`)) GROUP BY `pc`.`category_id`, `pc`.`category_name` ;

-- --------------------------------------------------------

--
-- Structure for view `vw_clients`
--
DROP TABLE IF EXISTS `vw_clients`;

CREATE ALGORITHM=UNDEFINED DEFINER=`root`@`localhost` SQL SECURITY DEFINER VIEW `vw_clients`  AS SELECT `clients`.`client_id` AS `client_id`, `clients`.`company_name` AS `company_name`, `clients`.`contact_name` AS `contact_name`, `clients`.`email` AS `email`, `clients`.`phone` AS `phone`, `clients`.`created_at` AS `created_at` FROM `clients` WHERE `clients`.`deleted_at` is null ;

-- --------------------------------------------------------

--
-- Structure for view `vw_client_activity`
--
DROP TABLE IF EXISTS `vw_client_activity`;

CREATE ALGORITHM=UNDEFINED DEFINER=`root`@`localhost` SQL SECURITY DEFINER VIEW `vw_client_activity`  AS SELECT `c`.`client_id` AS `client_id`, `c`.`company_name` AS `company_name`, max(`q`.`created_at`) AS `last_quote_date`, count(`q`.`quote_id`) AS `total_quotes`, sum(`q`.`total_amount`) AS `total_amount` FROM (`clients` `c` left join `quotes` `q` on(`c`.`client_id` = `q`.`client_id`)) GROUP BY `c`.`client_id`, `c`.`company_name` ;

-- --------------------------------------------------------

--
-- Structure for view `vw_client_product_preferences`
--
DROP TABLE IF EXISTS `vw_client_product_preferences`;

CREATE ALGORITHM=UNDEFINED DEFINER=`root`@`localhost` SQL SECURITY DEFINER VIEW `vw_client_product_preferences`  AS SELECT `c`.`client_id` AS `client_id`, `c`.`company_name` AS `company_name`, `p`.`product_id` AS `product_id`, `p`.`product_name` AS `product_name`, sum(`qi`.`quantity`) AS `total_quantity` FROM (((`clients` `c` join `quotes` `q` on(`c`.`client_id` = `q`.`client_id`)) join `quote_items` `qi` on(`q`.`quote_id` = `qi`.`quote_id`)) join `products` `p` on(`qi`.`product_id` = `p`.`product_id`)) WHERE `q`.`status` = 'APPROVED' GROUP BY `c`.`client_id`, `c`.`company_name`, `p`.`product_id`, `p`.`product_name` ;

-- --------------------------------------------------------

--
-- Structure for view `vw_client_purchase_patterns`
--
DROP TABLE IF EXISTS `vw_client_purchase_patterns`;

CREATE ALGORITHM=UNDEFINED DEFINER=`root`@`localhost` SQL SECURITY DEFINER VIEW `vw_client_purchase_patterns`  AS SELECT `c`.`client_id` AS `client_id`, `c`.`company_name` AS `company_name`, sum(`q`.`total_amount`) AS `total_spend`, count(`q`.`quote_id`) AS `purchase_count`, max(`q`.`created_at`) AS `last_purchase_date` FROM (`clients` `c` left join `quotes` `q` on(`c`.`client_id` = `q`.`client_id`)) WHERE `q`.`status` = 'APPROVED' GROUP BY `c`.`client_id`, `c`.`company_name` ;

-- --------------------------------------------------------

--
-- Structure for view `vw_expiring_quotes`
--
DROP TABLE IF EXISTS `vw_expiring_quotes`;

CREATE ALGORITHM=UNDEFINED DEFINER=`root`@`localhost` SQL SECURITY DEFINER VIEW `vw_expiring_quotes`  AS SELECT `q`.`quote_id` AS `quote_id`, `q`.`quote_number` AS `quote_number`, `q`.`client_id` AS `client_id`, `c`.`company_name` AS `client_name`, `q`.`expiry_date` AS `expiry_date`, to_days(`q`.`expiry_date`) - to_days(curdate()) AS `days_until_expiry` FROM ((`quotes` `q` join `clients` `c` on(`q`.`client_id` = `c`.`client_id`)) join `settings` `s` on(`s`.`setting_key` = 'quote_expiry_notification_days')) WHERE `q`.`status` = 'SENT' AND `q`.`expiry_date` <= curdate() + interval cast(`s`.`setting_value` as unsigned) day ;

-- --------------------------------------------------------

--
-- Structure for view `vw_low_stock_products`
--
DROP TABLE IF EXISTS `vw_low_stock_products`;

CREATE ALGORITHM=UNDEFINED DEFINER=`root`@`localhost` SQL SECURITY DEFINER VIEW `vw_low_stock_products`  AS SELECT `p`.`product_id` AS `product_id`, `p`.`product_name` AS `product_name`, `p`.`sku` AS `sku`, `p`.`stock_quantity` AS `stock_quantity`, `pc`.`category_name` AS `category_name` FROM ((`products` `p` join `product_categories` `pc` on(`p`.`category_id` = `pc`.`category_id`)) join `settings` `s` on(`s`.`setting_key` = 'low_stock_threshold')) WHERE `p`.`stock_quantity` < cast(`s`.`setting_value` as unsigned) ;

-- --------------------------------------------------------

--
-- Structure for view `vw_products`
--
DROP TABLE IF EXISTS `vw_products`;

CREATE ALGORITHM=UNDEFINED DEFINER=`root`@`localhost` SQL SECURITY DEFINER VIEW `vw_products`  AS SELECT `p`.`product_id` AS `product_id`, `p`.`product_name` AS `product_name`, `p`.`sku` AS `sku`, `p`.`price` AS `price`, `p`.`tax_rate` AS `tax_rate`, `p`.`stock_quantity` AS `stock_quantity`, `pc`.`category_name` AS `category_name` FROM (`products` `p` join `product_categories` `pc` on(`p`.`category_id` = `pc`.`category_id`)) ;

-- --------------------------------------------------------

--
-- Structure for view `vw_product_performance`
--
DROP TABLE IF EXISTS `vw_product_performance`;

CREATE ALGORITHM=UNDEFINED DEFINER=`root`@`localhost` SQL SECURITY DEFINER VIEW `vw_product_performance`  AS SELECT `p`.`product_id` AS `product_id`, `p`.`product_name` AS `product_name`, `p`.`sku` AS `sku`, sum(`qi`.`quantity`) AS `total_sold`, `p`.`stock_quantity` AS `stock_quantity`, `pc`.`category_name` AS `category_name` FROM ((`products` `p` join `product_categories` `pc` on(`p`.`category_id` = `pc`.`category_id`)) left join `quote_items` `qi` on(`p`.`product_id` = `qi`.`product_id`)) GROUP BY `p`.`product_id`, `p`.`product_name`, `p`.`sku`, `p`.`stock_quantity`, `pc`.`category_name` ;

-- --------------------------------------------------------

--
-- Structure for view `vw_quotes`
--
DROP TABLE IF EXISTS `vw_quotes`;

CREATE ALGORITHM=UNDEFINED DEFINER=`root`@`localhost` SQL SECURITY DEFINER VIEW `vw_quotes`  AS SELECT `q`.`quote_id` AS `quote_id`, `q`.`quote_number` AS `quote_number`, `q`.`status` AS `status`, `q`.`total_amount` AS `total_amount`, `q`.`issue_date` AS `issue_date`, `q`.`expiry_date` AS `expiry_date`, `c`.`company_name` AS `client_name`, `u`.`username` AS `username` FROM ((`quotes` `q` join `clients` `c` on(`q`.`client_id` = `c`.`client_id`)) join `users` `u` on(`q`.`user_id` = `u`.`user_id`)) ;

-- --------------------------------------------------------

--
-- Structure for view `vw_quote_items`
--
DROP TABLE IF EXISTS `vw_quote_items`;

CREATE ALGORITHM=UNDEFINED DEFINER=`root`@`localhost` SQL SECURITY DEFINER VIEW `vw_quote_items`  AS SELECT `qi`.`quote_item_id` AS `quote_item_id`, `qi`.`quote_id` AS `quote_id`, `qi`.`quantity` AS `quantity`, `qi`.`unit_price` AS `unit_price`, `qi`.`discount` AS `discount`, `qi`.`tax_amount` AS `tax_amount`, `qi`.`subtotal` AS `subtotal`, `p`.`product_name` AS `product_name`, `p`.`sku` AS `sku` FROM ((`quote_items` `qi` join `quotes` `q` on(`qi`.`quote_id` = `q`.`quote_id`)) join `products` `p` on(`qi`.`product_id` = `p`.`product_id`)) ;

-- --------------------------------------------------------

--
-- Structure for view `vw_sales_performance`
--
DROP TABLE IF EXISTS `vw_sales_performance`;

CREATE ALGORITHM=UNDEFINED DEFINER=`root`@`localhost` SQL SECURITY DEFINER VIEW `vw_sales_performance`  AS SELECT `u`.`user_id` AS `user_id`, `u`.`username` AS `username`, count(`q`.`quote_id`) AS `total_quotes`, sum(`q`.`total_amount`) AS `total_amount`, avg(case when `q`.`status` = 'APPROVED' then 1.0 else 0.0 end) AS `conversion_rate` FROM (`users` `u` left join `quotes` `q` on(`u`.`user_id` = `q`.`user_id`)) GROUP BY `u`.`user_id`, `u`.`username` ;

-- --------------------------------------------------------

--
-- Structure for view `vw_sales_trends`
--
DROP TABLE IF EXISTS `vw_sales_trends`;

CREATE ALGORITHM=UNDEFINED DEFINER=`root`@`localhost` SQL SECURITY DEFINER VIEW `vw_sales_trends`  AS SELECT date_format(`q`.`issue_date`,'%Y-%m') AS `month`, sum(`q`.`total_amount`) AS `total_amount`, count(`q`.`quote_id`) AS `total_quotes`, avg(`qi`.`discount`) AS `average_discount` FROM (`quotes` `q` join `quote_items` `qi` on(`q`.`quote_id` = `qi`.`quote_id`)) GROUP BY date_format(`q`.`issue_date`,'%Y-%m') ;

-- --------------------------------------------------------

--
-- Structure for view `vw_security_metrics`
--
DROP TABLE IF EXISTS `vw_security_metrics`;

CREATE ALGORITHM=UNDEFINED DEFINER=`root`@`localhost` SQL SECURITY DEFINER VIEW `vw_security_metrics`  AS SELECT sum(`u`.`failed_login_attempts`) AS `failed_login_count`, count(case when `u`.`locked_until` is not null and `u`.`locked_until` > current_timestamp() then 1 end) AS `locked_accounts`, count(case when `u`.`is_active` = 0 then 1 end) AS `inactive_accounts`, (select count(0) from `audit_logs` where `audit_logs`.`entity_type` = 'ROLE_PERMISSIONS') AS `permission_changes`, (select count(0) from `audit_logs`) AS `audit_log_count`, (select max(`audit_logs`.`created_at`) from `audit_logs`) AS `last_security_event` FROM `users` AS `u` ;

-- --------------------------------------------------------

--
-- Structure for view `vw_security_posture`
--
DROP TABLE IF EXISTS `vw_security_posture`;

CREATE ALGORITHM=UNDEFINED DEFINER=`root`@`localhost` SQL SECURITY DEFINER VIEW `vw_security_posture`  AS SELECT sum(`u`.`failed_login_attempts`) AS `failed_login_count`, sum(case when `u`.`locked_until` is not null and `u`.`locked_until` > current_timestamp() then 1 else 0 end) AS `locked_accounts`, sum(case when `u`.`is_active` = 0 then 1 else 0 end) AS `inactive_accounts`, (select count(0) from `audit_logs` where `audit_logs`.`action` in ('UPDATE','INSERT','DELETE') and `audit_logs`.`entity_type` = 'ROLE_PERMISSIONS') AS `permission_changes`, (select count(0) from `audit_logs`) AS `audit_log_count`, (select max(`audit_logs`.`created_at`) from `audit_logs`) AS `last_security_event` FROM `users` AS `u` ;

-- --------------------------------------------------------

--
-- Structure for view `vw_settings`
--
DROP TABLE IF EXISTS `vw_settings`;

CREATE ALGORITHM=UNDEFINED DEFINER=`root`@`localhost` SQL SECURITY DEFINER VIEW `vw_settings`  AS SELECT `s`.`setting_id` AS `setting_id`, `s`.`setting_key` AS `setting_key`, `s`.`setting_value` AS `setting_value`, `s`.`created_at` AS `created_at`, `s`.`updated_at` AS `updated_at` FROM `settings` AS `s` ORDER BY `s`.`setting_key` ASC ;

-- --------------------------------------------------------

--
-- Structure for view `vw_top_clients`
--
DROP TABLE IF EXISTS `vw_top_clients`;

CREATE ALGORITHM=UNDEFINED DEFINER=`root`@`localhost` SQL SECURITY DEFINER VIEW `vw_top_clients`  AS SELECT `c`.`client_id` AS `client_id`, `c`.`company_name` AS `company_name`, sum(`q`.`total_amount`) AS `total_spend`, count(`q`.`quote_id`) AS `purchase_count`, rank() over ( order by sum(`q`.`total_amount`) desc) AS `rank` FROM (`clients` `c` join `quotes` `q` on(`c`.`client_id` = `q`.`client_id`)) WHERE `q`.`status` = 'APPROVED' GROUP BY `c`.`client_id`, `c`.`company_name` ;

-- --------------------------------------------------------

--
-- Structure for view `vw_users`
--
DROP TABLE IF EXISTS `vw_users`;

CREATE ALGORITHM=UNDEFINED DEFINER=`root`@`localhost` SQL SECURITY DEFINER VIEW `vw_users`  AS SELECT `u`.`user_id` AS `user_id`, `u`.`username` AS `username`, `u`.`email` AS `email`, `u`.`display_name` AS `display_name`, `u`.`profile_picture` AS `profile_picture`, `u`.`language` AS `language`, `u`.`role_id` AS `role_id`, `u`.`is_admin` AS `is_admin`, `u`.`is_active` AS `is_active`, `u`.`created_at` AS `created_at`, `u`.`updated_at` AS `updated_at`, `u`.`last_login_at` AS `last_login_at`, `r`.`role_name` AS `role_name` FROM (`users` `u` join `roles` `r` on(`u`.`role_id` = `r`.`role_id`)) ORDER BY `u`.`created_at` DESC ;

-- --------------------------------------------------------

--
-- Structure for view `vw_user_profile`
--
DROP TABLE IF EXISTS `vw_user_profile`;

CREATE ALGORITHM=UNDEFINED DEFINER=`root`@`localhost` SQL SECURITY DEFINER VIEW `vw_user_profile`  AS SELECT `u`.`user_id` AS `user_id`, `u`.`username` AS `username`, `u`.`email` AS `email`, `u`.`display_name` AS `display_name`, `u`.`profile_picture` AS `profile_picture`, `u`.`language` AS `language`, `u`.`role_id` AS `role_id`, `u`.`is_admin` AS `is_admin`, `u`.`is_active` AS `is_active`, `u`.`force_password_change` AS `force_password_change`, `u`.`created_at` AS `created_at`, `u`.`updated_at` AS `updated_at`, `u`.`last_login_at` AS `last_login_at`, `u`.`failed_login_attempts` AS `failed_login_attempts`, `u`.`locked_until` AS `locked_until`, `r`.`role_name` AS `role_name`, `r`.`description` AS `role_description` FROM (`users` `u` join `roles` `r` on(`u`.`role_id` = `r`.`role_id`)) ;

-- --------------------------------------------------------

--
-- Structure for view `vw_user_roles`
--
DROP TABLE IF EXISTS `vw_user_roles`;

CREATE ALGORITHM=UNDEFINED DEFINER=`root`@`localhost` SQL SECURITY DEFINER VIEW `vw_user_roles`  AS SELECT `roles`.`role_id` AS `role_id`, `roles`.`role_name` AS `role_name`, `roles`.`description` AS `description`, `roles`.`created_at` AS `created_at` FROM `roles` ORDER BY `roles`.`role_name` ASC ;

--
-- Indexes for dumped tables
--

--
-- Indexes for table `access_requests`
--
ALTER TABLE `access_requests`
  ADD PRIMARY KEY (`request_id`),
  ADD KEY `reviewed_by` (`reviewed_by`),
  ADD KEY `idx_user_id` (`user_id`),
  ADD KEY `idx_permission_id` (`permission_id`),
  ADD KEY `idx_status` (`status`);

--
-- Indexes for table `audit_logs`
--
ALTER TABLE `audit_logs`
  ADD PRIMARY KEY (`audit_id`),
  ADD KEY `idx_user_id` (`user_id`),
  ADD KEY `idx_entity_type` (`entity_type`),
  ADD KEY `idx_entity_id` (`entity_id`),
  ADD KEY `idx_action` (`action`),
  ADD KEY `idx_created_at` (`created_at`),
  ADD KEY `idx_audit_logs_compliance` (`created_at`,`action`,`entity_type`),
  ADD KEY `idx_audit_logs_date_range` (`created_at`,`action`),
  ADD KEY `idx_audit_logs_entity_action` (`entity_type`,`action`,`created_at`);

--
-- Indexes for table `backup_requests`
--
ALTER TABLE `backup_requests`
  ADD PRIMARY KEY (`backup_id`),
  ADD KEY `created_by` (`created_by`),
  ADD KEY `idx_requested_at` (`requested_at`),
  ADD KEY `idx_status` (`status`);

--
-- Indexes for table `clients`
--
ALTER TABLE `clients`
  ADD PRIMARY KEY (`client_id`),
  ADD UNIQUE KEY `email` (`email`),
  ADD KEY `idx_email` (`email`),
  ADD KEY `idx_created_by` (`created_by`);

--
-- Indexes for table `client_activities`
--
ALTER TABLE `client_activities`
  ADD PRIMARY KEY (`activity_id`),
  ADD KEY `idx_client_id` (`client_id`),
  ADD KEY `idx_quote_id` (`quote_id`),
  ADD KEY `idx_activity_date` (`activity_date`);

--
-- Indexes for table `materialized_client_purchase_patterns`
--
ALTER TABLE `materialized_client_purchase_patterns`
  ADD PRIMARY KEY (`client_id`);

--
-- Indexes for table `materialized_sales_performance`
--
ALTER TABLE `materialized_sales_performance`
  ADD PRIMARY KEY (`user_id`);

--
-- Indexes for table `materialized_sales_trends`
--
ALTER TABLE `materialized_sales_trends`
  ADD PRIMARY KEY (`month`);

--
-- Indexes for table `permissions`
--
ALTER TABLE `permissions`
  ADD PRIMARY KEY (`permission_id`),
  ADD UNIQUE KEY `permission_name` (`permission_name`),
  ADD KEY `idx_module` (`module`);

--
-- Indexes for table `products`
--
ALTER TABLE `products`
  ADD PRIMARY KEY (`product_id`),
  ADD UNIQUE KEY `sku` (`sku`),
  ADD KEY `idx_sku` (`sku`),
  ADD KEY `idx_category_id` (`category_id`);

--
-- Indexes for table `product_categories`
--
ALTER TABLE `product_categories`
  ADD PRIMARY KEY (`category_id`),
  ADD UNIQUE KEY `category_name` (`category_name`),
  ADD KEY `idx_category_name` (`category_name`);

--
-- Indexes for table `quotes`
--
ALTER TABLE `quotes`
  ADD PRIMARY KEY (`quote_id`),
  ADD UNIQUE KEY `quote_number` (`quote_number`),
  ADD KEY `user_id` (`user_id`),
  ADD KEY `idx_quote_number` (`quote_number`),
  ADD KEY `idx_client_id` (`client_id`),
  ADD KEY `idx_parent_quote_id` (`parent_quote_id`),
  ADD KEY `idx_status` (`status`),
  ADD KEY `idx_issue_date` (`issue_date`);

--
-- Indexes for table `quote_items`
--
ALTER TABLE `quote_items`
  ADD PRIMARY KEY (`quote_item_id`),
  ADD KEY `idx_quote_id` (`quote_id`),
  ADD KEY `idx_product_id` (`product_id`);

--
-- Indexes for table `roles`
--
ALTER TABLE `roles`
  ADD PRIMARY KEY (`role_id`),
  ADD UNIQUE KEY `role_name` (`role_name`),
  ADD KEY `idx_role_name` (`role_name`);

--
-- Indexes for table `role_permissions`
--
ALTER TABLE `role_permissions`
  ADD PRIMARY KEY (`role_id`,`permission_id`),
  ADD KEY `permission_id` (`permission_id`);

--
-- Indexes for table `settings`
--
ALTER TABLE `settings`
  ADD PRIMARY KEY (`setting_id`),
  ADD UNIQUE KEY `setting_key` (`setting_key`),
  ADD KEY `idx_setting_key` (`setting_key`);

--
-- Indexes for table `users`
--
ALTER TABLE `users`
  ADD PRIMARY KEY (`user_id`),
  ADD UNIQUE KEY `username` (`username`),
  ADD UNIQUE KEY `email` (`email`),
  ADD KEY `role_id` (`role_id`),
  ADD KEY `idx_username` (`username`),
  ADD KEY `idx_email` (`email`),
  ADD KEY `idx_language` (`language`);

--
-- AUTO_INCREMENT for dumped tables
--

--
-- AUTO_INCREMENT for table `access_requests`
--
ALTER TABLE `access_requests`
  MODIFY `request_id` bigint(20) UNSIGNED NOT NULL AUTO_INCREMENT;

--
-- AUTO_INCREMENT for table `audit_logs`
--
ALTER TABLE `audit_logs`
  MODIFY `audit_id` bigint(20) UNSIGNED NOT NULL AUTO_INCREMENT, AUTO_INCREMENT=914;

--
-- AUTO_INCREMENT for table `backup_requests`
--
ALTER TABLE `backup_requests`
  MODIFY `backup_id` bigint(20) UNSIGNED NOT NULL AUTO_INCREMENT, AUTO_INCREMENT=2;

--
-- AUTO_INCREMENT for table `clients`
--
ALTER TABLE `clients`
  MODIFY `client_id` bigint(20) UNSIGNED NOT NULL AUTO_INCREMENT, AUTO_INCREMENT=8;

--
-- AUTO_INCREMENT for table `client_activities`
--
ALTER TABLE `client_activities`
  MODIFY `activity_id` bigint(20) UNSIGNED NOT NULL AUTO_INCREMENT, AUTO_INCREMENT=13;

--
-- AUTO_INCREMENT for table `permissions`
--
ALTER TABLE `permissions`
  MODIFY `permission_id` bigint(20) UNSIGNED NOT NULL AUTO_INCREMENT, AUTO_INCREMENT=26;

--
-- AUTO_INCREMENT for table `products`
--
ALTER TABLE `products`
  MODIFY `product_id` bigint(20) UNSIGNED NOT NULL AUTO_INCREMENT, AUTO_INCREMENT=7;

--
-- AUTO_INCREMENT for table `product_categories`
--
ALTER TABLE `product_categories`
  MODIFY `category_id` bigint(20) UNSIGNED NOT NULL AUTO_INCREMENT, AUTO_INCREMENT=5;

--
-- AUTO_INCREMENT for table `quotes`
--
ALTER TABLE `quotes`
  MODIFY `quote_id` bigint(20) UNSIGNED NOT NULL AUTO_INCREMENT, AUTO_INCREMENT=24;

--
-- AUTO_INCREMENT for table `quote_items`
--
ALTER TABLE `quote_items`
  MODIFY `quote_item_id` bigint(20) UNSIGNED NOT NULL AUTO_INCREMENT, AUTO_INCREMENT=37;

--
-- AUTO_INCREMENT for table `roles`
--
ALTER TABLE `roles`
  MODIFY `role_id` bigint(20) UNSIGNED NOT NULL AUTO_INCREMENT, AUTO_INCREMENT=14;

--
-- AUTO_INCREMENT for table `settings`
--
ALTER TABLE `settings`
  MODIFY `setting_id` bigint(20) UNSIGNED NOT NULL AUTO_INCREMENT, AUTO_INCREMENT=19;

--
-- AUTO_INCREMENT for table `users`
--
ALTER TABLE `users`
  MODIFY `user_id` bigint(20) UNSIGNED NOT NULL AUTO_INCREMENT, AUTO_INCREMENT=9;

--
-- Constraints for dumped tables
--

--
-- Constraints for table `access_requests`
--
ALTER TABLE `access_requests`
  ADD CONSTRAINT `access_requests_ibfk_1` FOREIGN KEY (`user_id`) REFERENCES `users` (`user_id`),
  ADD CONSTRAINT `access_requests_ibfk_2` FOREIGN KEY (`permission_id`) REFERENCES `permissions` (`permission_id`),
  ADD CONSTRAINT `access_requests_ibfk_3` FOREIGN KEY (`reviewed_by`) REFERENCES `users` (`user_id`) ON DELETE SET NULL;

--
-- Constraints for table `audit_logs`
--
ALTER TABLE `audit_logs`
  ADD CONSTRAINT `audit_logs_ibfk_1` FOREIGN KEY (`user_id`) REFERENCES `users` (`user_id`) ON DELETE SET NULL;

--
-- Constraints for table `backup_requests`
--
ALTER TABLE `backup_requests`
  ADD CONSTRAINT `backup_requests_ibfk_1` FOREIGN KEY (`created_by`) REFERENCES `users` (`user_id`) ON DELETE SET NULL;

--
-- Constraints for table `clients`
--
ALTER TABLE `clients`
  ADD CONSTRAINT `clients_ibfk_1` FOREIGN KEY (`created_by`) REFERENCES `users` (`user_id`);

--
-- Constraints for table `client_activities`
--
ALTER TABLE `client_activities`
  ADD CONSTRAINT `client_activities_ibfk_1` FOREIGN KEY (`client_id`) REFERENCES `clients` (`client_id`),
  ADD CONSTRAINT `client_activities_ibfk_2` FOREIGN KEY (`quote_id`) REFERENCES `quotes` (`quote_id`) ON DELETE SET NULL;

--
-- Constraints for table `products`
--
ALTER TABLE `products`
  ADD CONSTRAINT `products_ibfk_1` FOREIGN KEY (`category_id`) REFERENCES `product_categories` (`category_id`);

--
-- Constraints for table `quotes`
--
ALTER TABLE `quotes`
  ADD CONSTRAINT `quotes_ibfk_1` FOREIGN KEY (`client_id`) REFERENCES `clients` (`client_id`),
  ADD CONSTRAINT `quotes_ibfk_2` FOREIGN KEY (`user_id`) REFERENCES `users` (`user_id`),
  ADD CONSTRAINT `quotes_ibfk_3` FOREIGN KEY (`parent_quote_id`) REFERENCES `quotes` (`quote_id`) ON DELETE SET NULL;

--
-- Constraints for table `quote_items`
--
ALTER TABLE `quote_items`
  ADD CONSTRAINT `quote_items_ibfk_1` FOREIGN KEY (`quote_id`) REFERENCES `quotes` (`quote_id`) ON DELETE CASCADE,
  ADD CONSTRAINT `quote_items_ibfk_2` FOREIGN KEY (`product_id`) REFERENCES `products` (`product_id`);

--
-- Constraints for table `role_permissions`
--
ALTER TABLE `role_permissions`
  ADD CONSTRAINT `role_permissions_ibfk_1` FOREIGN KEY (`role_id`) REFERENCES `roles` (`role_id`) ON DELETE CASCADE,
  ADD CONSTRAINT `role_permissions_ibfk_2` FOREIGN KEY (`permission_id`) REFERENCES `permissions` (`permission_id`) ON DELETE CASCADE;

--
-- Constraints for table `users`
--
ALTER TABLE `users`
  ADD CONSTRAINT `users_ibfk_1` FOREIGN KEY (`role_id`) REFERENCES `roles` (`role_id`);
--
-- Database: `crm_managment`
--
CREATE DATABASE IF NOT EXISTS `crm_managment` DEFAULT CHARACTER SET utf8mb4 COLLATE utf8mb4_general_ci;
USE `crm_managment`;

-- --------------------------------------------------------

--
-- Table structure for table `categories`
--

CREATE TABLE `categories` (
  `id` int(11) NOT NULL,
  `name` varchar(50) NOT NULL,
  `status` tinyint(4) NOT NULL DEFAULT 1 COMMENT 'Estado: 1=Activa, 0=Inactiva',
  `created_at` timestamp NOT NULL DEFAULT current_timestamp(),
  `updated_at` timestamp NULL DEFAULT NULL ON UPDATE current_timestamp()
) ENGINE=InnoDB DEFAULT CHARSET=utf8mb4 COLLATE=utf8mb4_unicode_ci COMMENT='Categoras para organizar productos';

--
-- Dumping data for table `categories`
--

INSERT INTO `categories` (`id`, `name`, `status`, `created_at`, `updated_at`) VALUES
(1, 'Electrnicos', 1, '2025-06-25 19:33:25', NULL),
(2, 'Ropa y Accesorios', 1, '2025-06-25 19:33:25', NULL),
(3, 'Hogar y Jardn', 1, '2025-06-25 19:33:25', NULL),
(4, 'Servicios Profesionales', 1, '2025-06-25 19:33:25', NULL),
(5, 'Oficina y Papelera', 1, '2025-06-25 19:33:25', NULL),
(6, 'Salud y Belleza', 1, '2025-06-25 19:33:25', NULL),
(7, 'Deportes y Fitness', 1, '2025-06-25 19:33:25', NULL),
(8, 'Automotriz', 1, '2025-06-25 19:33:25', NULL),
(9, 'Alimentacin', 1, '2025-06-25 19:33:25', NULL),
(10, 'Construccin', 1, '2025-06-25 19:33:25', NULL),
(11, 'Consultoria IT', 1, '2025-07-02 20:35:15', NULL);

-- --------------------------------------------------------

--
-- Table structure for table `clients`
--

CREATE TABLE `clients` (
  `id` int(11) NOT NULL,
  `name` varchar(100) NOT NULL,
  `email` varchar(255) NOT NULL,
  `phone` varchar(20) DEFAULT NULL,
  `address` text DEFAULT NULL,
  `status` tinyint(4) NOT NULL DEFAULT 1 COMMENT 'Estado: 1=Activo, 0=Inactivo, 2=Eliminado',
  `created_at` timestamp NOT NULL DEFAULT current_timestamp(),
  `updated_at` timestamp NULL DEFAULT NULL ON UPDATE current_timestamp()
) ENGINE=InnoDB DEFAULT CHARSET=utf8mb4 COLLATE=utf8mb4_unicode_ci COMMENT='Clientes del CRM con informacin de contacto';

--
-- Dumping data for table `clients`
--

INSERT INTO `clients` (`id`, `name`, `email`, `phone`, `address`, `status`, `created_at`, `updated_at`) VALUES
(1, 'TechCorp Solutions S.A.', 'contacto@techcorp.com', '+34 911 234 567', 'Calle Tecnolog&iacute;a 123, Madrid, Espa&ntilde;a', 0, '2025-06-25 19:33:25', '2025-06-25 19:40:23'),
(2, 'Mara Elena Rodrguez', 'maria.rodriguez@email.com', '+34 655 987 654', 'Avenida Principal 456, Barcelona, Espaa', 1, '2025-06-25 19:33:25', NULL),
(3, 'Innovacin Digital Ltd.', 'info@innovaciondigital.com', '+34 913 456 789', 'Plaza de la Innovacin 789, Valencia, Espaa', 1, '2025-06-25 19:33:25', NULL),
(4, 'Carlos Mendoza Garca', 'carlos.mendoza@personal.com', '+34 666 123 987', 'Calle Comercial 321, Sevilla, Espaa', 1, '2025-06-25 19:33:25', NULL),
(5, 'Grupo Empresarial ABC', 'ventas@grupoabc.com', '+34 912 567 890', 'Polgono Industrial 45, Bilbao, Espaa', 1, '2025-06-25 19:33:25', NULL),
(6, 'Ana Patricia V&aacute;zquez', 'ana.vazquez@gmail.com', '+34 677 234 567', 'Urbanizaci&oacute;n Los Pinos 12, M&aacute;laga, Espa&ntilde;a', 0, '2025-06-25 19:33:25', '2025-06-25 19:40:29'),
(7, 'Servicios Integrales XYZ', 'administracion@serviciosxyz.com', '+34 914 678 123', 'Centro Empresarial Torre Norte, Zaragoza, Espa&ntilde;a 24', 1, '2025-06-25 19:33:25', '2025-06-25 19:40:50'),
(8, 'Roberto Silva Martinez', 'roberto.silva@hotmail.com', '+34 688 345 678', 'Residencial San Miguel 67, Murcia, Espaa', 1, '2025-06-25 19:33:25', NULL),
(9, 'Construcciones del Sur', 'proyectos@construccionesdelsur.com', '+34 915 789 234', 'Zona Industrial Este 89, Granada, Espaa', 1, '2025-06-25 19:33:25', NULL),
(10, 'Luca Fernndez Gmez', 'lucia.fernandez@outlook.com', '+34 699 456 789', 'Barrio Nuevo 34, Salamanca, Espaa', 1, '2025-06-25 19:33:25', NULL),
(11, 'Tech Corp International', 'akishori@teccorp.com', '+16 123 45 67 89', 'Calle de la independencia, Sector 2, Edificio 1, Oficina 23', 1, '2025-06-25 19:42:20', NULL),
(12, 'Abish Kishori Serrano', 'itbkup24@gmail.com', '+16 123 465 2345', 'Calle los alcaldes St.23 #b-12', 1, '2025-06-26 21:08:49', '2025-07-02 20:22:40'),
(13, 'Fabrizzio Michaelo Angelo Paloma', 'dijilog67890@kimdyn.com', '+16 123 45 67 89', 'Edificio Michaelo, Colony El pasto, St 23', 1, '2025-07-02 16:10:27', '2025-07-02 20:29:14'),
(14, 'Juan Andres Perez Ciguenza', 'dijilog678@kimdyn.com', '+16 123 45 67 89', 'Torre ciguenza St. 24, apartado 2.', 1, '2025-07-02 20:21:40', '2025-07-02 20:29:21');

-- --------------------------------------------------------

--
-- Table structure for table `email_logs`
--

CREATE TABLE `email_logs` (
  `id` int(11) NOT NULL,
  `quote_id` int(11) DEFAULT NULL,
  `recipient_email` varchar(255) NOT NULL,
  `subject` varchar(255) NOT NULL,
  `sent_at` timestamp NOT NULL DEFAULT current_timestamp(),
  `status` enum('sent','failed') DEFAULT 'sent',
  `error_message` text DEFAULT NULL
) ENGINE=InnoDB DEFAULT CHARSET=utf8mb4 COLLATE=utf8mb4_unicode_ci;

--
-- Dumping data for table `email_logs`
--

INSERT INTO `email_logs` (`id`, `quote_id`, `recipient_email`, `subject`, `sent_at`, `status`, `error_message`) VALUES
(1, 11, 'itbkup24@gmail.com', 'Cotizacin COT-2025-0022 - Envios Inc.', '2025-06-26 21:39:41', 'sent', NULL),
(2, 12, 'dijilog678@kimdyn.com', 'Cotizacin COT-2025-0023 - Envios Inc.', '2025-07-02 16:12:12', 'sent', NULL),
(3, 13, 'dijilog678@kimdyn.com', 'Cotizacin COT-2025-0024 - Envios Inc.', '2025-07-02 20:30:32', 'sent', NULL);

-- --------------------------------------------------------

--
-- Table structure for table `products`
--

CREATE TABLE `products` (
  `id` int(11) NOT NULL,
  `name` varchar(100) NOT NULL,
  `description` text DEFAULT NULL,
  `category_id` int(11) NOT NULL,
  `base_price` decimal(10,2) NOT NULL,
  `tax_rate` decimal(5,2) NOT NULL DEFAULT 0.00,
  `unit` varchar(20) NOT NULL,
  `stock` int(11) DEFAULT NULL COMMENT 'Stock disponible (NULL = no se maneja inventario)',
  `status` tinyint(4) NOT NULL DEFAULT 1 COMMENT 'Estado: 1=Activo, 0=Inactivo',
  `created_at` timestamp NOT NULL DEFAULT current_timestamp(),
  `updated_at` timestamp NULL DEFAULT NULL ON UPDATE current_timestamp()
) ENGINE=InnoDB DEFAULT CHARSET=utf8mb4 COLLATE=utf8mb4_unicode_ci COMMENT='Productos y servicios del catlogo';

--
-- Dumping data for table `products`
--

INSERT INTO `products` (`id`, `name`, `description`, `category_id`, `base_price`, `tax_rate`, `unit`, `stock`, `status`, `created_at`, `updated_at`) VALUES
(1, 'MacBook Pro 14\"', 'Laptop profesional Apple con chip M3, 16GB RAM, 512GB SSD', 1, 2299.00, 21.00, 'unidad', 24, 1, '2025-06-25 19:33:25', '2025-07-02 20:32:35'),
(2, 'Smartphone Samsung Galaxy S24', 'Tel&eacute;fono inteligente con c&aacute;mara de 50MP y 256GB almacenamiento', 1, 899.00, 21.00, 'unidad', 10, 1, '2025-06-25 19:33:25', '2025-06-25 19:42:38'),
(3, 'Consultora en Desarrollo Web', 'Servicio de consultora especializada en desarrollo web y e-commerce', 4, 85.00, 21.00, 'hora', NULL, 1, '2025-06-25 19:33:25', NULL),
(4, 'Silla Ergonmica Premium', 'Silla de oficina ergonmica con soporte lumbar y reposabrazos ajustables', 5, 345.00, 21.00, 'unidad', 13, 1, '2025-06-25 19:33:25', '2025-06-26 21:14:34'),
(5, 'Impresora Multifunci&oacute;n HP', 'Impresora l&aacute;ser a color con scanner, copiadora y fax integrado', 1, 425.00, 21.00, 'unidad', 10, 1, '2025-06-25 19:33:25', '2025-06-25 19:42:46'),
(6, 'Kit de Herramientas Profesional', 'Set completo de herramientas para construccin y reparaciones', 10, 159.99, 21.00, 'kit', 30, 1, '2025-06-25 19:33:25', NULL),
(7, 'Bicicleta de Montaa Trek', 'Bicicleta MTB con suspensin completa y cambios Shimano', 7, 1250.00, 21.00, 'unidad', 8, 1, '2025-06-25 19:33:25', NULL),
(8, 'Crema Hidratante Facial', 'Crema anti-edad con cido hialurnico y vitamina E', 6, 45.50, 21.00, 'unidad', 100, 1, '2025-06-25 19:33:25', NULL),
(9, 'Aceite de Motor Sinttico', 'Aceite lubricante sinttico 5W-30 para motores de alto rendimiento', 8, 35.75, 21.00, 'litro', 200, 1, '2025-06-25 19:33:25', NULL),
(10, 'Caf Premium Gourmet', 'Caf de origen nico, tostado artesanal, 500g', 9, 18.90, 10.00, 'paquete', 70, 1, '2025-06-25 19:33:25', '2025-06-25 19:50:47'),
(11, 'Dell Modelo G15, Procesador Core i9', 'Laptop portatil Dell g15 Core i9 16 GB RAM', 1, 2500.00, 5.00, 'pieza', 100, 1, '2025-06-26 21:09:51', '2025-06-26 21:10:30'),
(12, 'Consultoria de ciberseguridad', 'Se realiza un estudio completo de la seguridad informatica de la empresa en general y encuentra oportunidades de mejora.', 11, 1200.00, 5.00, 'hora', NULL, 1, '2025-07-02 20:37:19', '2025-07-02 20:38:30');

-- --------------------------------------------------------

--
-- Table structure for table `quotes`
--

CREATE TABLE `quotes` (
  `id` int(11) NOT NULL,
  `quote_number` varchar(50) NOT NULL,
  `client_id` int(11) NOT NULL,
  `quote_date` date NOT NULL,
  `valid_until` date NOT NULL,
  `notes` text DEFAULT NULL,
  `discount_percent` decimal(5,2) DEFAULT 0.00,
  `subtotal` decimal(10,2) NOT NULL DEFAULT 0.00,
  `tax_amount` decimal(10,2) NOT NULL DEFAULT 0.00,
  `total_amount` decimal(10,2) NOT NULL DEFAULT 0.00,
  `status` tinyint(4) NOT NULL DEFAULT 1 COMMENT 'Estado: 1=Borrador, 2=Enviada, 3=Aprobada, 4=Rechazada, 5=Vencida, 6=Cancelada',
  `created_at` timestamp NOT NULL DEFAULT current_timestamp(),
  `updated_at` timestamp NULL DEFAULT NULL ON UPDATE current_timestamp()
) ENGINE=InnoDB DEFAULT CHARSET=utf8mb4 COLLATE=utf8mb4_unicode_ci COMMENT='Cotizaciones enviadas a clientes';

--
-- Dumping data for table `quotes`
--

INSERT INTO `quotes` (`id`, `quote_number`, `client_id`, `quote_date`, `valid_until`, `notes`, `discount_percent`, `subtotal`, `tax_amount`, `total_amount`, `status`, `created_at`, `updated_at`) VALUES
(1, 'COT-2025-0012', 2, '2025-06-25', '2025-06-26', 'Cotizaci&oacute;n para renovaci&oacute;n de equipos inform&aacute;ticos. Incluye instalaci&oacute;n y configuraci&oacute;n.', 5.00, 439.50, 81.71, 519.32, 3, '2025-06-25 19:33:25', '2025-06-25 19:50:47'),
(2, 'COT-2025-0013', 2, '2025-06-25', '2025-06-26', 'Propuesta para equipamiento personal de oficina en casa.', 0.00, 345.00, 72.45, 417.45, 3, '2025-06-25 19:33:25', '2025-06-26 21:14:34'),
(3, 'COT-2025-0014', 3, '2025-06-25', '2025-06-30', 'Servicios de consultor&iacute;a para desarrollo de plataforma web corporativa.', 10.00, 1250.00, 262.50, 1512.50, 5, '2025-06-25 19:33:25', '2025-07-02 16:04:04'),
(4, 'COT-2025-0015', 4, '2025-06-25', '2025-07-25', 'Equipamiento deportivo para gimnasio personal.', 0.00, 0.00, 0.00, 150.00, 3, '2025-06-25 19:33:25', '2025-06-25 19:51:29'),
(5, 'COT-2025-0016', 5, '2025-06-25', '2025-07-03', 'Suministro de productos para oficinas corporativas. Entrega en 15 d&iacute;as h&aacute;biles.', 8.00, 2299.00, 482.79, 2781.79, 5, '2025-06-25 19:33:25', '2025-07-27 13:14:15'),
(6, 'COT-2025-0017', 4, '2025-06-25', '2025-07-25', 'Productos de cuidado personal y belleza para spa.', 0.00, 345.00, 72.45, 417.45, 5, '2025-06-25 19:33:25', '2025-07-27 13:14:15'),
(7, 'COT-2025-0018', 7, '2025-06-25', '2025-07-25', 'Herramientas profesionales para proyecto de construccin.', 12.00, 0.00, 0.00, 0.00, 4, '2025-06-25 19:33:25', NULL),
(8, 'COT-2025-0019', 8, '2025-06-25', '2025-07-03', 'Mantenimiento automotriz y suministros para flota vehicular.', 5.00, 345.00, 72.45, 417.45, 5, '2025-06-25 19:33:25', '2025-07-27 13:14:15'),
(9, 'COT-2025-0020', 9, '2025-06-25', '2025-07-25', 'Suministro de materiales de construccin para obra nueva.', 0.00, 0.00, 0.00, 350.00, 3, '2025-06-25 19:33:25', '2025-06-25 19:51:45'),
(10, 'COT-2025-0021', 10, '2025-06-25', '2025-06-27', 'Productos gourmet para cafeter&iacute;a especializada.', 15.00, 2384.00, 500.64, 2884.64, 5, '2025-06-25 19:33:25', '2025-06-29 16:35:55'),
(11, 'COT-2025-0022', 12, '2025-06-26', '2025-07-27', 'Se envia producto a su edificio en calle los alcaldes', 0.00, 2500.00, 125.00, 2625.00, 6, '2025-06-26 21:11:26', '2025-07-02 20:32:57'),
(12, 'COT-2025-0023', 13, '2025-07-02', '2025-08-04', 'No condiciones especiales.', 0.00, 159.99, 31.92, 183.91, 2, '2025-07-02 16:11:20', '2025-07-02 16:12:12'),
(13, 'COT-2025-0024', 14, '2025-07-02', '2025-08-04', 'No hay condiciones especificas por cumplir.', 0.00, 2384.00, 500.64, 2884.64, 3, '2025-07-02 20:28:11', '2025-07-02 20:32:35');

-- --------------------------------------------------------

--
-- Table structure for table `quote_details`
--

CREATE TABLE `quote_details` (
  `id` int(11) NOT NULL,
  `quote_id` int(11) NOT NULL,
  `product_id` int(11) NOT NULL,
  `product_name` varchar(100) NOT NULL,
  `quantity` int(11) NOT NULL,
  `unit_price` decimal(10,2) NOT NULL,
  `discount_percent` decimal(5,2) DEFAULT 0.00,
  `line_subtotal` decimal(10,2) NOT NULL,
  `discount_amount` decimal(10,2) NOT NULL DEFAULT 0.00,
  `line_total` decimal(10,2) NOT NULL,
  `tax_rate` decimal(5,2) NOT NULL DEFAULT 0.00,
  `tax_amount` decimal(10,2) NOT NULL DEFAULT 0.00,
  `line_total_with_tax` decimal(10,2) NOT NULL
) ENGINE=InnoDB DEFAULT CHARSET=utf8mb4 COLLATE=utf8mb4_unicode_ci COMMENT='Detalles/items de cada cotizacin';

--
-- Dumping data for table `quote_details`
--

INSERT INTO `quote_details` (`id`, `quote_id`, `product_id`, `product_name`, `quantity`, `unit_price`, `discount_percent`, `line_subtotal`, `discount_amount`, `line_total`, `tax_rate`, `tax_amount`, `line_total_with_tax`) VALUES
(11, 1, 10, 'Caf Premium Gourmet', 5, 18.90, 2.00, 94.50, 1.89, 92.61, 10.00, 9.26, 101.87),
(12, 1, 4, 'Silla Ergonmica Premium', 1, 345.00, 0.00, 345.00, 0.00, 345.00, 21.00, 72.45, 417.45),
(18, 6, 4, 'Silla Ergonmica Premium', 1, 345.00, 0.00, 345.00, 0.00, 345.00, 21.00, 72.45, 417.45),
(19, 8, 4, 'Silla Ergonmica Premium', 1, 345.00, 0.00, 345.00, 0.00, 345.00, 21.00, 72.45, 417.45),
(21, 10, 1, 'MacBook Pro 14\"', 1, 2299.00, 0.00, 2299.00, 0.00, 2299.00, 21.00, 482.79, 2781.79),
(22, 10, 3, 'Consultora en Desarrollo Web', 1, 85.00, 0.00, 85.00, 0.00, 85.00, 21.00, 17.85, 102.85),
(23, 5, 9, 'Aceite de Motor Sinttico', 1, 2299.00, 0.00, 2299.00, 0.00, 2299.00, 21.00, 482.79, 2781.79),
(24, 3, 7, 'Bicicleta de Montaa Trek', 1, 1250.00, 0.00, 1250.00, 0.00, 1250.00, 21.00, 262.50, 1512.50),
(25, 2, 4, 'Silla Ergonmica Premium', 1, 345.00, 0.00, 345.00, 0.00, 345.00, 21.00, 72.45, 417.45),
(26, 11, 11, 'Dell Modelo G15, Procesador Core i9', 1, 2500.00, 0.00, 2500.00, 0.00, 2500.00, 5.00, 125.00, 2625.00),
(27, 12, 6, 'Kit de Herramientas Profesional', 1, 159.99, 5.00, 159.99, 8.00, 151.99, 21.00, 31.92, 183.91),
(29, 13, 3, 'Consultora en Desarrollo Web', 1, 85.00, 0.00, 85.00, 0.00, 85.00, 21.00, 17.85, 102.85),
(30, 13, 1, 'MacBook Pro 14\"', 1, 2299.00, 0.00, 2299.00, 0.00, 2299.00, 21.00, 482.79, 2781.79);

--
-- Triggers `quote_details`
--
DELIMITER $$
CREATE TRIGGER `update_quote_totals_after_detail_change` AFTER INSERT ON `quote_details` FOR EACH ROW BEGIN
    UPDATE quotes q
    SET 
        subtotal = (
            SELECT COALESCE(SUM(line_subtotal), 0) 
            FROM quote_details 
            WHERE quote_id = NEW.quote_id
        ),
        tax_amount = (
            SELECT COALESCE(SUM(tax_amount), 0) 
            FROM quote_details 
            WHERE quote_id = NEW.quote_id
        ),
        total_amount = (
            SELECT COALESCE(SUM(line_total_with_tax), 0) 
            FROM quote_details 
            WHERE quote_id = NEW.quote_id
        ),
        updated_at = NOW()
    WHERE q.id = NEW.quote_id;
END
$$
DELIMITER ;

-- --------------------------------------------------------

--
-- Table structure for table `settings`
--

CREATE TABLE `settings` (
  `id` int(11) NOT NULL,
  `company_name` varchar(255) NOT NULL DEFAULT 'Mi Empresa CRM',
  `company_slogan` text DEFAULT NULL,
  `company_address` text DEFAULT NULL,
  `company_phone` varchar(50) DEFAULT NULL,
  `company_email` varchar(255) DEFAULT NULL,
  `company_website` varchar(255) DEFAULT NULL,
  `company_logo` varchar(255) DEFAULT NULL,
  `language` varchar(5) NOT NULL DEFAULT 'es',
  `timezone` varchar(100) NOT NULL DEFAULT 'America/Mexico_City',
  `currency_code` varchar(5) NOT NULL DEFAULT 'USD',
  `currency_symbol` varchar(10) NOT NULL DEFAULT '$',
  `tax_rate` decimal(5,2) NOT NULL DEFAULT 16.00,
  `tax_name` varchar(50) NOT NULL DEFAULT 'IVA',
  `theme` varchar(20) NOT NULL DEFAULT 'light',
  `date_format` varchar(20) NOT NULL DEFAULT 'd/m/Y',
  `smtp_host` varchar(255) DEFAULT NULL,
  `smtp_port` int(11) DEFAULT 587,
  `smtp_username` varchar(255) DEFAULT NULL,
  `smtp_password` varchar(255) DEFAULT NULL,
  `smtp_security` varchar(10) DEFAULT 'tls',
  `smtp_from_email` varchar(255) DEFAULT NULL,
  `smtp_from_name` varchar(255) DEFAULT NULL,
  `created_at` timestamp NOT NULL DEFAULT current_timestamp(),
  `updated_at` timestamp NULL DEFAULT NULL ON UPDATE current_timestamp()
) ENGINE=InnoDB DEFAULT CHARSET=utf8mb4 COLLATE=utf8mb4_unicode_ci;

--
-- Dumping data for table `settings`
--

INSERT INTO `settings` (`id`, `company_name`, `company_slogan`, `company_address`, `company_phone`, `company_email`, `company_website`, `company_logo`, `language`, `timezone`, `currency_code`, `currency_symbol`, `tax_rate`, `tax_name`, `theme`, `date_format`, `smtp_host`, `smtp_port`, `smtp_username`, `smtp_password`, `smtp_security`, `smtp_from_email`, `smtp_from_name`, `created_at`, `updated_at`) VALUES
(1, 'Envios Inc.', 'Envios confiables a todo el mundo', '', '', '', '', 'assets/images/logos/685db99978f82.jpg', 'es', 'Europe/Madrid', 'USD', '&euro;', 16.00, 'IVA', 'light', 'd/m/Y', 'smtp.gmail.com', 587, 'itbkup24@gmail.com', 'lsyw vjsr qold fpfn ', 'tls', 'itbkup24@gmail.com', 'Mi empresa CRM', '2025-06-25 17:31:55', '2025-06-26 21:34:43');

-- --------------------------------------------------------

--
-- Table structure for table `users`
--

CREATE TABLE `users` (
  `id` int(11) NOT NULL,
  `username` varchar(50) NOT NULL,
  `email` varchar(255) NOT NULL,
  `password_hash` varchar(255) NOT NULL,
  `full_name` varchar(100) NOT NULL,
  `role` tinyint(4) NOT NULL DEFAULT 2 COMMENT 'Rol: 1=Admin, 2=Seller',
  `status` tinyint(4) NOT NULL DEFAULT 1 COMMENT 'Estado: 1=Activo, 0=Inactivo',
  `last_login` timestamp NULL DEFAULT NULL,
  `failed_login_attempts` int(11) DEFAULT 0 COMMENT 'Intentos fallidos de login consecutivos',
  `locked_until` timestamp NULL DEFAULT NULL COMMENT 'Bloqueado hasta esta fecha/hora',
  `created_at` timestamp NOT NULL DEFAULT current_timestamp(),
  `updated_at` timestamp NULL DEFAULT NULL ON UPDATE current_timestamp()
) ENGINE=InnoDB DEFAULT CHARSET=utf8mb4 COLLATE=utf8mb4_unicode_ci COMMENT='Usuarios del sistema CRM con roles y autenticacin';

--
-- Dumping data for table `users`
--

INSERT INTO `users` (`id`, `username`, `email`, `password_hash`, `full_name`, `role`, `status`, `last_login`, `failed_login_attempts`, `locked_until`, `created_at`, `updated_at`) VALUES
(1, 'root', 'root@sysadmin.com', '$2y$10$XaQhK6Aoj.JvThtybuHkYei5DFQT/1JqfFUSdz5LIRQdM5Bttutpm', 'root sysadmin', 1, 1, '2025-08-04 10:27:40', 5, NULL, '2025-06-20 00:16:43', '2025-08-18 13:56:09'),
(10, 'User', 'user@sysuser.com', '$2y$10$CWX2yMqGe8Yh5pZgQaTV4.gAGd0Fs983pQ3GShgKM//xZ1KO5QoYq', 'Juan Manolo Casal', 2, 1, '2025-08-04 10:16:54', 4, NULL, '2025-06-26 21:13:22', '2025-08-18 13:56:24'),
(11, 'jgarcia', 'jandres@localhost.com', '$2y$10$6bR3B.aSVIqFEg0gKqE7Z.2Z1p3tTy1Dn9/JjP.b1FThTD8PvSaIO', 'Juan Andres Perez Ciguenza', 2, 0, '2025-07-02 20:43:17', 2, NULL, '2025-07-02 20:41:39', '2025-08-18 13:55:38');

-- --------------------------------------------------------

--
-- Stand-in structure for view `view_client_quote_summary`
-- (See below for the actual view)
--
CREATE TABLE `view_client_quote_summary` (
`client_id` int(11)
,`client_name` varchar(100)
,`client_email` varchar(255)
,`total_quotes` bigint(21)
,`draft_quotes` decimal(22,0)
,`sent_quotes` decimal(22,0)
,`approved_quotes` decimal(22,0)
,`rejected_quotes` decimal(22,0)
,`total_quoted_value` decimal(32,2)
,`approved_value` decimal(32,2)
,`last_quote_date` timestamp
);

-- --------------------------------------------------------

--
-- Stand-in structure for view `view_products_with_category`
-- (See below for the actual view)
--
CREATE TABLE `view_products_with_category` (
`id` int(11)
,`product_name` varchar(100)
,`description` text
,`category_name` varchar(50)
,`base_price` decimal(10,2)
,`tax_rate` decimal(5,2)
,`final_price` decimal(15,2)
,`unit` varchar(20)
,`stock` int(11)
,`status` tinyint(4)
,`created_at` timestamp
,`updated_at` timestamp
);

-- --------------------------------------------------------

--
-- Stand-in structure for view `view_quotes_with_client`
-- (See below for the actual view)
--
CREATE TABLE `view_quotes_with_client` (
`id` int(11)
,`quote_number` varchar(50)
,`quote_date` date
,`valid_until` date
,`client_name` varchar(100)
,`client_email` varchar(255)
,`client_phone` varchar(20)
,`subtotal` decimal(10,2)
,`discount_percent` decimal(5,2)
,`tax_amount` decimal(10,2)
,`total_amount` decimal(10,2)
,`status` tinyint(4)
,`status_name` varchar(11)
,`notes` text
,`created_at` timestamp
,`updated_at` timestamp
);

-- --------------------------------------------------------

--
-- Structure for view `view_client_quote_summary`
--
DROP TABLE IF EXISTS `view_client_quote_summary`;

CREATE ALGORITHM=UNDEFINED DEFINER=`root`@`localhost` SQL SECURITY DEFINER VIEW `view_client_quote_summary`  AS SELECT `c`.`id` AS `client_id`, `c`.`name` AS `client_name`, `c`.`email` AS `client_email`, count(`q`.`id`) AS `total_quotes`, sum(case when `q`.`status` = 1 then 1 else 0 end) AS `draft_quotes`, sum(case when `q`.`status` = 2 then 1 else 0 end) AS `sent_quotes`, sum(case when `q`.`status` = 3 then 1 else 0 end) AS `approved_quotes`, sum(case when `q`.`status` = 4 then 1 else 0 end) AS `rejected_quotes`, coalesce(sum(`q`.`total_amount`),0) AS `total_quoted_value`, coalesce(sum(case when `q`.`status` = 3 then `q`.`total_amount` else 0 end),0) AS `approved_value`, max(`q`.`created_at`) AS `last_quote_date` FROM (`clients` `c` left join `quotes` `q` on(`c`.`id` = `q`.`client_id`)) WHERE `c`.`status` = 1 GROUP BY `c`.`id`, `c`.`name`, `c`.`email` ;

-- --------------------------------------------------------

--
-- Structure for view `view_products_with_category`
--
DROP TABLE IF EXISTS `view_products_with_category`;

CREATE ALGORITHM=UNDEFINED DEFINER=`root`@`localhost` SQL SECURITY DEFINER VIEW `view_products_with_category`  AS SELECT `p`.`id` AS `id`, `p`.`name` AS `product_name`, `p`.`description` AS `description`, `c`.`name` AS `category_name`, `p`.`base_price` AS `base_price`, `p`.`tax_rate` AS `tax_rate`, round(`p`.`base_price` + `p`.`base_price` * `p`.`tax_rate` / 100,2) AS `final_price`, `p`.`unit` AS `unit`, `p`.`stock` AS `stock`, `p`.`status` AS `status`, `p`.`created_at` AS `created_at`, `p`.`updated_at` AS `updated_at` FROM (`products` `p` left join `categories` `c` on(`p`.`category_id` = `c`.`id`)) ;

-- --------------------------------------------------------

--
-- Structure for view `view_quotes_with_client`
--
DROP TABLE IF EXISTS `view_quotes_with_client`;

CREATE ALGORITHM=UNDEFINED DEFINER=`root`@`localhost` SQL SECURITY DEFINER VIEW `view_quotes_with_client`  AS SELECT `q`.`id` AS `id`, `q`.`quote_number` AS `quote_number`, `q`.`quote_date` AS `quote_date`, `q`.`valid_until` AS `valid_until`, `c`.`name` AS `client_name`, `c`.`email` AS `client_email`, `c`.`phone` AS `client_phone`, `q`.`subtotal` AS `subtotal`, `q`.`discount_percent` AS `discount_percent`, `q`.`tax_amount` AS `tax_amount`, `q`.`total_amount` AS `total_amount`, `q`.`status` AS `status`, CASE `q`.`status` WHEN 1 THEN 'Borrador' WHEN 2 THEN 'Enviada' WHEN 3 THEN 'Aprobada' WHEN 4 THEN 'Rechazada' WHEN 5 THEN 'Vencida' WHEN 6 THEN 'Cancelada' ELSE 'Desconocido' END AS `status_name`, `q`.`notes` AS `notes`, `q`.`created_at` AS `created_at`, `q`.`updated_at` AS `updated_at` FROM (`quotes` `q` left join `clients` `c` on(`q`.`client_id` = `c`.`id`)) ;

--
-- Indexes for dumped tables
--

--
-- Indexes for table `categories`
--
ALTER TABLE `categories`
  ADD PRIMARY KEY (`id`),
  ADD UNIQUE KEY `name` (`name`),
  ADD KEY `idx_name` (`name`),
  ADD KEY `idx_status` (`status`),
  ADD KEY `idx_created_at` (`created_at`);

--
-- Indexes for table `clients`
--
ALTER TABLE `clients`
  ADD PRIMARY KEY (`id`),
  ADD UNIQUE KEY `email` (`email`),
  ADD KEY `idx_name` (`name`),
  ADD KEY `idx_email` (`email`),
  ADD KEY `idx_phone` (`phone`),
  ADD KEY `idx_status` (`status`),
  ADD KEY `idx_created_at` (`created_at`),
  ADD KEY `idx_clients_name_email` (`name`,`email`);

--
-- Indexes for table `email_logs`
--
ALTER TABLE `email_logs`
  ADD PRIMARY KEY (`id`),
  ADD KEY `idx_quote_id` (`quote_id`),
  ADD KEY `idx_sent_at` (`sent_at`);

--
-- Indexes for table `products`
--
ALTER TABLE `products`
  ADD PRIMARY KEY (`id`),
  ADD KEY `idx_name` (`name`),
  ADD KEY `idx_category_id` (`category_id`),
  ADD KEY `idx_base_price` (`base_price`),
  ADD KEY `idx_status` (`status`),
  ADD KEY `idx_stock` (`stock`),
  ADD KEY `idx_created_at` (`created_at`),
  ADD KEY `idx_products_category_status` (`category_id`,`status`);

--
-- Indexes for table `quotes`
--
ALTER TABLE `quotes`
  ADD PRIMARY KEY (`id`),
  ADD UNIQUE KEY `quote_number` (`quote_number`),
  ADD KEY `idx_quote_number` (`quote_number`),
  ADD KEY `idx_client_id` (`client_id`),
  ADD KEY `idx_status` (`status`),
  ADD KEY `idx_quote_date` (`quote_date`),
  ADD KEY `idx_valid_until` (`valid_until`),
  ADD KEY `idx_total_amount` (`total_amount`),
  ADD KEY `idx_created_at` (`created_at`),
  ADD KEY `idx_quotes_client_status` (`client_id`,`status`),
  ADD KEY `idx_quotes_date_range` (`quote_date`,`valid_until`);

--
-- Indexes for table `quote_details`
--
ALTER TABLE `quote_details`
  ADD PRIMARY KEY (`id`),
  ADD KEY `idx_quote_id` (`quote_id`),
  ADD KEY `idx_product_id` (`product_id`),
  ADD KEY `idx_line_total_with_tax` (`line_total_with_tax`),
  ADD KEY `idx_quote_details_quote_product` (`quote_id`,`product_id`);

--
-- Indexes for table `settings`
--
ALTER TABLE `settings`
  ADD PRIMARY KEY (`id`),
  ADD KEY `idx_language` (`language`),
  ADD KEY `idx_timezone` (`timezone`);

--
-- Indexes for table `users`
--
ALTER TABLE `users`
  ADD PRIMARY KEY (`id`),
  ADD UNIQUE KEY `username` (`username`),
  ADD UNIQUE KEY `email` (`email`),
  ADD KEY `idx_username` (`username`),
  ADD KEY `idx_email` (`email`),
  ADD KEY `idx_role` (`role`),
  ADD KEY `idx_status` (`status`),
  ADD KEY `idx_last_login` (`last_login`),
  ADD KEY `idx_created_at` (`created_at`);

--
-- AUTO_INCREMENT for dumped tables
--

--
-- AUTO_INCREMENT for table `categories`
--
ALTER TABLE `categories`
  MODIFY `id` int(11) NOT NULL AUTO_INCREMENT, AUTO_INCREMENT=12;

--
-- AUTO_INCREMENT for table `clients`
--
ALTER TABLE `clients`
  MODIFY `id` int(11) NOT NULL AUTO_INCREMENT, AUTO_INCREMENT=15;

--
-- AUTO_INCREMENT for table `email_logs`
--
ALTER TABLE `email_logs`
  MODIFY `id` int(11) NOT NULL AUTO_INCREMENT, AUTO_INCREMENT=4;

--
-- AUTO_INCREMENT for table `products`
--
ALTER TABLE `products`
  MODIFY `id` int(11) NOT NULL AUTO_INCREMENT, AUTO_INCREMENT=13;

--
-- AUTO_INCREMENT for table `quotes`
--
ALTER TABLE `quotes`
  MODIFY `id` int(11) NOT NULL AUTO_INCREMENT, AUTO_INCREMENT=14;

--
-- AUTO_INCREMENT for table `quote_details`
--
ALTER TABLE `quote_details`
  MODIFY `id` int(11) NOT NULL AUTO_INCREMENT, AUTO_INCREMENT=31;

--
-- AUTO_INCREMENT for table `settings`
--
ALTER TABLE `settings`
  MODIFY `id` int(11) NOT NULL AUTO_INCREMENT, AUTO_INCREMENT=2;

--
-- AUTO_INCREMENT for table `users`
--
ALTER TABLE `users`
  MODIFY `id` int(11) NOT NULL AUTO_INCREMENT, AUTO_INCREMENT=12;

--
-- Constraints for dumped tables
--

--
-- Constraints for table `products`
--
ALTER TABLE `products`
  ADD CONSTRAINT `products_ibfk_1` FOREIGN KEY (`category_id`) REFERENCES `categories` (`id`) ON UPDATE CASCADE;

--
-- Constraints for table `quotes`
--
ALTER TABLE `quotes`
  ADD CONSTRAINT `quotes_ibfk_1` FOREIGN KEY (`client_id`) REFERENCES `clients` (`id`) ON UPDATE CASCADE;

--
-- Constraints for table `quote_details`
--
ALTER TABLE `quote_details`
  ADD CONSTRAINT `quote_details_ibfk_1` FOREIGN KEY (`quote_id`) REFERENCES `quotes` (`id`) ON DELETE CASCADE ON UPDATE CASCADE,
  ADD CONSTRAINT `quote_details_ibfk_2` FOREIGN KEY (`product_id`) REFERENCES `products` (`id`) ON UPDATE CASCADE;
--
-- Database: `disaster_report`
--
CREATE DATABASE IF NOT EXISTS `disaster_report` DEFAULT CHARACTER SET utf8mb4 COLLATE utf8mb4_general_ci;
USE `disaster_report`;

-- --------------------------------------------------------

--
-- Table structure for table `logs`
--

CREATE TABLE `logs` (
  `id` int(11) NOT NULL,
  `user_id` int(11) NOT NULL,
  `action` varchar(255) NOT NULL,
  `request_id` int(11) NOT NULL,
  `created_at` timestamp NOT NULL DEFAULT current_timestamp()
) ENGINE=InnoDB DEFAULT CHARSET=utf8mb4 COLLATE=utf8mb4_general_ci;

--
-- Dumping data for table `logs`
--

INSERT INTO `logs` (`id`, `user_id`, `action`, `request_id`, `created_at`) VALUES
(32, 1, 'approve', 11, '2025-06-18 12:56:52'),
(33, 1, 'approve', 10, '2025-06-18 12:57:19'),
(34, 1, 'approve', 12, '2025-06-19 08:19:06'),
(35, 1, 'approve', 13, '2025-06-19 08:51:08');

-- --------------------------------------------------------

--
-- Table structure for table `people`
--

CREATE TABLE `people` (
  `id` int(11) NOT NULL,
  `name` varchar(255) NOT NULL,
  `status` varchar(100) NOT NULL,
  `refuge_id` int(11) NOT NULL,
  `entry_date` date NOT NULL,
  `entry_time` time NOT NULL,
  `created_at` timestamp NOT NULL DEFAULT current_timestamp()
) ENGINE=InnoDB DEFAULT CHARSET=utf8mb4 COLLATE=utf8mb4_general_ci;

--
-- Dumping data for table `people`
--

INSERT INTO `people` (`id`, `name`, `status`, `refuge_id`, `entry_date`, `entry_time`, `created_at`) VALUES
(256, 'Ricardo Torres Ballesteros', 'Albergado', 11, '2025-06-03', '20:24:00', '2025-06-18 12:56:52'),
(257, 'Roco Romero Sandoval', 'Dado de alta', 11, '2025-06-13', '00:16:00', '2025-06-18 12:56:52'),
(258, 'Nancy Blanco Escamilla', 'Albergado', 11, '2025-05-22', '16:16:00', '2025-06-18 12:56:52'),
(259, 'Zeferino Gollum Pez', 'Dado de alta', 11, '2025-05-24', '08:37:00', '2025-06-18 12:56:52'),
(260, 'Ricardo Rosario Arenas', 'Pendiente', 11, '2025-05-22', '21:24:00', '2025-06-18 12:56:52'),
(261, 'Ing. Octavio Mata', 'Albergado', 11, '2025-05-31', '21:21:00', '2025-06-18 12:56:52'),
(262, 'Evelio Gabino Ortiz Ceja', 'Dado de alta', 11, '2025-06-02', '09:04:00', '2025-06-18 12:56:52'),
(263, 'Antonia Abril Reynoso Valladares', 'En trnsito', 11, '2025-05-23', '21:43:00', '2025-06-18 12:56:52'),
(264, 'Dr. Natividad Jaimes', 'Dado de alta', 11, '2025-05-25', '15:52:00', '2025-06-18 12:56:52'),
(265, 'Felipe Negrn Linares', 'En trnsito', 11, '2025-05-26', '03:16:00', '2025-06-18 12:56:52'),
(266, 'Mtro. Sara Tafoya', 'Albergado', 11, '2025-05-19', '19:55:00', '2025-06-18 12:56:52'),
(267, 'Mtro. Wilfrido Cano', 'En trnsito', 11, '2025-05-25', '08:04:00', '2025-06-18 12:56:52'),
(268, 'Bernab Uribe Corts', 'Pendiente', 11, '2025-06-01', '02:09:00', '2025-06-18 12:56:52'),
(269, 'Dr. Jacobo Figueroa', 'En trnsito', 11, '2025-05-31', '00:14:00', '2025-06-18 12:56:52'),
(270, 'Fidel valos', 'En trnsito', 11, '2025-05-23', '05:24:00', '2025-06-18 12:56:52'),
(271, 'Gernimo Armendriz', 'Albergado', 11, '2025-05-19', '14:13:00', '2025-06-18 12:56:52'),
(272, 'Teodoro Frida Cuellar', 'Dado de alta', 11, '2025-06-09', '02:11:00', '2025-06-18 12:56:52'),
(273, 'Ramiro Aguirre', 'Albergado', 11, '2025-05-24', '04:42:00', '2025-06-18 12:56:52'),
(274, 'Patricio Alejandro Negrn', 'Pendiente', 11, '2025-06-16', '02:03:00', '2025-06-18 12:56:52'),
(275, 'Luis Manuel Carolina Arguello', 'En trnsito', 11, '2025-06-02', '11:05:00', '2025-06-18 12:56:52'),
(276, 'Jorge Gaitn Haro', 'Albergado', 11, '2025-05-23', '17:31:00', '2025-06-18 12:56:52'),
(277, 'Lic. Silvano Correa', 'Dado de alta', 11, '2025-05-30', '00:04:00', '2025-06-18 12:56:52'),
(278, 'Liliana Alberto Duarte', 'Pendiente', 11, '2025-06-04', '07:43:00', '2025-06-18 12:56:52'),
(279, 'Yolanda Guzmn', 'Pendiente', 11, '2025-05-31', '21:12:00', '2025-06-18 12:56:52'),
(280, 'Juana Arellano Rodrgez', 'Dado de alta', 11, '2025-05-29', '09:49:00', '2025-06-18 12:56:52'),
(281, 'Jernimo Magaa', 'En trnsito', 11, '2025-05-30', '19:04:00', '2025-06-18 12:56:52'),
(282, 'Victoria Espinoza Ozuna', 'En trnsito', 11, '2025-06-03', '17:11:00', '2025-06-18 12:56:52'),
(283, 'Germn Montoya Saucedo', 'Dado de alta', 11, '2025-06-07', '12:20:00', '2025-06-18 12:56:52'),
(284, 'Mtro. Alicia Carrillo', 'Dado de alta', 11, '2025-05-31', '07:51:00', '2025-06-18 12:56:52'),
(285, 'Mtro. Alfonso Cardona', 'En trnsito', 11, '2025-06-16', '03:22:00', '2025-06-18 12:56:52'),
(286, 'Humberto Marco Antonio Zelaya Segura', 'En trnsito', 11, '2025-05-24', '02:01:00', '2025-06-18 12:56:52'),
(287, 'Dr. Florencia Armendriz', 'Pendiente', 11, '2025-06-09', '00:53:00', '2025-06-18 12:56:52'),
(288, 'Ing. Yuridia Estrada', 'En trnsito', 11, '2025-06-05', '22:55:00', '2025-06-18 12:56:52'),
(289, 'Wendolin Menndez Martnez', 'Albergado', 11, '2025-05-25', '14:08:00', '2025-06-18 12:56:52'),
(290, 'Natividad Horacio Paredes Mena', 'En trnsito', 11, '2025-06-07', '05:01:00', '2025-06-18 12:56:52'),
(291, 'Perla Carolina Espinosa Peres', 'Pendiente', 11, '2025-06-06', '19:53:00', '2025-06-18 12:56:52'),
(292, 'Sergio Rebeca Madera', 'Albergado', 11, '2025-06-07', '01:16:00', '2025-06-18 12:56:52'),
(293, 'Hernn Llamas Gaitn', 'Dado de alta', 11, '2025-06-08', '03:23:00', '2025-06-18 12:56:52'),
(294, 'Ing. Vanesa Medina', 'En trnsito', 11, '2025-06-10', '15:37:00', '2025-06-18 12:56:52'),
(295, 'Zeferino Gallardo', 'Pendiente', 11, '2025-06-12', '02:33:00', '2025-06-18 12:56:52'),
(296, 'Victoria Arturo Limn', 'Pendiente', 11, '2025-06-13', '04:14:00', '2025-06-18 12:56:52'),
(297, 'Mtro. Aurelio Gollum', 'Albergado', 11, '2025-06-03', '11:22:00', '2025-06-18 12:56:52'),
(298, 'Concepcin Alberto Arredondo', 'En trnsito', 11, '2025-05-30', '13:52:00', '2025-06-18 12:56:52'),
(299, 'Sr(a). Mara Eugenia Pedroza', 'Albergado', 11, '2025-06-15', '17:08:00', '2025-06-18 12:56:52'),
(300, 'Miguel ngel Pabn', 'Albergado', 11, '2025-05-30', '21:44:00', '2025-06-18 12:56:52'),
(301, 'Bernab Pizarro Gaona', 'Dado de alta', 11, '2025-05-27', '06:12:00', '2025-06-18 12:56:52'),
(302, 'Lic. Amador Valds', 'En trnsito', 11, '2025-05-31', '09:13:00', '2025-06-18 12:56:52'),
(303, 'Cecilia Rivera', 'Albergado', 11, '2025-06-13', '03:55:00', '2025-06-18 12:56:52'),
(304, 'Mtro. Margarita Santana', 'En trnsito', 11, '2025-06-08', '10:21:00', '2025-06-18 12:56:52'),
(305, 'Cristobal Roldn', 'Dado de alta', 11, '2025-06-09', '05:46:00', '2025-06-18 12:56:52'),
(306, 'Alberto Laureano Guevara', 'Albergado', 10, '2025-05-29', '05:36:00', '2025-06-18 12:57:19'),
(307, 'Zo Trejo Brito', 'Dado de alta', 10, '2025-06-16', '22:10:00', '2025-06-18 12:57:19'),
(308, 'Alta  Gracia Cabn Gamez', 'Pendiente', 10, '2025-05-30', '16:10:00', '2025-06-18 12:57:19'),
(309, 'Sr(a). Ramiro Faras', 'En trnsito', 10, '2025-06-14', '05:19:00', '2025-06-18 12:57:19'),
(310, 'Marisol Rolando Ledesma', 'En trnsito', 10, '2025-05-19', '06:13:00', '2025-06-18 12:57:19'),
(311, 'Luisa Jacinto Ledesma', 'Pendiente', 10, '2025-05-26', '15:39:00', '2025-06-18 12:57:19'),
(312, 'Benjamn Aurelio Olivares Caldern', 'Albergado', 10, '2025-06-05', '01:34:00', '2025-06-18 12:57:19'),
(313, 'Mtro. Alvaro Rico', 'Albergado', 10, '2025-06-14', '13:42:00', '2025-06-18 12:57:19'),
(314, 'Arcelia Uras', 'Albergado', 10, '2025-06-02', '22:14:00', '2025-06-18 12:57:19'),
(315, 'Mtro. Reynaldo Espinosa', 'Albergado', 10, '2025-05-22', '23:18:00', '2025-06-18 12:57:19'),
(316, 'Gregorio Arcelia Gonzales', 'Dado de alta', 10, '2025-05-23', '02:07:00', '2025-06-18 12:57:19'),
(317, 'Mara Elena Teresa Nava Curiel', 'Dado de alta', 10, '2025-06-05', '07:13:00', '2025-06-18 12:57:19'),
(318, 'Yuridia Gabriela Becerra', 'Albergado', 10, '2025-06-17', '11:18:00', '2025-06-18 12:57:19'),
(319, 'Oswaldo Felipe Dvila', 'Albergado', 10, '2025-06-10', '09:59:00', '2025-06-18 12:57:19'),
(320, 'Timoteo Porfirio Gaona Melndez', 'Albergado', 10, '2025-05-21', '00:29:00', '2025-06-18 12:57:19'),
(321, 'Ignacio Pacheco Jasso', 'Albergado', 10, '2025-05-22', '00:09:00', '2025-06-18 12:57:19'),
(322, 'Mtro. Eric Sanabria', 'Albergado', 10, '2025-06-07', '04:04:00', '2025-06-18 12:57:19'),
(323, 'Claudio Jaimes', 'Pendiente', 10, '2025-05-25', '23:02:00', '2025-06-18 12:57:19'),
(324, 'Ing. Frida Viera', 'En trnsito', 10, '2025-06-08', '18:56:00', '2025-06-18 12:57:19'),
(325, 'Jos Gaona', 'En trnsito', 10, '2025-05-25', '08:16:00', '2025-06-18 12:57:19'),
(326, 'Aurora Arreola', 'En trnsito', 10, '2025-05-24', '21:23:00', '2025-06-18 12:57:19'),
(327, 'Luisa Rubn Barela', 'Dado de alta', 10, '2025-06-06', '04:46:00', '2025-06-18 12:57:19'),
(328, 'Lic. liver Heredia', 'Pendiente', 10, '2025-06-14', '08:41:00', '2025-06-18 12:57:19'),
(329, 'Omar Jaramillo Molina', 'En trnsito', 10, '2025-05-24', '23:38:00', '2025-06-18 12:57:19'),
(330, 'Cristina Rendn', 'Pendiente', 10, '2025-05-19', '16:41:00', '2025-06-18 12:57:19'),
(331, 'Mnica Diego Sarabia Caraballo', 'Pendiente', 10, '2025-06-02', '04:13:00', '2025-06-18 12:57:19'),
(332, 'Ing. Elvia Corral', 'Dado de alta', 10, '2025-06-06', '07:24:00', '2025-06-18 12:57:19'),
(333, 'Paola Olga Abrego', 'En trnsito', 10, '2025-06-17', '22:37:00', '2025-06-18 12:57:19'),
(334, 'Aida Carrasco', 'Pendiente', 10, '2025-06-05', '11:55:00', '2025-06-18 12:57:19'),
(335, 'Evelio Ana Luisa Guajardo Valverde', 'Dado de alta', 10, '2025-05-22', '22:16:00', '2025-06-18 12:57:19'),
(336, 'ngela Tejada', 'En trnsito', 10, '2025-05-25', '04:29:00', '2025-06-18 12:57:19'),
(337, 'Paulina de Jess', 'Dado de alta', 10, '2025-05-31', '09:40:00', '2025-06-18 12:57:19'),
(338, 'Lic. Eric Tirado', 'En trnsito', 10, '2025-05-28', '10:37:00', '2025-06-18 12:57:19'),
(339, 'Leonor Yuridia Nio Quezada', 'Dado de alta', 10, '2025-06-13', '17:58:00', '2025-06-18 12:57:19'),
(340, 'Fernando Garza Barela', 'En trnsito', 10, '2025-06-04', '19:25:00', '2025-06-18 12:57:19'),
(341, 'Ing. Estela Villalobos', 'Albergado', 10, '2025-05-29', '17:30:00', '2025-06-18 12:57:19'),
(342, 'Susana Bahena Girn', 'Dado de alta', 10, '2025-05-22', '18:33:00', '2025-06-18 12:57:19'),
(343, 'Anglica Noelia Granados Leiva', 'Dado de alta', 10, '2025-06-11', '21:14:00', '2025-06-18 12:57:19'),
(344, 'Dr. Reina Velzquez', 'En trnsito', 10, '2025-06-10', '17:29:00', '2025-06-18 12:57:19'),
(345, 'Lorenzo Espinal', 'Pendiente', 10, '2025-05-23', '05:28:00', '2025-06-18 12:57:19'),
(346, 'Joaqun Pia', 'En trnsito', 10, '2025-06-07', '23:03:00', '2025-06-18 12:57:19'),
(347, 'Zacaras Calvillo Ballesteros', 'Dado de alta', 10, '2025-06-07', '20:19:00', '2025-06-18 12:57:19'),
(348, 'Bianca Felix Espinosa Espinal', 'Albergado', 10, '2025-06-14', '08:24:00', '2025-06-18 12:57:19'),
(349, 'Luisa Dulce Leiva', 'Pendiente', 10, '2025-06-10', '23:21:00', '2025-06-18 12:57:19'),
(350, 'Margarita Urbina Calvillo', 'Albergado', 10, '2025-05-21', '03:34:00', '2025-06-18 12:57:19'),
(351, 'Sr(a). Aurelio Granado', 'Dado de alta', 10, '2025-05-27', '11:25:00', '2025-06-18 12:57:19'),
(352, 'Mauricio Gallardo', 'Dado de alta', 10, '2025-06-07', '09:22:00', '2025-06-18 12:57:19'),
(353, 'Juan Abelardo Orellana', 'Pendiente', 10, '2025-05-31', '04:19:00', '2025-06-18 12:57:19'),
(354, 'Gonzalo Pia', 'En trnsito', 10, '2025-06-14', '21:36:00', '2025-06-18 12:57:19'),
(355, 'Cristal Espinal', 'Pendiente', 10, '2025-06-02', '23:38:00', '2025-06-18 12:57:19'),
(356, 'Alberto Laureano Guevara', 'Albergado', 12, '2025-05-30', '05:36:00', '2025-06-19 08:19:06'),
(357, 'Zo Trejo Brito', 'Albergado', 12, '2025-06-17', '22:10:00', '2025-06-19 08:19:06'),
(358, 'Alta  Gracia Cabn Gamez', 'Albergado', 12, '2025-05-31', '16:10:00', '2025-06-19 08:19:06'),
(359, 'Sr(a). Ramiro Faras', 'Albergado', 12, '2025-06-15', '05:19:00', '2025-06-19 08:19:06'),
(360, 'Marisol Rolando Ledesma', 'Albergado', 12, '2025-05-20', '06:13:00', '2025-06-19 08:19:06'),
(361, 'Luisa Jacinto Ledesma', 'Pendiente', 12, '2025-05-27', '15:39:00', '2025-06-19 08:19:06'),
(362, 'Benjamn Aurelio Olivares Caldern', 'Albergado', 12, '2025-06-06', '01:34:00', '2025-06-19 08:19:06'),
(363, 'Mtro. Alvaro Rico', 'Dado de alta', 12, '2025-06-15', '13:42:00', '2025-06-19 08:19:06'),
(364, 'Arcelia Uras', 'Albergado', 12, '2025-06-03', '22:14:00', '2025-06-19 08:19:06'),
(365, 'Mtro. Reynaldo Espinosa', 'Dado de alta', 12, '2025-05-23', '23:18:00', '2025-06-19 08:19:06'),
(366, 'Gregorio Arcelia Gonzales', 'Albergado', 12, '2025-05-24', '02:07:00', '2025-06-19 08:19:06'),
(367, 'Mara Elena Teresa Nava Curiel', 'Pendiente', 12, '2025-06-06', '07:13:00', '2025-06-19 08:19:06'),
(368, 'Yuridia Gabriela Becerra', 'En trnsito', 12, '2025-06-18', '11:18:00', '2025-06-19 08:19:06'),
(369, 'Oswaldo Felipe Dvila', 'Pendiente', 12, '2025-06-11', '09:59:00', '2025-06-19 08:19:06'),
(370, 'Timoteo Porfirio Gaona Melndez', 'En trnsito', 12, '2025-05-22', '00:29:00', '2025-06-19 08:19:06'),
(371, 'Ignacio Pacheco Jasso', 'Dado de alta', 12, '2025-05-23', '00:09:00', '2025-06-19 08:19:06'),
(372, 'Mtro. Eric Sanabria', 'Albergado', 12, '2025-06-08', '04:04:00', '2025-06-19 08:19:06'),
(373, 'Claudio Jaimes', 'Pendiente', 12, '2025-05-26', '23:02:00', '2025-06-19 08:19:06'),
(374, 'Ing. Frida Viera', 'Albergado', 12, '2025-06-09', '18:56:00', '2025-06-19 08:19:06'),
(375, 'Jos Gaona', 'Pendiente', 12, '2025-05-26', '08:16:00', '2025-06-19 08:19:06'),
(376, 'Aurora Arreola', 'Albergado', 12, '2025-05-25', '21:23:00', '2025-06-19 08:19:06'),
(377, 'Luisa Rubn Barela', 'Pendiente', 12, '2025-06-07', '04:46:00', '2025-06-19 08:19:06'),
(378, 'Lic. liver Heredia', 'En trnsito', 12, '2025-06-15', '08:41:00', '2025-06-19 08:19:06'),
(379, 'Omar Jaramillo Molina', 'Dado de alta', 12, '2025-05-25', '23:38:00', '2025-06-19 08:19:06'),
(380, 'Cristina Rendn', 'En trnsito', 12, '2025-05-20', '16:41:00', '2025-06-19 08:19:06'),
(381, 'Mnica Diego Sarabia Caraballo', 'Albergado', 12, '2025-06-03', '04:13:00', '2025-06-19 08:19:06'),
(382, 'Ing. Elvia Corral', 'Albergado', 12, '2025-06-07', '07:24:00', '2025-06-19 08:19:06'),
(383, 'Paola Olga Abrego', 'Pendiente', 12, '2025-06-18', '22:37:00', '2025-06-19 08:19:06'),
(384, 'Aida Carrasco', 'Dado de alta', 12, '2025-06-06', '11:55:00', '2025-06-19 08:19:06'),
(385, 'Evelio Ana Luisa Guajardo Valverde', 'Dado de alta', 12, '2025-05-23', '22:16:00', '2025-06-19 08:19:06'),
(386, 'ngela Tejada', 'Albergado', 12, '2025-05-26', '04:29:00', '2025-06-19 08:19:06'),
(387, 'Paulina de Jess', 'Pendiente', 12, '2025-06-01', '09:40:00', '2025-06-19 08:19:06'),
(388, 'Lic. Eric Tirado', 'Albergado', 12, '2025-05-29', '10:37:00', '2025-06-19 08:19:06'),
(389, 'Leonor Yuridia Nio Quezada', 'En trnsito', 12, '2025-06-14', '17:58:00', '2025-06-19 08:19:06'),
(390, 'Fernando Garza Barela', 'Albergado', 12, '2025-06-05', '19:25:00', '2025-06-19 08:19:06'),
(391, 'Ing. Estela Villalobos', 'Pendiente', 12, '2025-05-30', '17:30:00', '2025-06-19 08:19:06'),
(392, 'Susana Bahena Girn', 'En trnsito', 12, '2025-05-23', '18:33:00', '2025-06-19 08:19:06'),
(393, 'Anglica Noelia Granados Leiva', 'Pendiente', 12, '2025-06-12', '21:14:00', '2025-06-19 08:19:06'),
(394, 'Dr. Reina Velzquez', 'Dado de alta', 12, '2025-06-11', '17:29:00', '2025-06-19 08:19:06'),
(395, 'Lorenzo Espinal', 'En trnsito', 12, '2025-05-24', '05:28:00', '2025-06-19 08:19:06'),
(396, 'Joaqun Pia', 'Dado de alta', 12, '2025-06-08', '23:03:00', '2025-06-19 08:19:06'),
(397, 'Zacaras Calvillo Ballesteros', 'Pendiente', 12, '2025-06-08', '20:19:00', '2025-06-19 08:19:06'),
(398, 'Bianca Felix Espinosa Espinal', 'En trnsito', 12, '2025-06-15', '08:24:00', '2025-06-19 08:19:06'),
(399, 'Luisa Dulce Leiva', 'Pendiente', 12, '2025-06-11', '23:21:00', '2025-06-19 08:19:06'),
(400, 'Margarita Urbina Calvillo', 'Dado de alta', 12, '2025-05-22', '03:34:00', '2025-06-19 08:19:06'),
(401, 'Sr(a). Aurelio Granado', 'Albergado', 12, '2025-05-28', '11:25:00', '2025-06-19 08:19:06'),
(402, 'Mauricio Gallardo', 'Pendiente', 12, '2025-06-08', '09:22:00', '2025-06-19 08:19:06'),
(403, 'Juan Abelardo Orellana', 'En trnsito', 12, '2025-06-01', '04:19:00', '2025-06-19 08:19:06'),
(404, 'Gonzalo Pia', 'Dado de alta', 12, '2025-06-15', '21:36:00', '2025-06-19 08:19:06'),
(405, 'Cristal Espinal', 'Albergado', 12, '2025-06-03', '23:38:00', '2025-06-19 08:19:06'),
(406, 'Ricardo Torres Ballesteros', 'Albergado', 13, '2025-06-04', '20:24:00', '2025-06-19 08:51:08'),
(407, 'Roco Romero Sandoval', 'Dado de alta', 13, '2025-06-14', '00:16:00', '2025-06-19 08:51:08'),
(408, 'Nancy Blanco Escamilla', 'Albergado', 13, '2025-05-23', '16:16:00', '2025-06-19 08:51:08'),
(409, 'Zeferino Gollum Pez', 'Dado de alta', 13, '2025-05-25', '08:37:00', '2025-06-19 08:51:08'),
(410, 'Ricardo Rosario Arenas', 'Albergado', 13, '2025-05-23', '21:24:00', '2025-06-19 08:51:08'),
(411, 'Ing. Octavio Mata', 'Albergado', 13, '2025-06-01', '21:21:00', '2025-06-19 08:51:08'),
(412, 'Evelio Gabino Ortiz Ceja', 'Albergado', 13, '2025-06-03', '09:04:00', '2025-06-19 08:51:08'),
(413, 'Antonia Abril Reynoso Valladares', 'En trnsito', 13, '2025-05-24', '21:43:00', '2025-06-19 08:51:08'),
(414, 'Dr. Natividad Jaimes', 'En trnsito', 13, '2025-05-26', '15:52:00', '2025-06-19 08:51:08'),
(415, 'Felipe Negrn Linares', 'Pendiente', 13, '2025-05-27', '03:16:00', '2025-06-19 08:51:08'),
(416, 'Mtro. Sara Tafoya', 'Albergado', 13, '2025-05-20', '19:55:00', '2025-06-19 08:51:08'),
(417, 'Mtro. Wilfrido Cano', 'Pendiente', 13, '2025-05-26', '08:04:00', '2025-06-19 08:51:08'),
(418, 'Bernab Uribe Corts', 'Dado de alta', 13, '2025-06-02', '02:09:00', '2025-06-19 08:51:08'),
(419, 'Dr. Jacobo Figueroa', 'Albergado', 13, '2025-06-01', '00:14:00', '2025-06-19 08:51:08'),
(420, 'Fidel valos', 'En trnsito', 13, '2025-05-24', '05:24:00', '2025-06-19 08:51:08'),
(421, 'Gernimo Armendriz', 'Albergado', 13, '2025-05-20', '14:13:00', '2025-06-19 08:51:08'),
(422, 'Teodoro Frida Cuellar', 'Pendiente', 13, '2025-06-10', '02:11:00', '2025-06-19 08:51:08'),
(423, 'Ramiro Aguirre', 'Dado de alta', 13, '2025-05-25', '04:42:00', '2025-06-19 08:51:08'),
(424, 'Patricio Alejandro Negrn', 'En trnsito', 13, '2025-06-17', '02:03:00', '2025-06-19 08:51:08'),
(425, 'Luis Manuel Carolina Arguello', 'Pendiente', 13, '2025-06-03', '11:05:00', '2025-06-19 08:51:08'),
(426, 'Jorge Gaitn Haro', 'Albergado', 13, '2025-05-24', '17:31:00', '2025-06-19 08:51:08'),
(427, 'Lic. Silvano Correa', 'En trnsito', 13, '2025-05-31', '00:04:00', '2025-06-19 08:51:08'),
(428, 'Liliana Alberto Duarte', 'Dado de alta', 13, '2025-06-05', '07:43:00', '2025-06-19 08:51:08'),
(429, 'Yolanda Guzmn', 'Albergado', 13, '2025-06-01', '21:12:00', '2025-06-19 08:51:08'),
(430, 'Juana Arellano Rodrgez', 'En trnsito', 13, '2025-05-30', '09:49:00', '2025-06-19 08:51:08'),
(431, 'Jernimo Magaa', 'Dado de alta', 13, '2025-05-31', '19:04:00', '2025-06-19 08:51:08'),
(432, 'Victoria Espinoza Ozuna', 'Pendiente', 13, '2025-06-04', '17:11:00', '2025-06-19 08:51:08'),
(433, 'Germn Montoya Saucedo', 'Dado de alta', 13, '2025-06-08', '12:20:00', '2025-06-19 08:51:08'),
(434, 'Mtro. Alicia Carrillo', 'Albergado', 13, '2025-06-01', '07:51:00', '2025-06-19 08:51:08'),
(435, 'Mtro. Alfonso Cardona', 'Albergado', 13, '2025-06-17', '03:22:00', '2025-06-19 08:51:08'),
(436, 'Humberto Marco Antonio Zelaya Segura', 'En trnsito', 13, '2025-05-25', '02:01:00', '2025-06-19 08:51:08'),
(437, 'Dr. Florencia Armendriz', 'Dado de alta', 13, '2025-06-10', '00:53:00', '2025-06-19 08:51:08'),
(438, 'Ing. Yuridia Estrada', 'Pendiente', 13, '2025-06-06', '22:55:00', '2025-06-19 08:51:08'),
(439, 'Wendolin Menndez Martnez', 'En trnsito', 13, '2025-05-26', '14:08:00', '2025-06-19 08:51:08'),
(440, 'Natividad Horacio Paredes Mena', 'Albergado', 13, '2025-06-08', '05:01:00', '2025-06-19 08:51:08'),
(441, 'Perla Carolina Espinosa Peres', 'Albergado', 13, '2025-06-07', '19:53:00', '2025-06-19 08:51:08'),
(442, 'Sergio Rebeca Madera', 'En trnsito', 13, '2025-06-08', '01:16:00', '2025-06-19 08:51:08'),
(443, 'Hernn Llamas Gaitn', 'En trnsito', 13, '2025-06-09', '03:23:00', '2025-06-19 08:51:08'),
(444, 'Ing. Vanesa Medina', 'Pendiente', 13, '2025-06-11', '15:37:00', '2025-06-19 08:51:08'),
(445, 'Zeferino Gallardo', 'Dado de alta', 13, '2025-06-13', '02:33:00', '2025-06-19 08:51:08'),
(446, 'Victoria Arturo Limn', 'Dado de alta', 13, '2025-06-14', '04:14:00', '2025-06-19 08:51:08'),
(447, 'Mtro. Aurelio Gollum', 'Albergado', 13, '2025-06-04', '11:22:00', '2025-06-19 08:51:08'),
(448, 'Concepcin Alberto Arredondo', 'En trnsito', 13, '2025-05-31', '13:52:00', '2025-06-19 08:51:08'),
(449, 'Sr(a). Mara Eugenia Pedroza', 'Pendiente', 13, '2025-06-16', '17:08:00', '2025-06-19 08:51:08'),
(450, 'Miguel ngel Pabn', 'Pendiente', 13, '2025-05-31', '21:44:00', '2025-06-19 08:51:08'),
(451, 'Bernab Pizarro Gaona', 'En trnsito', 13, '2025-05-28', '06:12:00', '2025-06-19 08:51:08'),
(452, 'Lic. Amador Valds', 'Pendiente', 13, '2025-06-01', '09:13:00', '2025-06-19 08:51:08'),
(453, 'Cecilia Rivera', 'En trnsito', 13, '2025-06-14', '03:55:00', '2025-06-19 08:51:08'),
(454, 'Mtro. Margarita Santana', 'Pendiente', 13, '2025-06-09', '10:21:00', '2025-06-19 08:51:08'),
(455, 'Cristobal Roldn', 'Albergado', 13, '2025-06-10', '05:46:00', '2025-06-19 08:51:08');

-- --------------------------------------------------------

--
-- Table structure for table `requests`
--

CREATE TABLE `requests` (
  `id` int(11) NOT NULL,
  `user_id` int(11) NOT NULL,
  `refuge_name` varchar(255) NOT NULL,
  `location` varchar(255) NOT NULL,
  `ip` varchar(45) NOT NULL,
  `csv_path` varchar(255) NOT NULL,
  `status` enum('pending','approved','rejected') DEFAULT 'pending',
  `created_at` timestamp NOT NULL DEFAULT current_timestamp()
) ENGINE=InnoDB DEFAULT CHARSET=utf8mb4 COLLATE=utf8mb4_general_ci;

--
-- Dumping data for table `requests`
--

INSERT INTO `requests` (`id`, `user_id`, `refuge_name`, `location`, `ip`, `csv_path`, `status`, `created_at`) VALUES
(10, 2, 'Manos que ayudan', 'San Jose, Atocha #25', '127.0.0.1', 'uploads/csv_6852b748a3545.csv', 'approved', '2025-06-18 12:55:36'),
(11, 2, 'Manuel Becerra', 'Manuel Becerra, Plaza central, #15', '127.0.0.1', 'uploads/csv_6852b77e6fd8d.csv', 'approved', '2025-06-18 12:56:30'),
(12, 2, 'Vbox del prueblo', 'Diego de leon edificio 29', '127.0.0.1', 'uploads/csv_6853c7ce57931.csv', 'approved', '2025-06-19 08:18:22'),
(13, 2, 'Centro comunitario de madrid', 'Calle de la Regalada, Retiro, Madrid, Comunidad de Madrid', '127.0.0.1', 'uploads/csv_6853cbffa5744.csv', 'approved', '2025-06-19 08:36:15');

-- --------------------------------------------------------

--
-- Table structure for table `users`
--

CREATE TABLE `users` (
  `id` int(11) NOT NULL,
  `email` varchar(255) NOT NULL,
  `password_hash` varchar(255) NOT NULL,
  `role` enum('admin','refuge_user') NOT NULL,
  `created_at` timestamp NOT NULL DEFAULT current_timestamp(),
  `login_attempts` int(11) DEFAULT 0,
  `last_attempt` timestamp NULL DEFAULT NULL
) ENGINE=InnoDB DEFAULT CHARSET=utf8mb4 COLLATE=utf8mb4_general_ci;

--
-- Dumping data for table `users`
--

INSERT INTO `users` (`id`, `email`, `password_hash`, `role`, `created_at`, `login_attempts`, `last_attempt`) VALUES
(1, 'admin@localhost.com', '$2y$10$96xg.9nYredq9qsgihfp8eTae1t6KQsUtk4CCWgVKWW6P4GaRxM0S', 'admin', '2025-06-17 17:15:00', 0, NULL),
(2, 'user@localhost.com', '$2y$10$LbJrDciahMC7jA2UyR57ruasCuJqJGtBcPXCZXi39I81hogJvuW5O', 'refuge_user', '2025-06-17 17:51:58', 5, '2025-07-24 00:36:46');

--
-- Indexes for dumped tables
--

--
-- Indexes for table `logs`
--
ALTER TABLE `logs`
  ADD PRIMARY KEY (`id`),
  ADD KEY `user_id` (`user_id`),
  ADD KEY `request_id` (`request_id`);

--
-- Indexes for table `people`
--
ALTER TABLE `people`
  ADD PRIMARY KEY (`id`),
  ADD KEY `refuge_id` (`refuge_id`);

--
-- Indexes for table `requests`
--
ALTER TABLE `requests`
  ADD PRIMARY KEY (`id`),
  ADD KEY `user_id` (`user_id`);

--
-- Indexes for table `users`
--
ALTER TABLE `users`
  ADD PRIMARY KEY (`id`),
  ADD UNIQUE KEY `email` (`email`);

--
-- AUTO_INCREMENT for dumped tables
--

--
-- AUTO_INCREMENT for table `logs`
--
ALTER TABLE `logs`
  MODIFY `id` int(11) NOT NULL AUTO_INCREMENT, AUTO_INCREMENT=36;

--
-- AUTO_INCREMENT for table `people`
--
ALTER TABLE `people`
  MODIFY `id` int(11) NOT NULL AUTO_INCREMENT, AUTO_INCREMENT=456;

--
-- AUTO_INCREMENT for table `requests`
--
ALTER TABLE `requests`
  MODIFY `id` int(11) NOT NULL AUTO_INCREMENT, AUTO_INCREMENT=14;

--
-- AUTO_INCREMENT for table `users`
--
ALTER TABLE `users`
  MODIFY `id` int(11) NOT NULL AUTO_INCREMENT, AUTO_INCREMENT=3;

--
-- Constraints for dumped tables
--

--
-- Constraints for table `logs`
--
ALTER TABLE `logs`
  ADD CONSTRAINT `logs_ibfk_1` FOREIGN KEY (`user_id`) REFERENCES `users` (`id`),
  ADD CONSTRAINT `logs_ibfk_2` FOREIGN KEY (`request_id`) REFERENCES `requests` (`id`);

--
-- Constraints for table `people`
--
ALTER TABLE `people`
  ADD CONSTRAINT `people_ibfk_1` FOREIGN KEY (`refuge_id`) REFERENCES `requests` (`id`);

--
-- Constraints for table `requests`
--
ALTER TABLE `requests`
  ADD CONSTRAINT `requests_ibfk_1` FOREIGN KEY (`user_id`) REFERENCES `users` (`id`);
--
-- Database: `iso_platform`
--
CREATE DATABASE IF NOT EXISTS `iso_platform` DEFAULT CHARACTER SET utf8mb4 COLLATE utf8mb4_unicode_ci;
USE `iso_platform`;

-- --------------------------------------------------------

--
-- Table structure for table `acciones`
--

CREATE TABLE `acciones` (
  `id` int(11) NOT NULL,
  `gap_id` int(11) DEFAULT NULL,
  `descripcion` text DEFAULT NULL,
  `responsable` varchar(100) DEFAULT NULL,
  `fecha_compromiso` date DEFAULT NULL,
  `fecha_inicio` date DEFAULT NULL,
  `fecha_finalizacion` date DEFAULT NULL,
  `estado` enum('pendiente','en_progreso','completada') DEFAULT 'pendiente',
  `notas` text DEFAULT NULL
) ENGINE=InnoDB DEFAULT CHARSET=utf8mb4 COLLATE=utf8mb4_unicode_ci;

--
-- Dumping data for table `acciones`
--

INSERT INTO `acciones` (`id`, `gap_id`, `descripcion`, `responsable`, `fecha_compromiso`, `fecha_inicio`, `fecha_finalizacion`, `estado`, `notas`) VALUES
(1, 2, 'Segmentar el disenio de la infraestructura de la red', 'Anderson Leon', '2025-10-22', '2025-10-13', NULL, 'pendiente', NULL);

-- --------------------------------------------------------

--
-- Table structure for table `auditorias`
--

CREATE TABLE `auditorias` (
  `id` int(11) NOT NULL,
  `empresa_id` int(11) DEFAULT NULL,
  `fecha` date NOT NULL,
  `auditor` varchar(100) DEFAULT NULL,
  `resumen` text DEFAULT NULL,
  `resultado` enum('conforme','no_conforme','observacion') DEFAULT 'conforme'
) ENGINE=InnoDB DEFAULT CHARSET=utf8mb4 COLLATE=utf8mb4_unicode_ci;

-- --------------------------------------------------------

--
-- Table structure for table `comentarios_control`
--

CREATE TABLE `comentarios_control` (
  `id` int(11) NOT NULL,
  `soa_id` int(11) NOT NULL,
  `usuario_id` int(11) DEFAULT NULL,
  `comentario` text NOT NULL,
  `fecha` timestamp NOT NULL DEFAULT current_timestamp()
) ENGINE=InnoDB DEFAULT CHARSET=utf8mb4 COLLATE=utf8mb4_unicode_ci;

-- --------------------------------------------------------

--
-- Table structure for table `controles`
--

CREATE TABLE `controles` (
  `id` int(11) NOT NULL,
  `codigo` varchar(20) NOT NULL,
  `nombre` varchar(255) NOT NULL,
  `descripcion` text DEFAULT NULL,
  `dominio_id` int(11) DEFAULT NULL
) ENGINE=InnoDB DEFAULT CHARSET=utf8mb4 COLLATE=utf8mb4_unicode_ci;

--
-- Dumping data for table `controles`
--

INSERT INTO `controles` (`id`, `codigo`, `nombre`, `descripcion`, `dominio_id`) VALUES
(1, '5.1', 'Polticas de seguridad de la informacin', 'Definir y mantener polticas claras para gestionar la seguridad de la informacin', 1),
(2, '5.2', 'Roles y responsabilidades en seguridad de la informacin', 'Asignar funciones y responsabilidades especficas en seguridad', 1),
(3, '5.3', 'Segregacin de funciones', 'Evitar conflictos de inters mediante separacin de tareas', 1),
(4, '5.4', 'Responsabilidades de gestin', 'Gestin activa de la seguridad por lderes y supervisores', 1),
(5, '5.5', 'Contacto con autoridades', 'Definir canales de contacto con autoridades competentes', 1),
(6, '5.6', 'Contacto con grupos de inters', 'Relacin con comunidades y foros de seguridad', 1),
(7, '5.7', 'Inteligencia de amenazas', 'Recolectar y analizar informacin sobre amenazas emergentes', 1),
(8, '5.8', 'Seguridad de la informacin en la gestin de proyectos', 'Incorporar seguridad en todas las fases de proyectos', 1),
(9, '5.9', 'Inventario de informacin y otros activos asociados', 'Registrar todos los activos de informacin con responsables', 1),
(10, '5.10', 'Uso aceptable de informacin y otros activos asociados', 'Definir reglas claras de uso de sistemas y equipos', 1),
(11, '5.11', 'Retorno de activos', 'Asegurar la devolucin de activos al finalizar la relacin laboral', 1),
(12, '5.12', 'Clasificacin de la informacin', 'Categorizar informacin segn su criticidad', 1),
(13, '5.13', 'Etiquetado de informacin', 'Aplicar etiquetas visibles y consistentes a la informacin confidencial', 1),
(14, '5.14', 'Transferencia de informacin', 'Proteger la informacin durante su transmisin', 1),
(15, '5.15', 'Control de acceso', 'Definir principios generales de control de acceso', 1),
(16, '5.16', 'Gestin de identidad', 'Establecer procesos de gestin de identidades nicas', 1),
(17, '5.17', 'Informacin de autenticacin', 'Proteger credenciales y mtodos de autenticacin', 1),
(18, '5.18', 'Derechos de acceso', 'Gestionar asignacin y revisin y revocacin de accesos', 1),
(19, '5.19', 'Seguridad de la informacin en la relacin con proveedores', 'Asegurar requisitos de seguridad en la relacin con terceros', 1),
(20, '5.20', 'Abordar la seguridad de la informacin dentro de los acuerdos de proveedores', 'Formalizar requisitos de seguridad en contratos', 1),
(21, '5.21', 'Gestin de la seguridad de la informacin en la cadena de suministro de las TIC', 'Gestionar riesgos de proveedores TIC crticos', 1),
(22, '5.22', 'Monitoreo revisin y gestin del cambio en los servicios de los proveedores', 'Revisar desempeo y seguridad de proveedores clave', 1),
(23, '5.23', 'Seguridad de la informacin para el uso de servicios Cloud', 'Establecer controles especficos para uso de cloud', 1),
(24, '5.24', 'Planificacin y gestin de incidentes de seguridad de la informacin', 'Definir procedimientos para manejar incidentes', 1),
(25, '5.25', 'Evaluacin y decisin en eventos de seguridad de la informacin', 'Clasificar eventos y determinar si son incidentes', 1),
(26, '5.26', 'Respuesta a incidentes de seguridad de la informacin', 'Ejecutar procedimientos de respuesta definidos', 1),
(27, '5.27', 'Aprendizaje sobre los incidentes de seguridad de la informacin', 'Documentar y analizar lecciones aprendidas', 1),
(28, '5.28', 'Recopilacin de evidencia', 'Proteger y conservar evidencia digital', 1),
(29, '5.29', 'Seguridad de la informacin durante la ruptura', 'Proteger informacin al finalizar contratos con terceros', 1),
(30, '5.30', 'Preparacin de las TIC para la continuidad del negocio', 'Preparar las TIC para continuidad ante desastres', 1),
(31, '5.31', 'Requisitos contractuales legales estatutarios y regulatorios', 'Cumplir con normativas y leyes vigentes', 1),
(32, '5.32', 'Derechos de propiedad intelectual', 'Proteger derechos de autor y licencias y patentes', 1),
(33, '5.33', 'Proteccin de registros', 'Proteger registros contra prdida y alteracin y destruccin', 1),
(34, '5.34', 'Privacidad y proteccin de la informacin de identificacin personal', 'Proteger informacin personal identificable', 1),
(35, '5.35', 'Revisin independiente de seguridad de la informacin', 'Evaluaciones peridicas por auditores externos', 1),
(36, '5.36', 'Cumplimiento de polticas reglas y estndares para la seguridad de la informacin', 'Verificar cumplimiento de polticas internas', 1),
(37, '5.37', 'Procesos operativos documentados', 'Documentar y mantener procedimientos operativos', 1),
(38, '6.1', 'Comprobaciones de verificacin de antecedentes', 'Revisar antecedentes de candidatos antes de contratarlos', 2),
(39, '6.2', 'Trminos y condiciones para el empleo', 'Incluir seguridad en trminos de empleo', 2),
(40, '6.3', 'Educacin entrenamiento y conciencia de seguridad de la informacin', 'Formar al personal en seguridad de la informacin', 2),
(41, '6.4', 'Proceso disciplinario', 'Definir consecuencias ante incumplimientos graves', 2),
(42, '6.5', 'Responsabilidades despus de la terminacin o cambio de empleo', 'Definir responsabilidades tras salida de empleados', 2),
(43, '6.6', 'Confidencialidad y no divulgacin de acuerdos', 'Exigir acuerdos de confidencialidad donde aplique', 2),
(44, '6.7', 'Trabajo Remoto', 'Definir controles para teletrabajo y movilidad', 2),
(45, '6.8', 'Informes de eventos de seguridad de la informacin', 'Facilitar mecanismos para que el personal reporte incidentes', 2),
(46, '7.1', 'Permetros de seguridad fsica', 'Proteger instalaciones con permetros fsicos controlados', 3),
(47, '7.2', 'Entradas fsicas', 'Controlar accesos a instalaciones crticas', 3),
(48, '7.3', 'Aseguramiento de oficinas cuartos e instalaciones', 'Proteger oficinas y salas y reas crticas', 3),
(49, '7.4', 'Monitoreo de la seguridad fsica', 'Monitorear accesos e incidentes fsicos', 3),
(50, '7.5', 'Proteccin contra amenazas fsicas y del entorno', 'Proteger contra incendios y inundaciones y desastres naturales', 3),
(51, '7.6', 'Trabajo en reas seguras', 'Definir y controlar reas crticas como CPD o bvedas', 3),
(52, '7.7', 'Escritorio y pantalla limpia', 'Prohibir dejar informacin sensible expuesta en escritorios', 3),
(53, '7.8', 'Proteccin y disposicin de equipos', 'Proteger equipos contra robo y daos', 3),
(54, '7.9', 'Seguridad de los activos fuera de las instalaciones', 'Proteger activos que salen de la organizacin', 3),
(55, '7.10', 'Medios de almacenamiento', 'Proteger y controlar uso de dispositivos removibles', 3),
(56, '7.11', 'Utilidades de apoyo', 'Proteger suministro elctrico y agua y aire acondicionado', 3),
(57, '7.12', 'Seguridad del cableado', 'Proteger cableado de red y energa contra daos o accesos no autorizados', 3),
(58, '7.13', 'Equipos de mantenimiento', 'Revisar que el mantenimiento preserve la seguridad', 3),
(59, '7.14', 'Eliminacin segura o reutilizacin de equipo', 'Eliminar informacin de equipos al darlos de baja', 3),
(60, '8.1', 'Dispositivos de usuario final', 'Proteger dispositivos finales como laptops y mviles y tablets', 4),
(61, '8.2', 'Derechos de acceso privilegiado', 'Restringir y controlar cuentas privilegiadas', 4),
(62, '8.3', 'Restriccin de acceso a la informacin', 'Definir controles para acceso a datos sensibles', 4),
(63, '8.4', 'Acceso a cdigo fuente', 'Proteger el acceso al cdigo fuente de aplicaciones', 4),
(64, '8.5', 'Autenticacin segura', 'Definir mecanismos de autenticacin robusta', 4),
(65, '8.6', 'Gestin de la capacidad', 'Monitorear capacidad de sistemas y planificar recursos', 4),
(66, '8.7', 'Proteccin contra malware', 'Aplicar controles para prevenir y detectar malware', 4),
(67, '8.8', 'Gestin de las vulnerabilidades tcnicas', 'Identificar y mitigar vulnerabilidades tcnicas', 4),
(68, '8.9', 'Gestin de la configuracin', 'Establecer configuraciones seguras y estandarizadas', 4),
(69, '8.10', 'Eliminacin de informacin', 'Definir procesos para borrar informacin de forma segura', 4),
(70, '8.11', 'Enmascaramiento de datos', 'Proteger informacin sensible en ambientes de prueba', 4),
(71, '8.12', 'Prevencin de fuga de datos', 'Detectar y prevenir fuga de informacin', 4),
(72, '8.13', 'Respaldo de informacin', 'Realizar copias de seguridad peridicas y seguras', 4),
(73, '8.14', 'Redundancia de las instalaciones de procesamiento de informacin', 'Definir redundancia en infraestructura crtica', 4),
(74, '8.15', 'Inicio de sesin', 'Monitorear y controlar accesos a sistemas', 4),
(75, '8.16', 'Monitoreo de actividades', 'Registrar y revisar actividades crticas en sistemas', 4),
(76, '8.17', 'Sincronizacin de relojes', 'Sincronizar relojes de sistemas crticos', 4),
(77, '8.18', 'Uso de programas de utilidad privilegiados', 'Restringir el uso de programas que pueden daar seguridad', 4),
(78, '8.19', 'Instalacin de software en sistemas operativos', 'Controlar instalacin de software en sistemas', 4),
(79, '8.20', 'Seguridad de las redes', 'Proteger redes internas y externas con controles de seguridad', 4),
(80, '8.21', 'Seguridad en los servicios de red', 'Definir y aplicar requisitos de seguridad a servicios de red', 4),
(81, '8.22', 'Segmentacin de red', 'Separar redes por niveles de criticidad', 4),
(82, '8.23', 'Filtrado web', 'Aplicar controles de acceso a Internet segn polticas', 4),
(83, '8.24', 'Uso de criptografa', 'Aplicar controles criptogrficos adecuados', 4),
(84, '8.25', 'Seguridad en el ciclo de desarrollo', 'Incorporar seguridad en todas las fases de desarrollo', 4),
(85, '8.26', 'Requerimientos de seguridad en aplicaciones', 'Definir requisitos de seguridad para desarrollo y adquisicin', 4),
(86, '8.27', 'Arquitectura segura y principios de seguridad para sistemas de informacin', 'Definir principios de seguridad en arquitectura de TI', 4),
(87, '8.28', 'Codificacin segura', 'Aplicar prcticas de desarrollo seguro', 4),
(88, '8.29', 'Pruebas de seguridad en desarrollo y aceptacin de software', 'Ejecutar pruebas de seguridad antes de liberacin', 4),
(89, '8.30', 'Desarrollo externo', 'Definir requisitos para desarrollo por terceros', 4),
(90, '8.31', 'Separacin de ambientes de desarrollo pruebas y produccin', 'Separar entornos de desarrollo y pruebas y produccin', 4),
(91, '8.32', 'Gestin de cambios', 'Controlar cambios en sistemas y aplicaciones', 4),
(92, '8.33', 'Informacin para pruebas', 'Proteger informacin usada en ambientes de prueba', 4),
(93, '8.34', 'Proteccin de los sistemas de informacin durante las pruebas de auditora', 'Proteger sistemas durante pruebas de auditora', 4);

-- --------------------------------------------------------

--
-- Table structure for table `controles_dominio`
--

CREATE TABLE `controles_dominio` (
  `id` int(11) NOT NULL,
  `codigo` varchar(10) NOT NULL,
  `nombre` varchar(255) NOT NULL
) ENGINE=InnoDB DEFAULT CHARSET=utf8mb4 COLLATE=utf8mb4_unicode_ci;

--
-- Dumping data for table `controles_dominio`
--

INSERT INTO `controles_dominio` (`id`, `codigo`, `nombre`) VALUES
(1, '5', 'Controles Organizacionales'),
(2, '6', 'Controles de Personas'),
(3, '7', 'Controles Fsicos'),
(4, '8', 'Controles Tecnolgicos');

-- --------------------------------------------------------

--
-- Table structure for table `empresas`
--

CREATE TABLE `empresas` (
  `id` int(11) NOT NULL,
  `nombre` varchar(255) NOT NULL,
  `ruc` varchar(20) DEFAULT NULL,
  `direccion` text DEFAULT NULL,
  `telefono` varchar(20) DEFAULT NULL,
  `email_contacto` varchar(100) DEFAULT NULL,
  `sector` varchar(100) DEFAULT NULL,
  `fecha_registro` timestamp NOT NULL DEFAULT current_timestamp(),
  `estado` enum('activa','inactiva','suspendida') DEFAULT 'activa'
) ENGINE=InnoDB DEFAULT CHARSET=utf8mb4 COLLATE=utf8mb4_unicode_ci;

--
-- Dumping data for table `empresas`
--

INSERT INTO `empresas` (`id`, `nombre`, `ruc`, `direccion`, `telefono`, `email_contacto`, `sector`, `fecha_registro`, `estado`) VALUES
(1, 'Entropic Networks', '0999999999001', 'Av. Principal 123, Ciudad', '+34 976 123 456', 'contacto@entropicnet.com', 'Tecnologa', '2025-10-11 22:28:07', 'activa');

--
-- Triggers `empresas`
--
DELIMITER $$
CREATE TRIGGER `trg_after_insert_empresa` AFTER INSERT ON `empresas` FOR EACH ROW BEGIN
    DECLARE v_control_id INT;
    DECLARE v_req_id INT;
    DECLARE v_done_controls INT DEFAULT FALSE;
    DECLARE v_done_reqs INT DEFAULT FALSE;
    DECLARE cur_controles CURSOR FOR SELECT id FROM controles;
    DECLARE cur_requerimientos CURSOR FOR SELECT id FROM requerimientos_base WHERE activo = TRUE;
    DECLARE CONTINUE HANDLER FOR NOT FOUND SET v_done_controls = TRUE;

    -- Crear SOA entries (93 controles)
    OPEN cur_controles;
    control_loop: LOOP
        FETCH cur_controles INTO v_control_id;
        IF v_done_controls THEN
            LEAVE control_loop;
        END IF;

        INSERT INTO soa_entries (empresa_id, control_id, aplicable, estado, justificacion)
        VALUES (NEW.id, v_control_id, TRUE, 'no_implementado', NULL);
    END LOOP;
    CLOSE cur_controles;

    -- Crear requerimientos base
    SET v_done_controls = FALSE;
    OPEN cur_requerimientos;
    req_loop: LOOP
        FETCH cur_requerimientos INTO v_req_id;
        IF v_done_controls THEN
            LEAVE req_loop;
        END IF;

        INSERT INTO empresa_requerimientos (empresa_id, requerimiento_id, estado)
        VALUES (NEW.id, v_req_id, 'pendiente');
    END LOOP;
    CLOSE cur_requerimientos;
END
$$
DELIMITER ;

-- --------------------------------------------------------

--
-- Table structure for table `empresa_requerimientos`
--

CREATE TABLE `empresa_requerimientos` (
  `id` int(11) NOT NULL,
  `empresa_id` int(11) NOT NULL,
  `requerimiento_id` int(11) NOT NULL,
  `estado` enum('pendiente','en_proceso','completado','no_aplica') DEFAULT 'pendiente',
  `evidencia_documento` varchar(255) DEFAULT NULL,
  `fecha_entrega` date DEFAULT NULL,
  `observaciones` text DEFAULT NULL
) ENGINE=InnoDB DEFAULT CHARSET=utf8mb4 COLLATE=utf8mb4_unicode_ci;

--
-- Dumping data for table `empresa_requerimientos`
--

INSERT INTO `empresa_requerimientos` (`id`, `empresa_id`, `requerimiento_id`, `estado`, `evidencia_documento`, `fecha_entrega`, `observaciones`) VALUES
(1, 1, 1, 'pendiente', NULL, NULL, NULL),
(2, 1, 2, 'pendiente', NULL, NULL, NULL),
(3, 1, 3, 'pendiente', NULL, NULL, NULL),
(4, 1, 4, 'pendiente', NULL, NULL, NULL),
(5, 1, 5, 'pendiente', NULL, NULL, NULL),
(6, 1, 6, 'pendiente', NULL, NULL, NULL),
(7, 1, 7, 'pendiente', NULL, NULL, NULL);

-- --------------------------------------------------------

--
-- Table structure for table `evidencias`
--

CREATE TABLE `evidencias` (
  `id` int(11) NOT NULL,
  `empresa_id` int(11) DEFAULT NULL,
  `control_id` int(11) DEFAULT NULL,
  `descripcion` text DEFAULT NULL,
  `tipo_evidencia_id` int(11) DEFAULT NULL,
  `estado_validacion` enum('pendiente','aprobada','rechazada') DEFAULT 'pendiente',
  `comentarios_validacion` text DEFAULT NULL,
  `validado_por` int(11) DEFAULT NULL,
  `fecha_validacion` timestamp NULL DEFAULT NULL,
  `archivo` varchar(255) DEFAULT NULL,
  `fecha_subida` timestamp NOT NULL DEFAULT current_timestamp()
) ENGINE=InnoDB DEFAULT CHARSET=utf8mb4 COLLATE=utf8mb4_unicode_ci;

-- --------------------------------------------------------

--
-- Table structure for table `gap_items`
--

CREATE TABLE `gap_items` (
  `id` int(11) NOT NULL,
  `soa_id` int(11) DEFAULT NULL,
  `brecha` text DEFAULT NULL,
  `objetivo` text DEFAULT NULL,
  `prioridad` enum('alta','media','baja') DEFAULT 'media',
  `avance` int(11) DEFAULT 0,
  `fecha_estimada_cierre` date DEFAULT NULL,
  `fecha_real_cierre` date DEFAULT NULL,
  `responsable` varchar(100) DEFAULT NULL
) ENGINE=InnoDB DEFAULT CHARSET=utf8mb4 COLLATE=utf8mb4_unicode_ci;

--
-- Dumping data for table `gap_items`
--

INSERT INTO `gap_items` (`id`, `soa_id`, `brecha`, `objetivo`, `prioridad`, `avance`, `fecha_estimada_cierre`, `fecha_real_cierre`, `responsable`) VALUES
(1, 1, 'Deben devolver los activos', 'Se implementara un formato de peticion de activos tecnologicos.', 'media', 0, '2025-10-22', NULL, ''),
(2, 1, 'No existen politicas de seguridad actuales', 'Iniciar desarrollando el analisis de controles para crear politicas de seguridad de la informacion', 'media', 0, '2025-10-31', NULL, 'Anderson Leon');

-- --------------------------------------------------------

--
-- Table structure for table `historial_estado`
--

CREATE TABLE `historial_estado` (
  `id` int(11) NOT NULL,
  `control_id` int(11) DEFAULT NULL,
  `estado_anterior` enum('implementado','parcial','no_implementado') DEFAULT NULL,
  `nuevo_estado` enum('implementado','parcial','no_implementado') DEFAULT NULL,
  `fecha` timestamp NOT NULL DEFAULT current_timestamp(),
  `usuario_id` int(11) DEFAULT NULL
) ENGINE=InnoDB DEFAULT CHARSET=utf8mb4 COLLATE=utf8mb4_unicode_ci;

-- --------------------------------------------------------

--
-- Table structure for table `requerimientos_base`
--

CREATE TABLE `requerimientos_base` (
  `id` int(11) NOT NULL,
  `numero` int(11) NOT NULL,
  `identificador` varchar(50) DEFAULT NULL,
  `descripcion` text NOT NULL,
  `objetivo` text DEFAULT NULL,
  `activo` tinyint(1) DEFAULT 1
) ENGINE=InnoDB DEFAULT CHARSET=utf8mb4 COLLATE=utf8mb4_unicode_ci;

--
-- Dumping data for table `requerimientos_base`
--

INSERT INTO `requerimientos_base` (`id`, `numero`, `identificador`, `descripcion`, `objetivo`, `activo`) VALUES
(1, 1, NULL, 'Manual de polticas de Seguridad de la Informacin', 'Documento que establece las polticas generales de seguridad de la informacin de la organizacin', 1),
(2, 2, NULL, 'Inventario de activos de informacin', 'Registro completo de todos los activos de informacin con sus responsables', 1),
(3, 3, NULL, 'Plan anual de capacitaciones actualizado y acta de aprobacin', 'Programa de formacin en seguridad de la informacin aprobado por la direccin', 1),
(4, 4, NULL, 'Estrategia documentada de concientizacin de SI', 'Plan de awareness y sensibilizacin en seguridad', 1),
(5, 5, NULL, 'Evidencia de cumplimiento de plan y estrategia', 'Registros que demuestran la ejecucin de capacitaciones y concientizacin', 1),
(6, 6, NULL, 'Manual / Metodologa de gestin de incidentes de SI', 'Procedimientos para identificar, reportar y gestionar incidentes de seguridad', 1),
(7, 7, NULL, 'Evidencia de poltica, procedimiento y reportes de monitoreo', 'Documentacin de actividades de monitoreo y controles implementados', 1);

-- --------------------------------------------------------

--
-- Table structure for table `riesgos`
--

CREATE TABLE `riesgos` (
  `id` int(11) NOT NULL,
  `empresa_id` int(11) DEFAULT NULL,
  `descripcion` text NOT NULL,
  `probabilidad` enum('alta','media','baja') DEFAULT 'media',
  `impacto` enum('alto','medio','bajo') DEFAULT 'medio',
  `nivel_calculado` varchar(10) DEFAULT NULL,
  `control_asociado` int(11) DEFAULT NULL
) ENGINE=InnoDB DEFAULT CHARSET=utf8mb4 COLLATE=utf8mb4_unicode_ci;

-- --------------------------------------------------------

--
-- Table structure for table `soa_entries`
--

CREATE TABLE `soa_entries` (
  `id` int(11) NOT NULL,
  `empresa_id` int(11) DEFAULT NULL,
  `control_id` int(11) DEFAULT NULL,
  `aplicable` tinyint(1) DEFAULT 1,
  `justificacion` text DEFAULT NULL,
  `estado` enum('implementado','parcial','no_implementado') DEFAULT 'no_implementado',
  `fecha_evaluacion` timestamp NULL DEFAULT NULL,
  `evaluador` varchar(100) DEFAULT NULL
) ENGINE=InnoDB DEFAULT CHARSET=utf8mb4 COLLATE=utf8mb4_unicode_ci;

--
-- Dumping data for table `soa_entries`
--

INSERT INTO `soa_entries` (`id`, `empresa_id`, `control_id`, `aplicable`, `justificacion`, `estado`, `fecha_evaluacion`, `evaluador`) VALUES
(1, 1, 1, 1, 'No es parte del rubro de la empresa.', 'implementado', '2025-10-12 17:12:55', 'Admin User'),
(2, 1, 2, 1, NULL, 'no_implementado', NULL, NULL),
(3, 1, 3, 1, NULL, 'no_implementado', NULL, NULL),
(4, 1, 4, 1, NULL, 'no_implementado', NULL, NULL),
(5, 1, 5, 1, NULL, 'no_implementado', NULL, NULL),
(6, 1, 6, 1, NULL, 'no_implementado', NULL, NULL),
(7, 1, 7, 1, NULL, 'no_implementado', NULL, NULL),
(8, 1, 8, 1, NULL, 'no_implementado', NULL, NULL),
(9, 1, 9, 1, NULL, 'no_implementado', NULL, NULL),
(10, 1, 10, 1, 'No es aplicable ya que no se maneja informacion y otros activos.', 'parcial', '2025-10-12 17:15:48', 'Admin User'),
(11, 1, 11, 1, NULL, 'no_implementado', NULL, NULL),
(12, 1, 12, 1, NULL, 'no_implementado', NULL, NULL),
(13, 1, 13, 1, NULL, 'no_implementado', NULL, NULL),
(14, 1, 14, 1, NULL, 'no_implementado', NULL, NULL),
(15, 1, 15, 1, NULL, 'no_implementado', NULL, NULL),
(16, 1, 16, 1, NULL, 'no_implementado', NULL, NULL),
(17, 1, 17, 1, NULL, 'no_implementado', NULL, NULL),
(18, 1, 18, 1, NULL, 'no_implementado', NULL, NULL),
(19, 1, 19, 1, NULL, 'no_implementado', NULL, NULL),
(20, 1, 20, 1, NULL, 'no_implementado', NULL, NULL),
(21, 1, 21, 1, NULL, 'no_implementado', NULL, NULL),
(22, 1, 22, 1, NULL, 'no_implementado', NULL, NULL),
(23, 1, 23, 1, NULL, 'no_implementado', NULL, NULL),
(24, 1, 24, 1, NULL, 'no_implementado', NULL, NULL),
(25, 1, 25, 1, NULL, 'no_implementado', NULL, NULL),
(26, 1, 26, 1, NULL, 'no_implementado', NULL, NULL),
(27, 1, 27, 1, NULL, 'no_implementado', NULL, NULL),
(28, 1, 28, 1, NULL, 'no_implementado', NULL, NULL),
(29, 1, 29, 1, NULL, 'no_implementado', NULL, NULL),
(30, 1, 30, 1, NULL, 'no_implementado', NULL, NULL),
(31, 1, 31, 1, NULL, 'no_implementado', NULL, NULL),
(32, 1, 32, 1, NULL, 'no_implementado', NULL, NULL),
(33, 1, 33, 1, NULL, 'no_implementado', NULL, NULL),
(34, 1, 34, 1, NULL, 'no_implementado', NULL, NULL),
(35, 1, 35, 1, NULL, 'no_implementado', NULL, NULL),
(36, 1, 36, 1, NULL, 'no_implementado', NULL, NULL),
(37, 1, 37, 1, NULL, 'no_implementado', NULL, NULL),
(38, 1, 38, 1, NULL, 'no_implementado', NULL, NULL),
(39, 1, 39, 1, NULL, 'no_implementado', NULL, NULL),
(40, 1, 40, 1, NULL, 'no_implementado', NULL, NULL),
(41, 1, 41, 1, NULL, 'no_implementado', NULL, NULL),
(42, 1, 42, 1, NULL, 'no_implementado', NULL, NULL),
(43, 1, 43, 1, NULL, 'no_implementado', NULL, NULL),
(44, 1, 44, 1, NULL, 'no_implementado', NULL, NULL),
(45, 1, 45, 1, NULL, 'no_implementado', NULL, NULL),
(46, 1, 46, 1, NULL, 'no_implementado', NULL, NULL),
(47, 1, 47, 1, NULL, 'no_implementado', NULL, NULL),
(48, 1, 48, 1, NULL, 'no_implementado', NULL, NULL),
(49, 1, 49, 1, NULL, 'no_implementado', NULL, NULL),
(50, 1, 50, 1, NULL, 'no_implementado', NULL, NULL),
(51, 1, 51, 1, NULL, 'no_implementado', NULL, NULL),
(52, 1, 52, 1, NULL, 'no_implementado', NULL, NULL),
(53, 1, 53, 1, NULL, 'no_implementado', NULL, NULL),
(54, 1, 54, 1, NULL, 'no_implementado', NULL, NULL),
(55, 1, 55, 1, NULL, 'no_implementado', NULL, NULL),
(56, 1, 56, 1, NULL, 'no_implementado', NULL, NULL),
(57, 1, 57, 1, NULL, 'no_implementado', NULL, NULL),
(58, 1, 58, 1, NULL, 'no_implementado', NULL, NULL),
(59, 1, 59, 1, NULL, 'no_implementado', NULL, NULL),
(60, 1, 60, 1, NULL, 'no_implementado', NULL, NULL),
(61, 1, 61, 1, NULL, 'no_implementado', NULL, NULL),
(62, 1, 62, 1, NULL, 'no_implementado', NULL, NULL),
(63, 1, 63, 1, NULL, 'no_implementado', NULL, NULL),
(64, 1, 64, 1, NULL, 'no_implementado', NULL, NULL),
(65, 1, 65, 1, NULL, 'no_implementado', NULL, NULL),
(66, 1, 66, 1, NULL, 'no_implementado', NULL, NULL),
(67, 1, 67, 1, NULL, 'no_implementado', NULL, NULL),
(68, 1, 68, 1, '', 'no_implementado', '2025-10-12 17:07:40', 'Admin User'),
(69, 1, 69, 1, NULL, 'no_implementado', NULL, NULL),
(70, 1, 70, 1, NULL, 'no_implementado', NULL, NULL),
(71, 1, 71, 1, NULL, 'no_implementado', NULL, NULL),
(72, 1, 72, 1, NULL, 'no_implementado', NULL, NULL),
(73, 1, 73, 1, NULL, 'no_implementado', NULL, NULL),
(74, 1, 74, 1, NULL, 'no_implementado', NULL, NULL),
(75, 1, 75, 1, NULL, 'no_implementado', NULL, NULL),
(76, 1, 76, 1, NULL, 'no_implementado', NULL, NULL),
(77, 1, 77, 1, NULL, 'no_implementado', NULL, NULL),
(78, 1, 78, 1, NULL, 'no_implementado', NULL, NULL),
(79, 1, 79, 1, NULL, 'no_implementado', NULL, NULL),
(80, 1, 80, 1, NULL, 'no_implementado', NULL, NULL),
(81, 1, 81, 1, NULL, 'no_implementado', NULL, NULL),
(82, 1, 82, 1, NULL, 'no_implementado', NULL, NULL),
(83, 1, 83, 1, NULL, 'no_implementado', NULL, NULL),
(84, 1, 84, 1, NULL, 'no_implementado', NULL, NULL),
(85, 1, 85, 1, NULL, 'no_implementado', NULL, NULL),
(86, 1, 86, 1, NULL, 'no_implementado', NULL, NULL),
(87, 1, 87, 1, NULL, 'no_implementado', NULL, NULL),
(88, 1, 88, 1, NULL, 'no_implementado', NULL, NULL),
(89, 1, 89, 1, NULL, 'no_implementado', NULL, NULL),
(90, 1, 90, 1, NULL, 'no_implementado', NULL, NULL),
(91, 1, 91, 1, NULL, 'no_implementado', NULL, NULL),
(92, 1, 92, 1, NULL, 'no_implementado', NULL, NULL),
(93, 1, 93, 1, NULL, 'no_implementado', NULL, NULL);

-- --------------------------------------------------------

--
-- Table structure for table `tipos_evidencia`
--

CREATE TABLE `tipos_evidencia` (
  `id` int(11) NOT NULL,
  `nombre` varchar(100) NOT NULL,
  `descripcion` text DEFAULT NULL,
  `activo` tinyint(1) DEFAULT 1
) ENGINE=InnoDB DEFAULT CHARSET=utf8mb4 COLLATE=utf8mb4_unicode_ci;

--
-- Dumping data for table `tipos_evidencia`
--

INSERT INTO `tipos_evidencia` (`id`, `nombre`, `descripcion`, `activo`) VALUES
(1, 'Poltica', 'Documento de poltica aprobado', 1),
(2, 'Procedimiento', 'Procedimiento operativo documentado', 1),
(3, 'Registro', 'Registro de actividades o eventos', 1),
(4, 'Certificado', 'Certificacin o acreditacin externa', 1),
(5, 'Acta', 'Acta de reunin o aprobacin', 1),
(6, 'Informe', 'Informe tcnico o de auditora', 1),
(7, 'Captura de pantalla', 'Evidencia visual de configuracin o sistema', 1),
(8, 'Manual', 'Manual de usuario o tcnico', 1),
(9, 'Contrato', 'Acuerdo o contrato con terceros', 1),
(10, 'Otro', 'Otro tipo de evidencia', 1);

-- --------------------------------------------------------

--
-- Table structure for table `usuarios`
--

CREATE TABLE `usuarios` (
  `id` int(11) NOT NULL,
  `nombre` varchar(100) NOT NULL,
  `email` varchar(100) NOT NULL,
  `contrasena_hash` varchar(255) NOT NULL,
  `rol` enum('admin','auditor','consultor') DEFAULT 'admin',
  `creado_en` timestamp NOT NULL DEFAULT current_timestamp()
) ENGINE=InnoDB DEFAULT CHARSET=utf8mb4 COLLATE=utf8mb4_unicode_ci;

-- --------------------------------------------------------

--
-- Stand-in structure for view `view_controles_dominio_empresa`
-- (See below for the actual view)
--
CREATE TABLE `view_controles_dominio_empresa` (
`empresa_id` int(11)
,`empresa` varchar(255)
,`dominio` varchar(255)
,`total_controles` bigint(21)
,`implementados` decimal(22,0)
,`parciales` decimal(22,0)
,`no_implementados` decimal(22,0)
,`porcentaje_implementado` decimal(28,2)
);

-- --------------------------------------------------------

--
-- Stand-in structure for view `view_control_estado`
-- (See below for the actual view)
--
CREATE TABLE `view_control_estado` (
`codigo` varchar(20)
,`nombre` varchar(255)
,`estado` enum('implementado','parcial','no_implementado')
,`evidencias` bigint(21)
);

-- --------------------------------------------------------

--
-- Stand-in structure for view `view_dashboard_empresa`
-- (See below for the actual view)
--
CREATE TABLE `view_dashboard_empresa` (
`empresa_id` int(11)
,`empresa_nombre` varchar(255)
,`total_controles` bigint(21)
,`implementados` decimal(22,0)
,`parciales` decimal(22,0)
,`no_implementados` decimal(22,0)
,`no_aplicables` decimal(22,0)
,`porcentaje_cumplimiento` decimal(28,2)
);

-- --------------------------------------------------------

--
-- Stand-in structure for view `view_dashboard_summary`
-- (See below for the actual view)
--
CREATE TABLE `view_dashboard_summary` (
`total_controles` bigint(21)
,`implementados` bigint(21)
,`no_implementados` bigint(21)
,`gaps_altos` bigint(21)
,`acciones_pendientes` bigint(21)
);

-- --------------------------------------------------------

--
-- Stand-in structure for view `view_evidencias_empresa`
-- (See below for the actual view)
--
CREATE TABLE `view_evidencias_empresa` (
`empresa_id` int(11)
,`empresa` varchar(255)
,`total_evidencias` bigint(21)
,`aprobadas` decimal(22,0)
,`pendientes` decimal(22,0)
,`rechazadas` decimal(22,0)
);

-- --------------------------------------------------------

--
-- Stand-in structure for view `view_gap_avance_empresa`
-- (See below for the actual view)
--
CREATE TABLE `view_gap_avance_empresa` (
`empresa_id` int(11)
,`empresa` varchar(255)
,`total_gaps` bigint(21)
,`gaps_alta` decimal(22,0)
,`gaps_media` decimal(22,0)
,`gaps_baja` decimal(22,0)
,`promedio_avance` decimal(13,2)
);

-- --------------------------------------------------------

--
-- Stand-in structure for view `view_gap_prioridad`
-- (See below for the actual view)
--
CREATE TABLE `view_gap_prioridad` (
`id` int(11)
,`control` varchar(20)
,`brecha` text
,`prioridad` enum('alta','media','baja')
,`avance` int(11)
);

-- --------------------------------------------------------

--
-- Stand-in structure for view `view_requerimientos_empresa`
-- (See below for the actual view)
--
CREATE TABLE `view_requerimientos_empresa` (
`empresa_id` int(11)
,`empresa` varchar(255)
,`total_requerimientos` bigint(21)
,`completados` decimal(22,0)
,`en_proceso` decimal(22,0)
,`pendientes` decimal(22,0)
,`porcentaje_completado` decimal(28,2)
);

-- --------------------------------------------------------

--
-- Structure for view `view_controles_dominio_empresa`
--
DROP TABLE IF EXISTS `view_controles_dominio_empresa`;

CREATE ALGORITHM=UNDEFINED DEFINER=`root`@`localhost` SQL SECURITY DEFINER VIEW `view_controles_dominio_empresa`  AS SELECT `e`.`id` AS `empresa_id`, `e`.`nombre` AS `empresa`, `cd`.`nombre` AS `dominio`, count(`c`.`id`) AS `total_controles`, sum(case when `s`.`estado` = 'implementado' then 1 else 0 end) AS `implementados`, sum(case when `s`.`estado` = 'parcial' then 1 else 0 end) AS `parciales`, sum(case when `s`.`estado` = 'no_implementado' then 1 else 0 end) AS `no_implementados`, round(sum(case when `s`.`estado` = 'implementado' then 1 else 0 end) / count(`c`.`id`) * 100,2) AS `porcentaje_implementado` FROM (((`empresas` `e` join `controles_dominio` `cd`) left join `controles` `c` on(`cd`.`id` = `c`.`dominio_id`)) left join `soa_entries` `s` on(`c`.`id` = `s`.`control_id` and `e`.`id` = `s`.`empresa_id`)) GROUP BY `e`.`id`, `cd`.`id` ;

-- --------------------------------------------------------

--
-- Structure for view `view_control_estado`
--
DROP TABLE IF EXISTS `view_control_estado`;

CREATE ALGORITHM=UNDEFINED DEFINER=`root`@`localhost` SQL SECURITY DEFINER VIEW `view_control_estado`  AS SELECT `c`.`codigo` AS `codigo`, `c`.`nombre` AS `nombre`, `s`.`estado` AS `estado`, count(`e`.`id`) AS `evidencias` FROM ((`controles` `c` left join `soa_entries` `s` on(`c`.`id` = `s`.`control_id`)) left join `evidencias` `e` on(`c`.`id` = `e`.`control_id`)) GROUP BY `c`.`id`, `s`.`estado` ;

-- --------------------------------------------------------

--
-- Structure for view `view_dashboard_empresa`
--
DROP TABLE IF EXISTS `view_dashboard_empresa`;

CREATE ALGORITHM=UNDEFINED DEFINER=`root`@`localhost` SQL SECURITY DEFINER VIEW `view_dashboard_empresa`  AS SELECT `e`.`id` AS `empresa_id`, `e`.`nombre` AS `empresa_nombre`, count(distinct `c`.`id`) AS `total_controles`, sum(case when `s`.`estado` = 'implementado' then 1 else 0 end) AS `implementados`, sum(case when `s`.`estado` = 'parcial' then 1 else 0 end) AS `parciales`, sum(case when `s`.`estado` = 'no_implementado' then 1 else 0 end) AS `no_implementados`, sum(case when `s`.`aplicable` = 0 then 1 else 0 end) AS `no_aplicables`, round(sum(case when `s`.`estado` = 'implementado' then 1 else 0 end) / count(distinct `c`.`id`) * 100,2) AS `porcentaje_cumplimiento` FROM ((`empresas` `e` left join `soa_entries` `s` on(`e`.`id` = `s`.`empresa_id`)) left join `controles` `c` on(`s`.`control_id` = `c`.`id`)) GROUP BY `e`.`id` ;

-- --------------------------------------------------------

--
-- Structure for view `view_dashboard_summary`
--
DROP TABLE IF EXISTS `view_dashboard_summary`;

CREATE ALGORITHM=UNDEFINED DEFINER=`root`@`localhost` SQL SECURITY DEFINER VIEW `view_dashboard_summary`  AS SELECT (select count(0) from `controles`) AS `total_controles`, (select count(0) from `soa_entries` where `soa_entries`.`estado` = 'implementado') AS `implementados`, (select count(0) from `soa_entries` where `soa_entries`.`estado` = 'no_implementado') AS `no_implementados`, (select count(0) from `gap_items` where `gap_items`.`prioridad` = 'alta') AS `gaps_altos`, (select count(0) from `acciones` where `acciones`.`estado` = 'pendiente') AS `acciones_pendientes` ;

-- --------------------------------------------------------

--
-- Structure for view `view_evidencias_empresa`
--
DROP TABLE IF EXISTS `view_evidencias_empresa`;

CREATE ALGORITHM=UNDEFINED DEFINER=`root`@`localhost` SQL SECURITY DEFINER VIEW `view_evidencias_empresa`  AS SELECT `e`.`id` AS `empresa_id`, `e`.`nombre` AS `empresa`, count(`ev`.`id`) AS `total_evidencias`, sum(case when `ev`.`estado_validacion` = 'aprobada' then 1 else 0 end) AS `aprobadas`, sum(case when `ev`.`estado_validacion` = 'pendiente' then 1 else 0 end) AS `pendientes`, sum(case when `ev`.`estado_validacion` = 'rechazada' then 1 else 0 end) AS `rechazadas` FROM (`empresas` `e` left join `evidencias` `ev` on(`e`.`id` = `ev`.`empresa_id`)) GROUP BY `e`.`id` ;

-- --------------------------------------------------------

--
-- Structure for view `view_gap_avance_empresa`
--
DROP TABLE IF EXISTS `view_gap_avance_empresa`;

CREATE ALGORITHM=UNDEFINED DEFINER=`root`@`localhost` SQL SECURITY DEFINER VIEW `view_gap_avance_empresa`  AS SELECT `e`.`id` AS `empresa_id`, `e`.`nombre` AS `empresa`, count(`g`.`id`) AS `total_gaps`, sum(case when `g`.`prioridad` = 'alta' then 1 else 0 end) AS `gaps_alta`, sum(case when `g`.`prioridad` = 'media' then 1 else 0 end) AS `gaps_media`, sum(case when `g`.`prioridad` = 'baja' then 1 else 0 end) AS `gaps_baja`, round(avg(`g`.`avance`),2) AS `promedio_avance` FROM ((`empresas` `e` left join `soa_entries` `s` on(`e`.`id` = `s`.`empresa_id`)) left join `gap_items` `g` on(`s`.`id` = `g`.`soa_id`)) GROUP BY `e`.`id` ;

-- --------------------------------------------------------

--
-- Structure for view `view_gap_prioridad`
--
DROP TABLE IF EXISTS `view_gap_prioridad`;

CREATE ALGORITHM=UNDEFINED DEFINER=`root`@`localhost` SQL SECURITY DEFINER VIEW `view_gap_prioridad`  AS SELECT `g`.`id` AS `id`, `c`.`codigo` AS `control`, `g`.`brecha` AS `brecha`, `g`.`prioridad` AS `prioridad`, `g`.`avance` AS `avance` FROM ((`gap_items` `g` join `soa_entries` `s` on(`g`.`soa_id` = `s`.`id`)) join `controles` `c` on(`s`.`control_id` = `c`.`id`)) ;

-- --------------------------------------------------------

--
-- Structure for view `view_requerimientos_empresa`
--
DROP TABLE IF EXISTS `view_requerimientos_empresa`;

CREATE ALGORITHM=UNDEFINED DEFINER=`root`@`localhost` SQL SECURITY DEFINER VIEW `view_requerimientos_empresa`  AS SELECT `e`.`id` AS `empresa_id`, `e`.`nombre` AS `empresa`, count(`er`.`id`) AS `total_requerimientos`, sum(case when `er`.`estado` = 'completado' then 1 else 0 end) AS `completados`, sum(case when `er`.`estado` = 'en_proceso' then 1 else 0 end) AS `en_proceso`, sum(case when `er`.`estado` = 'pendiente' then 1 else 0 end) AS `pendientes`, round(sum(case when `er`.`estado` = 'completado' then 1 else 0 end) / count(`er`.`id`) * 100,2) AS `porcentaje_completado` FROM (`empresas` `e` left join `empresa_requerimientos` `er` on(`e`.`id` = `er`.`empresa_id`)) GROUP BY `e`.`id` ;

--
-- Indexes for dumped tables
--

--
-- Indexes for table `acciones`
--
ALTER TABLE `acciones`
  ADD PRIMARY KEY (`id`),
  ADD KEY `gap_id` (`gap_id`);

--
-- Indexes for table `auditorias`
--
ALTER TABLE `auditorias`
  ADD PRIMARY KEY (`id`),
  ADD KEY `empresa_id` (`empresa_id`);

--
-- Indexes for table `comentarios_control`
--
ALTER TABLE `comentarios_control`
  ADD PRIMARY KEY (`id`),
  ADD KEY `usuario_id` (`usuario_id`),
  ADD KEY `idx_soa` (`soa_id`);

--
-- Indexes for table `controles`
--
ALTER TABLE `controles`
  ADD PRIMARY KEY (`id`),
  ADD UNIQUE KEY `codigo` (`codigo`),
  ADD KEY `dominio_id` (`dominio_id`);

--
-- Indexes for table `controles_dominio`
--
ALTER TABLE `controles_dominio`
  ADD PRIMARY KEY (`id`),
  ADD UNIQUE KEY `codigo` (`codigo`);

--
-- Indexes for table `empresas`
--
ALTER TABLE `empresas`
  ADD PRIMARY KEY (`id`),
  ADD UNIQUE KEY `ruc` (`ruc`),
  ADD KEY `idx_nombre` (`nombre`),
  ADD KEY `idx_ruc` (`ruc`);

--
-- Indexes for table `empresa_requerimientos`
--
ALTER TABLE `empresa_requerimientos`
  ADD PRIMARY KEY (`id`),
  ADD UNIQUE KEY `uk_empresa_req` (`empresa_id`,`requerimiento_id`),
  ADD KEY `requerimiento_id` (`requerimiento_id`);

--
-- Indexes for table `evidencias`
--
ALTER TABLE `evidencias`
  ADD PRIMARY KEY (`id`),
  ADD KEY `control_id` (`control_id`),
  ADD KEY `empresa_id` (`empresa_id`),
  ADD KEY `tipo_evidencia_id` (`tipo_evidencia_id`),
  ADD KEY `validado_por` (`validado_por`);

--
-- Indexes for table `gap_items`
--
ALTER TABLE `gap_items`
  ADD PRIMARY KEY (`id`),
  ADD KEY `soa_id` (`soa_id`);

--
-- Indexes for table `historial_estado`
--
ALTER TABLE `historial_estado`
  ADD PRIMARY KEY (`id`),
  ADD KEY `control_id` (`control_id`),
  ADD KEY `usuario_id` (`usuario_id`);

--
-- Indexes for table `requerimientos_base`
--
ALTER TABLE `requerimientos_base`
  ADD PRIMARY KEY (`id`),
  ADD KEY `idx_numero` (`numero`);

--
-- Indexes for table `riesgos`
--
ALTER TABLE `riesgos`
  ADD PRIMARY KEY (`id`),
  ADD KEY `control_asociado` (`control_asociado`),
  ADD KEY `empresa_id` (`empresa_id`);

--
-- Indexes for table `soa_entries`
--
ALTER TABLE `soa_entries`
  ADD PRIMARY KEY (`id`),
  ADD KEY `control_id` (`control_id`),
  ADD KEY `idx_empresa_control` (`empresa_id`,`control_id`);

--
-- Indexes for table `tipos_evidencia`
--
ALTER TABLE `tipos_evidencia`
  ADD PRIMARY KEY (`id`);

--
-- Indexes for table `usuarios`
--
ALTER TABLE `usuarios`
  ADD PRIMARY KEY (`id`),
  ADD UNIQUE KEY `email` (`email`);

--
-- AUTO_INCREMENT for dumped tables
--

--
-- AUTO_INCREMENT for table `acciones`
--
ALTER TABLE `acciones`
  MODIFY `id` int(11) NOT NULL AUTO_INCREMENT, AUTO_INCREMENT=2;

--
-- AUTO_INCREMENT for table `auditorias`
--
ALTER TABLE `auditorias`
  MODIFY `id` int(11) NOT NULL AUTO_INCREMENT;

--
-- AUTO_INCREMENT for table `comentarios_control`
--
ALTER TABLE `comentarios_control`
  MODIFY `id` int(11) NOT NULL AUTO_INCREMENT;

--
-- AUTO_INCREMENT for table `controles`
--
ALTER TABLE `controles`
  MODIFY `id` int(11) NOT NULL AUTO_INCREMENT, AUTO_INCREMENT=205;

--
-- AUTO_INCREMENT for table `controles_dominio`
--
ALTER TABLE `controles_dominio`
  MODIFY `id` int(11) NOT NULL AUTO_INCREMENT, AUTO_INCREMENT=13;

--
-- AUTO_INCREMENT for table `empresas`
--
ALTER TABLE `empresas`
  MODIFY `id` int(11) NOT NULL AUTO_INCREMENT, AUTO_INCREMENT=2;

--
-- AUTO_INCREMENT for table `empresa_requerimientos`
--
ALTER TABLE `empresa_requerimientos`
  MODIFY `id` int(11) NOT NULL AUTO_INCREMENT, AUTO_INCREMENT=8;

--
-- AUTO_INCREMENT for table `evidencias`
--
ALTER TABLE `evidencias`
  MODIFY `id` int(11) NOT NULL AUTO_INCREMENT;

--
-- AUTO_INCREMENT for table `gap_items`
--
ALTER TABLE `gap_items`
  MODIFY `id` int(11) NOT NULL AUTO_INCREMENT, AUTO_INCREMENT=3;

--
-- AUTO_INCREMENT for table `historial_estado`
--
ALTER TABLE `historial_estado`
  MODIFY `id` int(11) NOT NULL AUTO_INCREMENT;

--
-- AUTO_INCREMENT for table `requerimientos_base`
--
ALTER TABLE `requerimientos_base`
  MODIFY `id` int(11) NOT NULL AUTO_INCREMENT, AUTO_INCREMENT=8;

--
-- AUTO_INCREMENT for table `riesgos`
--
ALTER TABLE `riesgos`
  MODIFY `id` int(11) NOT NULL AUTO_INCREMENT;

--
-- AUTO_INCREMENT for table `soa_entries`
--
ALTER TABLE `soa_entries`
  MODIFY `id` int(11) NOT NULL AUTO_INCREMENT, AUTO_INCREMENT=94;

--
-- AUTO_INCREMENT for table `tipos_evidencia`
--
ALTER TABLE `tipos_evidencia`
  MODIFY `id` int(11) NOT NULL AUTO_INCREMENT, AUTO_INCREMENT=11;

--
-- AUTO_INCREMENT for table `usuarios`
--
ALTER TABLE `usuarios`
  MODIFY `id` int(11) NOT NULL AUTO_INCREMENT;

--
-- Constraints for dumped tables
--

--
-- Constraints for table `acciones`
--
ALTER TABLE `acciones`
  ADD CONSTRAINT `acciones_ibfk_1` FOREIGN KEY (`gap_id`) REFERENCES `gap_items` (`id`) ON DELETE CASCADE;

--
-- Constraints for table `auditorias`
--
ALTER TABLE `auditorias`
  ADD CONSTRAINT `auditorias_ibfk_1` FOREIGN KEY (`empresa_id`) REFERENCES `empresas` (`id`) ON DELETE CASCADE;

--
-- Constraints for table `comentarios_control`
--
ALTER TABLE `comentarios_control`
  ADD CONSTRAINT `comentarios_control_ibfk_1` FOREIGN KEY (`soa_id`) REFERENCES `soa_entries` (`id`) ON DELETE CASCADE,
  ADD CONSTRAINT `comentarios_control_ibfk_2` FOREIGN KEY (`usuario_id`) REFERENCES `usuarios` (`id`) ON DELETE SET NULL;

--
-- Constraints for table `controles`
--
ALTER TABLE `controles`
  ADD CONSTRAINT `controles_ibfk_1` FOREIGN KEY (`dominio_id`) REFERENCES `controles_dominio` (`id`) ON DELETE SET NULL;

--
-- Constraints for table `empresa_requerimientos`
--
ALTER TABLE `empresa_requerimientos`
  ADD CONSTRAINT `empresa_requerimientos_ibfk_1` FOREIGN KEY (`empresa_id`) REFERENCES `empresas` (`id`) ON DELETE CASCADE,
  ADD CONSTRAINT `empresa_requerimientos_ibfk_2` FOREIGN KEY (`requerimiento_id`) REFERENCES `requerimientos_base` (`id`) ON DELETE CASCADE;

--
-- Constraints for table `evidencias`
--
ALTER TABLE `evidencias`
  ADD CONSTRAINT `evidencias_ibfk_1` FOREIGN KEY (`control_id`) REFERENCES `controles` (`id`) ON DELETE CASCADE,
  ADD CONSTRAINT `evidencias_ibfk_2` FOREIGN KEY (`empresa_id`) REFERENCES `empresas` (`id`) ON DELETE CASCADE,
  ADD CONSTRAINT `evidencias_ibfk_3` FOREIGN KEY (`tipo_evidencia_id`) REFERENCES `tipos_evidencia` (`id`) ON DELETE SET NULL,
  ADD CONSTRAINT `evidencias_ibfk_4` FOREIGN KEY (`validado_por`) REFERENCES `usuarios` (`id`) ON DELETE SET NULL;

--
-- Constraints for table `gap_items`
--
ALTER TABLE `gap_items`
  ADD CONSTRAINT `gap_items_ibfk_1` FOREIGN KEY (`soa_id`) REFERENCES `soa_entries` (`id`) ON DELETE CASCADE;

--
-- Constraints for table `historial_estado`
--
ALTER TABLE `historial_estado`
  ADD CONSTRAINT `historial_estado_ibfk_1` FOREIGN KEY (`control_id`) REFERENCES `controles` (`id`) ON DELETE CASCADE,
  ADD CONSTRAINT `historial_estado_ibfk_2` FOREIGN KEY (`usuario_id`) REFERENCES `usuarios` (`id`) ON DELETE SET NULL;

--
-- Constraints for table `riesgos`
--
ALTER TABLE `riesgos`
  ADD CONSTRAINT `riesgos_ibfk_1` FOREIGN KEY (`control_asociado`) REFERENCES `controles` (`id`) ON DELETE SET NULL,
  ADD CONSTRAINT `riesgos_ibfk_2` FOREIGN KEY (`empresa_id`) REFERENCES `empresas` (`id`) ON DELETE CASCADE;

--
-- Constraints for table `soa_entries`
--
ALTER TABLE `soa_entries`
  ADD CONSTRAINT `soa_entries_ibfk_1` FOREIGN KEY (`control_id`) REFERENCES `controles` (`id`) ON DELETE CASCADE,
  ADD CONSTRAINT `soa_entries_ibfk_2` FOREIGN KEY (`empresa_id`) REFERENCES `empresas` (`id`) ON DELETE CASCADE;
--
-- Database: `modules_store`
--
CREATE DATABASE IF NOT EXISTS `modules_store` DEFAULT CHARACTER SET utf8mb4 COLLATE utf8mb4_general_ci;
USE `modules_store`;

-- --------------------------------------------------------

--
-- Table structure for table `audit_log`
--

CREATE TABLE `audit_log` (
  `id` bigint(20) NOT NULL,
  `table_name` varchar(50) DEFAULT NULL,
  `record_id` int(11) DEFAULT NULL,
  `action` enum('INSERT','UPDATE','DELETE','LOGIN','LOGOUT') DEFAULT NULL,
  `old_values` longtext CHARACTER SET utf8mb4 COLLATE utf8mb4_bin DEFAULT NULL CHECK (json_valid(`old_values`)),
  `new_values` longtext CHARACTER SET utf8mb4 COLLATE utf8mb4_bin DEFAULT NULL CHECK (json_valid(`new_values`)),
  `user_id` int(11) DEFAULT NULL,
  `ip_address` varchar(45) DEFAULT NULL,
  `user_agent` text DEFAULT NULL,
  `created_at` timestamp NOT NULL DEFAULT current_timestamp()
) ENGINE=InnoDB DEFAULT CHARSET=utf8mb4 COLLATE=utf8mb4_general_ci;

--
-- Dumping data for table `audit_log`
--

INSERT INTO `audit_log` (`id`, `table_name`, `record_id`, `action`, `old_values`, `new_values`, `user_id`, `ip_address`, `user_agent`, `created_at`) VALUES
(1, NULL, NULL, 'LOGIN', NULL, NULL, 2, '127.0.0.1', 'Mozilla/5.0 (X11; Linux x86_64; rv:140.0) Gecko/20100101 Firefox/140.0', '2025-07-30 09:19:35'),
(2, 'orders', 35, 'UPDATE', '{\"id\": 35, \"user_id\": null, \"stripe_id\": \"pi_3RqLslQwgcR8epNA1b1mgGcT\", \"total\": 1.95, \"status\": \"paid\", \"shipping_name\": \"Lilian Leon\", \"shipping_email\": \"itbkup24@gmail.com\"}', '{\"id\": 35, \"user_id\": null, \"stripe_id\": \"pi_3RqLslQwgcR8epNA1b1mgGcT\", \"total\": 1.95, \"status\": \"cancelled\", \"shipping_name\": \"Lilian Leon\", \"shipping_email\": \"itbkup24@gmail.com\"}', 2, NULL, NULL, '2025-07-30 09:20:10'),
(3, 'orders', 26, 'UPDATE', '{\"id\": 26, \"user_id\": null, \"stripe_id\": \"pi_3RoWN2QwgcR8epNA0XCk0VRo\", \"total\": 49.98, \"status\": \"paid\", \"shipping_name\": \"Anderson Leon\", \"shipping_email\": \"itbkup24@gmail.com\"}', '{\"id\": 26, \"user_id\": null, \"stripe_id\": \"pi_3RoWN2QwgcR8epNA0XCk0VRo\", \"total\": 49.98, \"status\": \"cancelled\", \"shipping_name\": \"Anderson Leon\", \"shipping_email\": \"itbkup24@gmail.com\"}', 2, NULL, NULL, '2025-07-30 09:20:16'),
(4, 'orders', 15, 'UPDATE', '{\"id\": 15, \"user_id\": null, \"stripe_id\": \"pi_3RoKR3QwgcR8epNA0faeWSmm\", \"total\": 9.90, \"status\": \"paid\", \"shipping_name\": \"Anderson Leon\", \"shipping_email\": \"itbkup24@gmail.com\"}', '{\"id\": 15, \"user_id\": null, \"stripe_id\": \"pi_3RoKR3QwgcR8epNA0faeWSmm\", \"total\": 9.90, \"status\": \"cancelled\", \"shipping_name\": \"Anderson Leon\", \"shipping_email\": \"itbkup24@gmail.com\"}', 2, NULL, NULL, '2025-07-30 09:20:21'),
(5, 'products', 29, 'UPDATE', '{\"id\": 29, \"category_id\": 1, \"name\": \"Altavoz Porttil con Subwoofer\", \"price\": 45.00, \"stock\": 20, \"image_url\": \"https://placehold.co/600x400\"}', '{\"id\": 29, \"category_id\": 1, \"name\": \"Altavoz Porttil con Subwoofer\", \"price\": 45.00, \"stock\": 19, \"image_url\": \"https://placehold.co/600x400\"}', 2, NULL, NULL, '2025-07-30 09:20:37'),
(6, 'users', 3, 'UPDATE', '{\"id\": 3, \"email\": \"localhost@admin.com\", \"is_admin\": 1}', '{\"id\": 3, \"email\": \"localhost@admin.com\", \"is_admin\": 1}', 2, NULL, NULL, '2025-07-30 09:21:03'),
(7, NULL, NULL, 'LOGOUT', NULL, NULL, 2, '127.0.0.1', 'Mozilla/5.0 (X11; Linux x86_64; rv:140.0) Gecko/20100101 Firefox/140.0', '2025-07-30 09:28:53'),
(8, NULL, NULL, 'LOGIN', NULL, NULL, 3, '127.0.0.1', 'Mozilla/5.0 (X11; Linux x86_64; rv:140.0) Gecko/20100101 Firefox/140.0', '2025-08-07 08:16:52'),
(9, 'orders', 36, 'INSERT', NULL, '{\"id\": 36, \"user_id\": null, \"stripe_id\": \"pi_3RtP1bQwgcR8epNA1pmUSMCB\", \"total\": 59.96, \"status\": \"paid\", \"shipping_name\": \"localhost\", \"shipping_email\": \"itbkup24@gmail.com\"}', NULL, NULL, NULL, '2025-08-07 08:19:46'),
(10, 'order_items', 33, 'INSERT', NULL, '{\"id\": 33, \"order_id\": 36, \"product_id\": 30, \"quantity\": 4, \"price_each\": 14.99}', NULL, NULL, NULL, '2025-08-07 08:19:46');

-- --------------------------------------------------------

--
-- Table structure for table `categories`
--

CREATE TABLE `categories` (
  `id` int(11) NOT NULL,
  `name` varchar(100) NOT NULL,
  `description` text DEFAULT NULL
) ENGINE=InnoDB DEFAULT CHARSET=utf8mb4 COLLATE=utf8mb4_general_ci;

--
-- Dumping data for table `categories`
--

INSERT INTO `categories` (`id`, `name`, `description`) VALUES
(1, 'Electronics', 'Gadgets & devices'),
(2, 'Books', 'Fiction & non-fiction');

--
-- Triggers `categories`
--
DELIMITER $$
CREATE TRIGGER `categories_after_delete` AFTER DELETE ON `categories` FOR EACH ROW BEGIN
    INSERT INTO audit_log (table_name, record_id, action, old_values)
    VALUES ('categories', OLD.id, 'DELETE',
        JSON_OBJECT(
            'id', OLD.id,
            'name', OLD.name,
            'description', OLD.description
        )
    );
END
$$
DELIMITER ;
DELIMITER $$
CREATE TRIGGER `categories_after_insert` AFTER INSERT ON `categories` FOR EACH ROW BEGIN
    INSERT INTO audit_log (table_name, record_id, action, new_values)
    VALUES ('categories', NEW.id, 'INSERT', 
        JSON_OBJECT(
            'id', NEW.id,
            'name', NEW.name,
            'description', NEW.description
        )
    );
END
$$
DELIMITER ;
DELIMITER $$
CREATE TRIGGER `categories_after_update` AFTER UPDATE ON `categories` FOR EACH ROW BEGIN
    INSERT INTO audit_log (table_name, record_id, action, old_values, new_values)
    VALUES ('categories', NEW.id, 'UPDATE',
        JSON_OBJECT(
            'id', OLD.id,
            'name', OLD.name,
            'description', OLD.description
        ),
        JSON_OBJECT(
            'id', NEW.id,
            'name', NEW.name,
            'description', NEW.description
        )
    );
END
$$
DELIMITER ;

-- --------------------------------------------------------

--
-- Table structure for table `orders`
--

CREATE TABLE `orders` (
  `id` int(11) NOT NULL,
  `user_id` int(11) DEFAULT NULL,
  `stripe_id` varchar(255) DEFAULT NULL,
  `total` decimal(10,2) NOT NULL CHECK (`total` >= 0),
  `status` enum('pending','paid','shipped','cancelled') DEFAULT 'pending',
  `created_at` datetime DEFAULT current_timestamp(),
  `shipping_name` varchar(120) NOT NULL,
  `shipping_email` varchar(255) NOT NULL,
  `shipping_address` text NOT NULL,
  `phone` varchar(30) DEFAULT NULL,
  `card_last4` char(4) DEFAULT NULL,
  `card_brand` varchar(20) DEFAULT NULL,
  `ip_address` varchar(45) DEFAULT NULL,
  `latitude` decimal(10,8) DEFAULT NULL,
  `longitude` decimal(11,8) DEFAULT NULL
) ENGINE=InnoDB DEFAULT CHARSET=utf8mb4 COLLATE=utf8mb4_general_ci;

--
-- Dumping data for table `orders`
--

INSERT INTO `orders` (`id`, `user_id`, `stripe_id`, `total`, `status`, `created_at`, `shipping_name`, `shipping_email`, `shipping_address`, `phone`, `card_last4`, `card_brand`, `ip_address`, `latitude`, `longitude`) VALUES
(1, NULL, 'pi_3RoCP0QwgcR8epNA0grYifNQ', 34.89, 'paid', '2025-07-23 17:49:49', '', '', '', NULL, NULL, NULL, NULL, NULL, NULL),
(2, NULL, 'pi_3RoCS3QwgcR8epNA10UgpsuB', 39.50, 'paid', '2025-07-23 17:52:35', '', '', '', NULL, NULL, NULL, NULL, NULL, NULL),
(3, NULL, 'pi_3RoD1JQwgcR8epNA1N32mm9t', 24.99, 'paid', '2025-07-23 18:29:20', 'luppo', 'luppo@lu.com', 'calle local, 127 piso 0, apart 1', '789098765', '4242', 'visa', '::1', NULL, NULL),
(4, NULL, 'pi_3RoD4gQwgcR8epNA0C72Wx6C', 9.90, 'paid', '2025-07-23 18:34:03', 'luppo', 'luppo@luxop.com', 'localhost. 12.0.0.1', '6543213678', '4242', 'visa', '::1', 40.41200000, -3.68710000),
(5, NULL, 'pi_3RoDDlQwgcR8epNA0HUHmh8n', 9.90, 'paid', '2025-07-23 18:42:03', 'luppo', 'luppo@lupito.com', 'Bosque del Recuerdo, Calle de Alfonso XII, Jernimos, Retiro, Madrid, Community of Madrid, 28014, Spain', '765432980', '4242', 'visa', '::1', 40.41200000, -3.68710000),
(6, NULL, 'pi_3RoDKDQwgcR8epNA0Miqy5PS', 108.70, 'paid', '2025-07-23 18:48:36', 'lupoolio', 'polio@poli.com', 'Bosque del Recuerdo, Calle de Alfonso XII, Jernimos, Retiro, Madrid, Community of Madrid, 28014, Spain', '63576890972', '4242', 'visa', '::1', 40.41200000, -3.68710000),
(7, NULL, 'pi_3RoJQTQwgcR8epNA0Eo5ounO', 24.99, 'paid', '2025-07-24 01:19:52', 'bandoleira', 'bandit@localhost.com', '32, Calle de Sicilia, Numancia, Vallecas, Madrid, Community of Madrid, 28038, Spain', '635456789', '4242', 'visa', '127.0.0.1', 40.40231550, -3.66550270),
(8, NULL, 'pi_3RoJnGQwgcR8epNA0n8mVgev', 64.49, 'paid', '2025-07-24 01:43:20', 'Sailor Venus ', 'sailor@vn.com', 'Bosque del Recuerdo, Calle de Alfonso XII, Jernimos, Retiro, Madrid, Community of Madrid, 28014, Spain', '345678901', '4242', 'visa', '::1', 40.41200000, -3.68710000),
(9, NULL, 'pi_3RoK6UQwgcR8epNA08swDKm3', 9.90, 'paid', '2025-07-24 02:02:56', 'Anderson Leon', 'itbkup24@gmail.com', 'Bosque del Recuerdo, Calle de Alfonso XII, Jernimos, Retiro, Madrid, Community of Madrid, 28014, Spain', '635345678', '4242', 'visa', '::1', 40.41200000, -3.68710000),
(10, NULL, 'pi_3RoK9yQwgcR8epNA1EmHzaOo', 19.80, 'paid', '2025-07-24 02:06:20', 'Anderson Leon', 'itbkup24@gmail.com', 'Bosque del Recuerdo, Calle de Alfonso XII, Jernimos, Retiro, Madrid, Community of Madrid, 28014, Spain', '6543234678', '4242', 'visa', '::1', 40.41200000, -3.68710000),
(12, NULL, 'pi_3RoKAzQwgcR8epNA1rdZFxNF', 9.90, 'paid', '2025-07-24 02:07:19', 'Anderson Leon', 'itbkup24@gmail.com', 'Bosque del Recuerdo, Calle de Alfonso XII, Jernimos, Retiro, Madrid, Community of Madrid, 28014, Spain', '6354227890886', '4242', 'visa', '::1', 40.41200000, -3.68710000),
(13, NULL, 'pi_3RoKD3QwgcR8epNA0kCMjzrT', 9.90, 'paid', '2025-07-24 02:09:23', 'Anderson Leon', 'itbkup24@gmail.com', 'Bosque del Recuerdo, Calle de Alfonso XII, Jernimos, Retiro, Madrid, Community of Madrid, 28014, Spain', '6543234678', '4242', 'visa', '::1', 40.41200000, -3.68710000),
(14, NULL, 'pi_3RoKGNQwgcR8epNA0k37yGPW', 39.50, 'paid', '2025-07-24 02:12:51', 'Anderson Leon', 'itbkup24@gmail.com', 'Bosque del Recuerdo, Calle de Alfonso XII, Jernimos, Retiro, Madrid, Community of Madrid, 28014, Spain', '6543234678', '4242', 'visa', '::1', 40.41200000, -3.68710000),
(15, NULL, 'pi_3RoKR3QwgcR8epNA0faeWSmm', 9.90, 'cancelled', '2025-07-24 02:24:00', 'Anderson Leon', 'itbkup24@gmail.com', 'Bosque del Recuerdo, Calle de Alfonso XII, Jernimos, Retiro, Madrid, Community of Madrid, 28014, Spain', '6543234678', '4242', 'visa', '::1', 40.41200000, -3.68710000),
(17, NULL, 'pi_3RoKUaQwgcR8epNA0ygIIr1N', 9.90, 'paid', '2025-07-24 02:27:53', 'bandoleira', 'itbkup24@gmail.com', 'Bosque del Recuerdo, Calle de Alfonso XII, Jernimos, Retiro, Madrid, Community of Madrid, 28014, Spain', '6543234678', '4242', 'visa', '::1', 40.41200000, -3.68710000),
(18, NULL, 'pi_3RoKefQwgcR8epNA06cFs5K0', 9.90, 'paid', '2025-07-24 02:37:58', 'Anderson Leon', 'itbkup24@gmail.com', 'Bosque del Recuerdo, Calle de Alfonso XII, Jernimos, Retiro, Madrid, Community of Madrid, 28014, Spain', '6543234678', '4242', 'visa', '::1', 40.41200000, -3.68710000),
(19, NULL, 'pi_3RoKggQwgcR8epNA1QcaxsXf', 9.90, 'paid', '2025-07-24 02:40:09', 'deCloudeSoner', 'itbkup24@gmail.com', 'Bosque del Recuerdo, Calle de Alfonso XII, Jernimos, Retiro, Madrid, Community of Madrid, 28014, Spain', '6543234678', '4242', 'visa', '::1', 40.41200000, -3.68710000),
(20, NULL, 'pi_3RoKxZQwgcR8epNA1MpOC4ar', 9.90, 'paid', '2025-07-24 02:57:31', 'Anderson Leon', 'itbkup24@gmail.com', 'Bosque del Recuerdo, Calle de Alfonso XII, Jernimos, Retiro, Madrid, Community of Madrid, 28014, Spain', '6543234678', '4242', 'visa', '::1', 40.41200000, -3.68710000),
(21, NULL, 'pi_3RoKzRQwgcR8epNA1TO0Bj7T', 9.90, 'paid', '2025-07-24 02:59:28', 'Anderson Leon cludsoner', 'itbkup24@gmail.com', 'Bosque del Recuerdo, Calle de Alfonso XII, Jernimos, Retiro, Madrid, Community of Madrid, 28014, Spain', '6543234678', '4242', 'visa', '::1', 40.41200000, -3.68710000),
(22, NULL, 'pi_3RoMXdQwgcR8epNA0JmICx7d', 9.90, 'paid', '2025-07-24 04:38:54', 'Anderson Leon', 'itbkup24@gmail.com', 'Bosque del Recuerdo, Calle de Alfonso XII, Jernimos, Retiro, Madrid, Community of Madrid, 28014, Spain', '6543234678', '4242', 'visa', '::1', 40.41200000, -3.68710000),
(23, NULL, 'pi_3RoNxEQwgcR8epNA0SlJxPTG', 79.00, 'paid', '2025-07-24 06:09:19', 'Anderson Leon', 'itbkup24@gmail.com', 'Bosque del Recuerdo, Calle de Alfonso XII, Jernimos, Retiro, Madrid, Community of Madrid, 28014, Spain', '6543234678', '4242', 'visa', '::1', 40.41200000, -3.68710000),
(26, NULL, 'pi_3RoWN2QwgcR8epNA0XCk0VRo', 49.98, 'cancelled', '2025-07-24 15:08:34', 'Anderson Leon', 'itbkup24@gmail.com', 'Bosque del Recuerdo, Calle de Alfonso XII, Jernimos, Retiro, Madrid, Community of Madrid, 28014, Spain', '6543234678', '4242', 'visa', '::1', 40.41200000, -3.68710000),
(28, NULL, 'pi_3RpHXvQwgcR8epNA1w68CrPn', 9.90, 'paid', '2025-07-26 17:31:17', 'Carlos Roman ', 'itbkup24@gmail.com', 'Biblioteca Elena Fortn, 189, Calle del Doctor Esquerdo, Adelfas, Retiro, Madrid, Community of Madrid, 28007, Spain', '645322345', '4242', 'visa', '127.0.0.1', 40.40366570, -3.67247480),
(30, NULL, 'pi_3RpUGPQwgcR8epNA1HRbGqiL', 39.50, 'paid', '2025-07-27 07:06:07', 'PErales torres', 'leon.jass@outlook.com', 'Biblioteca Elena Fortn, 189, Calle del Doctor Esquerdo, Adelfas, Retiro, Madrid, Community of Madrid, 28007, Spain', '64523456789', '4242', 'visa', '127.0.0.1', 40.40366570, -3.67247480),
(31, NULL, 'pi_3RqL7ZQwgcR8epNA01uZ0zAp', 22.00, 'paid', '2025-07-29 15:32:49', 'Santos Romeo', 'itbkup24@gmail.com', 'Biblioteca Elena Fortn, 189, Calle del Doctor Esquerdo, Adelfas, Retiro, Madrid, Community of Madrid, 28007, Spain', '645322345', '4242', 'visa', '127.0.0.1', 40.40366570, -3.67247480),
(32, NULL, 'pi_3RqLGEQwgcR8epNA199h7wrA', 22.00, 'paid', '2025-07-29 15:41:12', 'Lilian Maldonado', 'itbkup24@gmail.com', 'Biblioteca Elena Fortn, 189, Calle del Doctor Esquerdo, Adelfas, Retiro, Madrid, Community of Madrid, 28007, Spain', '645322345', '4242', 'visa', '127.0.0.1', 40.40366570, -3.67247480),
(33, NULL, 'pi_3RqLKkQwgcR8epNA1SoMmguL', 9.90, 'paid', '2025-07-29 15:45:48', 'Lilian Maldonado', 'itbkup24@gmail.com', 'Biblioteca Elena Fortn, 189, Calle del Doctor Esquerdo, Adelfas, Retiro, Madrid, Community of Madrid, 28007, Spain', '674523456789', '4242', 'visa', '127.0.0.1', 40.40366570, -3.67247480),
(34, NULL, 'pi_3RqLkuQwgcR8epNA1RJOgAWL', 9.90, 'paid', '2025-07-29 16:12:54', 'Lilian Pastrana', 'itbkup24@gmail.com', 'Biblioteca Elena Fortn, 189, Calle del Doctor Esquerdo, Adelfas, Retiro, Madrid, Community of Madrid, 28007, Spain', '674523456789', '4242', 'visa', '127.0.0.1', 40.40366570, -3.67247480),
(35, NULL, 'pi_3RqLslQwgcR8epNA1b1mgGcT', 1.95, 'cancelled', '2025-07-29 16:21:45', 'Lilian Leon', 'itbkup24@gmail.com', 'Biblioteca Elena Fortn, 189, Calle del Doctor Esquerdo, Adelfas, Retiro, Madrid, Community of Madrid, 28007, Spain', '674523456789', '4242', 'visa', '127.0.0.1', 40.40366570, -3.67247480),
(36, NULL, 'pi_3RtP1bQwgcR8epNA1pmUSMCB', 59.96, 'paid', '2025-08-07 02:19:46', 'localhost', 'itbkup24@gmail.com', 'Avenida de la Ciudad de Barcelona, Pacfico, Retiro, Madrid, Community of Madrid, 28007, Spain', '645322345', '4242', 'visa', '127.0.0.1', 40.40622080, -3.68640000);

--
-- Triggers `orders`
--
DELIMITER $$
CREATE TRIGGER `create_shipment_on_paid_order` AFTER INSERT ON `orders` FOR EACH ROW BEGIN
    IF NEW.status = 'paid' THEN
        INSERT INTO shipments (order_id, status, created_at, updated_at)
        VALUES (NEW.id, 'pending', NOW(), NOW());
    END IF;
END
$$
DELIMITER ;
DELIMITER $$
CREATE TRIGGER `orders_after_delete` AFTER DELETE ON `orders` FOR EACH ROW BEGIN
    INSERT INTO audit_log (table_name, record_id, action, old_values)
    VALUES ('orders', OLD.id, 'DELETE',
        JSON_OBJECT(
            'id', OLD.id,
            'user_id', OLD.user_id,
            'stripe_id', OLD.stripe_id,
            'total', OLD.total,
            'status', OLD.status,
            'shipping_name', OLD.shipping_name,
            'shipping_email', OLD.shipping_email
        )
    );
END
$$
DELIMITER ;
DELIMITER $$
CREATE TRIGGER `orders_after_insert` AFTER INSERT ON `orders` FOR EACH ROW BEGIN
    INSERT INTO audit_log (table_name, record_id, action, new_values)
    VALUES ('orders', NEW.id, 'INSERT', 
        JSON_OBJECT(
            'id', NEW.id,
            'user_id', NEW.user_id,
            'stripe_id', NEW.stripe_id,
            'total', NEW.total,
            'status', NEW.status,
            'shipping_name', NEW.shipping_name,
            'shipping_email', NEW.shipping_email
        )
    );
END
$$
DELIMITER ;
DELIMITER $$
CREATE TRIGGER `orders_after_update` AFTER UPDATE ON `orders` FOR EACH ROW BEGIN
    INSERT INTO audit_log (table_name, record_id, action, old_values, new_values)
    VALUES ('orders', NEW.id, 'UPDATE',
        JSON_OBJECT(
            'id', OLD.id,
            'user_id', OLD.user_id,
            'stripe_id', OLD.stripe_id,
            'total', OLD.total,
            'status', OLD.status,
            'shipping_name', OLD.shipping_name,
            'shipping_email', OLD.shipping_email
        ),
        JSON_OBJECT(
            'id', NEW.id,
            'user_id', NEW.user_id,
            'stripe_id', NEW.stripe_id,
            'total', NEW.total,
            'status', NEW.status,
            'shipping_name', NEW.shipping_name,
            'shipping_email', NEW.shipping_email
        )
    );
END
$$
DELIMITER ;
DELIMITER $$
CREATE TRIGGER `update_shipment_on_order_change` AFTER UPDATE ON `orders` FOR EACH ROW BEGIN
    IF NEW.status = 'paid' AND OLD.status != 'paid' THEN
        INSERT IGNORE INTO shipments (order_id, status, created_at, updated_at)
        VALUES (NEW.id, 'pending', NOW(), NOW());
    END IF;
END
$$
DELIMITER ;

-- --------------------------------------------------------

--
-- Table structure for table `order_items`
--

CREATE TABLE `order_items` (
  `id` int(11) NOT NULL,
  `order_id` int(11) NOT NULL,
  `product_id` int(11) NOT NULL,
  `quantity` int(11) NOT NULL CHECK (`quantity` > 0),
  `price_each` decimal(10,2) NOT NULL
) ENGINE=InnoDB DEFAULT CHARSET=utf8mb4 COLLATE=utf8mb4_general_ci;

--
-- Dumping data for table `order_items`
--

INSERT INTO `order_items` (`id`, `order_id`, `product_id`, `quantity`, `price_each`) VALUES
(1, 1, 1, 1, 24.99),
(2, 1, 2, 1, 9.90),
(3, 2, 3, 1, 39.50),
(4, 3, 1, 1, 24.99),
(5, 4, 2, 1, 9.90),
(6, 5, 2, 1, 9.90),
(7, 6, 3, 2, 39.50),
(8, 6, 2, 3, 9.90),
(9, 7, 1, 1, 24.99),
(10, 8, 3, 1, 39.50),
(11, 8, 1, 1, 24.99),
(12, 9, 2, 1, 9.90),
(13, 10, 2, 2, 9.90),
(14, 12, 2, 1, 9.90),
(15, 13, 2, 1, 9.90),
(16, 14, 3, 1, 39.50),
(17, 15, 2, 1, 9.90),
(18, 17, 2, 1, 9.90),
(19, 18, 2, 1, 9.90),
(20, 19, 2, 1, 9.90),
(21, 20, 2, 1, 9.90),
(22, 21, 2, 1, 9.90),
(23, 22, 2, 1, 9.90),
(24, 23, 3, 2, 39.50),
(25, 26, 1, 2, 24.99),
(26, 28, 2, 1, 9.90),
(27, 30, 3, 1, 39.50),
(28, 31, 28, 1, 22.00),
(29, 32, 28, 1, 22.00),
(30, 33, 2, 1, 9.90),
(31, 34, 2, 1, 9.90),
(32, 35, 4, 1, 1.95),
(33, 36, 30, 4, 14.99);

--
-- Triggers `order_items`
--
DELIMITER $$
CREATE TRIGGER `order_items_after_delete` AFTER DELETE ON `order_items` FOR EACH ROW BEGIN
    INSERT INTO audit_log (table_name, record_id, action, old_values)
    VALUES ('order_items', OLD.id, 'DELETE',
        JSON_OBJECT(
            'id', OLD.id,
            'order_id', OLD.order_id,
            'product_id', OLD.product_id,
            'quantity', OLD.quantity,
            'price_each', OLD.price_each
        )
    );
END
$$
DELIMITER ;
DELIMITER $$
CREATE TRIGGER `order_items_after_insert` AFTER INSERT ON `order_items` FOR EACH ROW BEGIN
    INSERT INTO audit_log (table_name, record_id, action, new_values)
    VALUES ('order_items', NEW.id, 'INSERT', 
        JSON_OBJECT(
            'id', NEW.id,
            'order_id', NEW.order_id,
            'product_id', NEW.product_id,
            'quantity', NEW.quantity,
            'price_each', NEW.price_each
        )
    );
END
$$
DELIMITER ;
DELIMITER $$
CREATE TRIGGER `order_items_after_update` AFTER UPDATE ON `order_items` FOR EACH ROW BEGIN
    INSERT INTO audit_log (table_name, record_id, action, old_values, new_values)
    VALUES ('order_items', NEW.id, 'UPDATE',
        JSON_OBJECT(
            'id', OLD.id,
            'order_id', OLD.order_id,
            'product_id', OLD.product_id,
            'quantity', OLD.quantity,
            'price_each', OLD.price_each
        ),
        JSON_OBJECT(
            'id', NEW.id,
            'order_id', NEW.order_id,
            'product_id', NEW.product_id,
            'quantity', NEW.quantity,
            'price_each', NEW.price_each
        )
    );
END
$$
DELIMITER ;

-- --------------------------------------------------------

--
-- Table structure for table `products`
--

CREATE TABLE `products` (
  `id` int(11) NOT NULL,
  `category_id` int(11) NOT NULL,
  `name` varchar(150) NOT NULL,
  `price` decimal(10,2) NOT NULL CHECK (`price` >= 0),
  `stock` int(11) NOT NULL CHECK (`stock` >= 0),
  `image_url` varchar(255) DEFAULT NULL,
  `created_at` datetime DEFAULT current_timestamp(),
  `updated_at` datetime DEFAULT current_timestamp() ON UPDATE current_timestamp()
) ENGINE=InnoDB DEFAULT CHARSET=utf8mb4 COLLATE=utf8mb4_general_ci;

--
-- Dumping data for table `products`
--

INSERT INTO `products` (`id`, `category_id`, `name`, `price`, `stock`, `image_url`, `created_at`, `updated_at`) VALUES
(1, 1, 'Wireless Mouse', 24.99, 50, 'https://placehold.co/600x400', '2025-07-23 17:19:46', '2025-07-29 17:57:00'),
(2, 1, 'USB-C Cable', 9.90, 120, 'https://placehold.co/600x400', '2025-07-23 17:19:46', '2025-07-23 17:20:20'),
(3, 2, 'Clean Code', 39.50, 30, 'https://placehold.co/600x400', '2025-07-23 17:19:46', '2025-07-23 17:20:26'),
(4, 1, 'Iphone 98', 1.95, 100, 'https://placehold.co/600x400', '2025-07-26 17:36:00', '2025-07-26 17:36:00'),
(25, 1, 'Auriculares Bluetooth Noise Cancelling', 59.99, 25, 'https://placehold.co/600x400', '2025-07-29 04:01:38', '2025-07-29 04:03:04'),
(26, 1, 'Smartwatch Fitness Pro', 99.90, 15, 'https://placehold.co/600x400', '2025-07-29 04:01:38', '2025-07-29 04:03:04'),
(27, 1, 'Power Bank Carga Rpida 20000mAh', 39.90, 12, 'https://placehold.co/600x400', '2025-07-29 04:01:38', '2025-07-29 04:03:04'),
(28, 1, 'Cargador Inalmbrico Magntico', 22.00, 18, 'https://placehold.co/600x400', '2025-07-29 04:01:38', '2025-07-29 04:03:04'),
(29, 1, 'Altavoz Porttil con Subwoofer', 45.00, 19, 'https://placehold.co/600x400', '2025-07-29 04:01:38', '2025-07-30 03:20:37'),
(30, 2, 'Libro: Hackea Tu Cerebro', 14.99, 40, 'https://placehold.co/600x400', '2025-07-29 04:01:38', '2025-07-29 04:03:04'),
(31, 2, 'Gua de Fotografa Digital', 24.95, 30, 'https://placehold.co/600x400', '2025-07-29 04:01:38', '2025-07-29 04:03:04'),
(33, 2, 'Novela Grfica Sombra de Acero', 29.99, 22, 'https://placehold.co/600x400', '2025-07-29 04:01:38', '2025-07-29 04:03:04'),
(34, 2, 'Curso de Escritura Creativa (Libro)', 19.80, 35, 'https://placehold.co/600x400', '2025-07-29 04:01:38', '2025-07-29 04:03:04');

--
-- Triggers `products`
--
DELIMITER $$
CREATE TRIGGER `products_after_delete` AFTER DELETE ON `products` FOR EACH ROW BEGIN
    INSERT INTO audit_log (table_name, record_id, action, old_values)
    VALUES ('products', OLD.id, 'DELETE',
        JSON_OBJECT(
            'id', OLD.id,
            'category_id', OLD.category_id,
            'name', OLD.name,
            'price', OLD.price,
            'stock', OLD.stock,
            'image_url', OLD.image_url
        )
    );
END
$$
DELIMITER ;
DELIMITER $$
CREATE TRIGGER `products_after_insert` AFTER INSERT ON `products` FOR EACH ROW BEGIN
    INSERT INTO audit_log (table_name, record_id, action, new_values)
    VALUES ('products', NEW.id, 'INSERT', 
        JSON_OBJECT(
            'id', NEW.id,
            'category_id', NEW.category_id,
            'name', NEW.name,
            'price', NEW.price,
            'stock', NEW.stock,
            'image_url', NEW.image_url
        )
    );
END
$$
DELIMITER ;
DELIMITER $$
CREATE TRIGGER `products_after_update` AFTER UPDATE ON `products` FOR EACH ROW BEGIN
    INSERT INTO audit_log (table_name, record_id, action, old_values, new_values)
    VALUES ('products', NEW.id, 'UPDATE',
        JSON_OBJECT(
            'id', OLD.id,
            'category_id', OLD.category_id,
            'name', OLD.name,
            'price', OLD.price,
            'stock', OLD.stock,
            'image_url', OLD.image_url
        ),
        JSON_OBJECT(
            'id', NEW.id,
            'category_id', NEW.category_id,
            'name', NEW.name,
            'price', NEW.price,
            'stock', NEW.stock,
            'image_url', NEW.image_url
        )
    );
END
$$
DELIMITER ;

-- --------------------------------------------------------

--
-- Table structure for table `shipments`
--

CREATE TABLE `shipments` (
  `id` int(11) NOT NULL,
  `order_id` int(11) NOT NULL,
  `status` enum('pending','shipped','cancelled','returned') DEFAULT 'pending',
  `tracking_number` varchar(100) DEFAULT NULL,
  `shipped_at` datetime DEFAULT NULL,
  `notes` text DEFAULT NULL,
  `created_at` datetime DEFAULT current_timestamp(),
  `updated_at` datetime DEFAULT current_timestamp() ON UPDATE current_timestamp()
) ENGINE=InnoDB DEFAULT CHARSET=utf8mb4 COLLATE=utf8mb4_general_ci;

--
-- Dumping data for table `shipments`
--

INSERT INTO `shipments` (`id`, `order_id`, `status`, `tracking_number`, `shipped_at`, `notes`, `created_at`, `updated_at`) VALUES
(1, 1, 'shipped', '', '2025-07-27 13:56:16', NULL, '2025-07-23 17:49:49', '2025-07-27 05:56:16'),
(2, 2, 'shipped', NULL, NULL, NULL, '2025-07-23 17:52:35', '2025-07-27 06:01:27'),
(3, 3, 'shipped', NULL, NULL, NULL, '2025-07-23 18:29:20', '2025-07-27 06:01:27'),
(4, 4, 'shipped', '', '2025-07-27 13:56:19', NULL, '2025-07-23 18:34:03', '2025-07-27 05:56:19'),
(5, 5, 'shipped', NULL, NULL, NULL, '2025-07-23 18:42:03', '2025-07-27 06:01:27'),
(6, 6, 'shipped', NULL, NULL, NULL, '2025-07-23 18:48:36', '2025-07-27 06:01:27'),
(7, 7, 'shipped', '', '2025-07-27 13:56:26', NULL, '2025-07-24 01:19:52', '2025-07-27 05:56:26'),
(8, 8, 'shipped', NULL, NULL, NULL, '2025-07-24 01:43:20', '2025-07-27 06:01:27'),
(9, 9, 'shipped', '', '2025-07-27 13:56:22', NULL, '2025-07-24 02:02:56', '2025-07-27 05:56:22'),
(10, 10, 'shipped', NULL, NULL, NULL, '2025-07-24 02:06:20', '2025-07-27 06:01:27'),
(11, 12, 'shipped', '', '2025-07-27 13:56:24', NULL, '2025-07-24 02:07:19', '2025-07-27 05:56:24'),
(12, 13, 'returned', '', NULL, '', '2025-07-24 02:09:23', '2025-07-27 06:05:17'),
(13, 14, 'cancelled', '', NULL, '', '2025-07-24 02:12:51', '2025-07-27 06:06:26'),
(14, 15, 'shipped', 'TRK202507270015952', '2025-07-27 14:07:16', '', '2025-07-24 02:24:00', '2025-07-27 06:07:16'),
(15, 17, 'shipped', 'TRK202507290017855', '2025-07-29 11:07:16', '', '2025-07-24 02:27:53', '2025-07-29 03:07:16'),
(16, 18, 'shipped', 'TRK202507270018669', '2025-07-27 14:07:18', '', '2025-07-24 02:37:58', '2025-07-27 06:07:18'),
(17, 19, 'shipped', 'TRK202507290019167', '2025-07-29 11:11:00', '', '2025-07-24 02:40:09', '2025-07-29 03:11:00'),
(18, 20, 'shipped', 'TRK202507270020598', '2025-07-27 14:07:19', '', '2025-07-24 02:57:31', '2025-07-27 06:07:19'),
(19, 21, 'shipped', 'TRK202507300021650', '2025-07-30 00:23:56', '', '2025-07-24 02:59:28', '2025-07-29 16:23:56'),
(20, 22, 'shipped', 'TRK202507270022708', '2025-07-27 14:07:19', '', '2025-07-24 04:38:54', '2025-07-27 06:07:19'),
(21, 23, 'cancelled', '', NULL, '', '2025-07-24 06:09:19', '2025-07-27 06:06:22'),
(22, 26, 'shipped', 'TRK202507270026916', '2025-07-27 14:07:21', '', '2025-07-24 15:08:34', '2025-07-27 06:07:21'),
(23, 28, 'shipped', 'TRK202507270028107', '2025-07-27 14:07:21', '', '2025-07-26 17:31:17', '2025-07-27 06:07:21'),
(33, 30, 'returned', '', NULL, '', '2025-07-27 07:06:07', '2025-07-29 16:23:53'),
(34, 31, 'cancelled', '', NULL, '', '2025-07-29 15:32:49', '2025-07-29 16:23:52'),
(35, 32, 'shipped', 'TRK202507300032747', '2025-07-30 00:23:50', '', '2025-07-29 15:41:12', '2025-07-29 16:23:50'),
(36, 33, 'shipped', 'TRK202507300033464', '2025-07-30 00:23:48', '', '2025-07-29 15:45:48', '2025-07-29 16:23:48'),
(40, 34, 'cancelled', '', NULL, '', '2025-07-29 16:12:54', '2025-07-29 16:23:49'),
(41, 35, 'returned', '', NULL, '', '2025-07-29 16:21:45', '2025-07-29 16:23:46'),
(43, 36, 'pending', NULL, NULL, NULL, '2025-08-07 02:19:46', '2025-08-07 02:19:46');

-- --------------------------------------------------------

--
-- Table structure for table `users`
--

CREATE TABLE `users` (
  `id` int(11) NOT NULL,
  `email` varchar(255) NOT NULL,
  `is_admin` tinyint(1) DEFAULT 0,
  `created_at` datetime DEFAULT current_timestamp(),
  `password_hash` char(255) NOT NULL
) ENGINE=InnoDB DEFAULT CHARSET=utf8mb4 COLLATE=utf8mb4_general_ci;

--
-- Dumping data for table `users`
--

INSERT INTO `users` (`id`, `email`, `is_admin`, `created_at`, `password_hash`) VALUES
(2, 'admin24@store.com', 1, '2025-07-24 05:30:39', '$2y$10$.FnXRvhUDrl.7Z./SzWNveL4tQUsxio.IGoVXIzsK0RyDkT7Tp/QC'),
(3, 'localhost@admin.com', 1, '2025-07-26 17:35:03', '$2y$10$5Qkwpm59g7/kaKoRXxaCL.2d.ZXE4iI2i/HSwWYr.zF6fFBOAQRgS');

--
-- Triggers `users`
--
DELIMITER $$
CREATE TRIGGER `users_after_delete` AFTER DELETE ON `users` FOR EACH ROW BEGIN
    INSERT INTO audit_log (table_name, record_id, action, old_values)
    VALUES ('users', OLD.id, 'DELETE',
        JSON_OBJECT(
            'id', OLD.id,
            'email', OLD.email,
            'is_admin', OLD.is_admin
        )
    );
END
$$
DELIMITER ;
DELIMITER $$
CREATE TRIGGER `users_after_insert` AFTER INSERT ON `users` FOR EACH ROW BEGIN
    INSERT INTO audit_log (table_name, record_id, action, new_values)
    VALUES ('users', NEW.id, 'INSERT', 
        JSON_OBJECT(
            'id', NEW.id,
            'email', NEW.email,
            'is_admin', NEW.is_admin
            -- Intencionalmente no guardamos password_hash por seguridad
        )
    );
END
$$
DELIMITER ;
DELIMITER $$
CREATE TRIGGER `users_after_update` AFTER UPDATE ON `users` FOR EACH ROW BEGIN
    INSERT INTO audit_log (table_name, record_id, action, old_values, new_values)
    VALUES ('users', NEW.id, 'UPDATE',
        JSON_OBJECT(
            'id', OLD.id,
            'email', OLD.email,
            'is_admin', OLD.is_admin
        ),
        JSON_OBJECT(
            'id', NEW.id,
            'email', NEW.email,
            'is_admin', NEW.is_admin
        )
    );
END
$$
DELIMITER ;

-- --------------------------------------------------------

--
-- Stand-in structure for view `v_admin_orders`
-- (See below for the actual view)
--
CREATE TABLE `v_admin_orders` (
`id` int(11)
,`user_id` int(11)
,`stripe_id` varchar(255)
,`total` decimal(10,2)
,`status` enum('pending','paid','shipped','cancelled')
,`created_at` datetime
,`shipping_name` varchar(120)
,`shipping_email` varchar(255)
,`shipping_address` text
,`phone` varchar(30)
,`card_last4` char(4)
,`card_brand` varchar(20)
,`item_count` bigint(21)
);

-- --------------------------------------------------------

--
-- Stand-in structure for view `v_admin_products`
-- (See below for the actual view)
--
CREATE TABLE `v_admin_products` (
`id` int(11)
,`name` varchar(150)
,`price` decimal(10,2)
,`stock` int(11)
,`image_url` varchar(255)
,`created_at` datetime
,`updated_at` datetime
,`category_id` int(11)
,`category` varchar(100)
);

-- --------------------------------------------------------

--
-- Stand-in structure for view `v_admin_users`
-- (See below for the actual view)
--
CREATE TABLE `v_admin_users` (
`id` int(11)
,`email` varchar(255)
,`password_hash` char(255)
,`is_admin` tinyint(1)
,`created_at` datetime
);

-- --------------------------------------------------------

--
-- Stand-in structure for view `v_categories`
-- (See below for the actual view)
--
CREATE TABLE `v_categories` (
`id` int(11)
,`name` varchar(100)
,`description` text
);

-- --------------------------------------------------------

--
-- Stand-in structure for view `v_orders`
-- (See below for the actual view)
--
CREATE TABLE `v_orders` (
`id` int(11)
,`user_id` int(11)
,`stripe_id` varchar(255)
,`total` decimal(10,2)
,`status` enum('pending','paid','shipped','cancelled')
,`created_at` datetime
,`items` mediumtext
);

-- --------------------------------------------------------

--
-- Stand-in structure for view `v_products`
-- (See below for the actual view)
--
CREATE TABLE `v_products` (
`id` int(11)
,`name` varchar(150)
,`price` decimal(10,2)
,`stock` int(11)
,`image_url` varchar(255)
,`category` varchar(100)
);

-- --------------------------------------------------------

--
-- Stand-in structure for view `v_reports_detailed`
-- (See below for the actual view)
--
CREATE TABLE `v_reports_detailed` (
`order_id` int(11)
,`stripe_id` varchar(255)
,`customer_name` varchar(120)
,`customer_email` varchar(255)
,`shipping_address` text
,`phone` varchar(30)
,`order_total` decimal(10,2)
,`order_status` enum('pending','paid','shipped','cancelled')
,`order_date` datetime
,`card_last4` char(4)
,`card_brand` varchar(20)
,`ip_address` varchar(45)
,`latitude` decimal(10,8)
,`longitude` decimal(11,8)
,`product_name` varchar(150)
,`category_name` varchar(100)
,`quantity` int(11)
,`price_each` decimal(10,2)
,`item_subtotal` decimal(20,2)
,`shipment_status` enum('pending','shipped','cancelled','returned')
,`tracking_number` varchar(100)
,`shipped_at` datetime
,`shipment_notes` text
);

-- --------------------------------------------------------

--
-- Stand-in structure for view `v_reports_sales`
-- (See below for the actual view)
--
CREATE TABLE `v_reports_sales` (
`order_id` int(11)
,`stripe_id` varchar(255)
,`customer_name` varchar(120)
,`customer_email` varchar(255)
,`order_total` decimal(10,2)
,`order_status` enum('pending','paid','shipped','cancelled')
,`order_date` datetime
,`card_last4` char(4)
,`card_brand` varchar(20)
,`total_items` bigint(21)
,`products` mediumtext
);

-- --------------------------------------------------------

--
-- Stand-in structure for view `v_reports_shipments`
-- (See below for the actual view)
--
CREATE TABLE `v_reports_shipments` (
`shipment_id` int(11)
,`order_id` int(11)
,`customer_name` varchar(120)
,`customer_email` varchar(255)
,`shipping_address` text
,`phone` varchar(30)
,`order_total` decimal(10,2)
,`shipment_status` enum('pending','shipped','cancelled','returned')
,`tracking_number` varchar(100)
,`shipped_at` datetime
,`notes` text
,`order_date` datetime
,`shipment_created` datetime
,`shipment_updated` datetime
,`total_items` bigint(21)
);

-- --------------------------------------------------------

--
-- Stand-in structure for view `v_shipments`
-- (See below for the actual view)
--
CREATE TABLE `v_shipments` (
`id` int(11)
,`order_id` int(11)
,`shipment_status` enum('pending','shipped','cancelled','returned')
,`tracking_number` varchar(100)
,`shipped_at` datetime
,`notes` text
,`shipping_name` varchar(120)
,`shipping_email` varchar(255)
,`shipping_address` text
,`total` decimal(10,2)
,`order_date` datetime
,`item_count` bigint(21)
);

-- --------------------------------------------------------

--
-- Stand-in structure for view `v_users`
-- (See below for the actual view)
--
CREATE TABLE `v_users` (
`id` int(11)
,`email` varchar(255)
,`is_admin` tinyint(1)
,`created_at` datetime
);

-- --------------------------------------------------------

--
-- Structure for view `v_admin_orders`
--
DROP TABLE IF EXISTS `v_admin_orders`;

CREATE ALGORITHM=UNDEFINED DEFINER=`root`@`localhost` SQL SECURITY DEFINER VIEW `v_admin_orders`  AS SELECT `o`.`id` AS `id`, `o`.`user_id` AS `user_id`, `o`.`stripe_id` AS `stripe_id`, `o`.`total` AS `total`, `o`.`status` AS `status`, `o`.`created_at` AS `created_at`, `o`.`shipping_name` AS `shipping_name`, `o`.`shipping_email` AS `shipping_email`, `o`.`shipping_address` AS `shipping_address`, `o`.`phone` AS `phone`, `o`.`card_last4` AS `card_last4`, `o`.`card_brand` AS `card_brand`, count(`oi`.`id`) AS `item_count` FROM (`orders` `o` left join `order_items` `oi` on(`oi`.`order_id` = `o`.`id`)) GROUP BY `o`.`id` ORDER BY `o`.`created_at` DESC ;

-- --------------------------------------------------------

--
-- Structure for view `v_admin_products`
--
DROP TABLE IF EXISTS `v_admin_products`;

CREATE ALGORITHM=UNDEFINED DEFINER=`root`@`localhost` SQL SECURITY DEFINER VIEW `v_admin_products`  AS SELECT `p`.`id` AS `id`, `p`.`name` AS `name`, `p`.`price` AS `price`, `p`.`stock` AS `stock`, `p`.`image_url` AS `image_url`, `p`.`created_at` AS `created_at`, `p`.`updated_at` AS `updated_at`, `c`.`id` AS `category_id`, `c`.`name` AS `category` FROM (`products` `p` join `categories` `c` on(`p`.`category_id` = `c`.`id`)) ;

-- --------------------------------------------------------

--
-- Structure for view `v_admin_users`
--
DROP TABLE IF EXISTS `v_admin_users`;

CREATE ALGORITHM=UNDEFINED DEFINER=`root`@`localhost` SQL SECURITY DEFINER VIEW `v_admin_users`  AS SELECT `users`.`id` AS `id`, `users`.`email` AS `email`, `users`.`password_hash` AS `password_hash`, `users`.`is_admin` AS `is_admin`, `users`.`created_at` AS `created_at` FROM `users` ORDER BY `users`.`created_at` DESC ;

-- --------------------------------------------------------

--
-- Structure for view `v_categories`
--
DROP TABLE IF EXISTS `v_categories`;

CREATE ALGORITHM=UNDEFINED DEFINER=`root`@`localhost` SQL SECURITY DEFINER VIEW `v_categories`  AS SELECT `categories`.`id` AS `id`, `categories`.`name` AS `name`, `categories`.`description` AS `description` FROM `categories` ORDER BY `categories`.`name` ASC ;

-- --------------------------------------------------------

--
-- Structure for view `v_orders`
--
DROP TABLE IF EXISTS `v_orders`;

CREATE ALGORITHM=UNDEFINED DEFINER=`root`@`localhost` SQL SECURITY DEFINER VIEW `v_orders`  AS SELECT `o`.`id` AS `id`, `o`.`user_id` AS `user_id`, `o`.`stripe_id` AS `stripe_id`, `o`.`total` AS `total`, `o`.`status` AS `status`, `o`.`created_at` AS `created_at`, concat('[',group_concat(concat('{"product_id":',`oi`.`product_id`,',"product_name":"',replace(`p`.`name`,'"','\\"'),'","quantity":',`oi`.`quantity`,',"price_each":',`oi`.`price_each`,'}') separator ','),']') AS `items` FROM ((`orders` `o` left join `order_items` `oi` on(`oi`.`order_id` = `o`.`id`)) left join `products` `p` on(`p`.`id` = `oi`.`product_id`)) GROUP BY `o`.`id` ;

-- --------------------------------------------------------

--
-- Structure for view `v_products`
--
DROP TABLE IF EXISTS `v_products`;

CREATE ALGORITHM=UNDEFINED DEFINER=`root`@`localhost` SQL SECURITY DEFINER VIEW `v_products`  AS SELECT `p`.`id` AS `id`, `p`.`name` AS `name`, `p`.`price` AS `price`, `p`.`stock` AS `stock`, `p`.`image_url` AS `image_url`, `c`.`name` AS `category` FROM (`products` `p` join `categories` `c` on(`p`.`category_id` = `c`.`id`)) WHERE `p`.`stock` > 0 ;

-- --------------------------------------------------------

--
-- Structure for view `v_reports_detailed`
--
DROP TABLE IF EXISTS `v_reports_detailed`;

CREATE ALGORITHM=UNDEFINED DEFINER=`root`@`localhost` SQL SECURITY DEFINER VIEW `v_reports_detailed`  AS SELECT `o`.`id` AS `order_id`, `o`.`stripe_id` AS `stripe_id`, `o`.`shipping_name` AS `customer_name`, `o`.`shipping_email` AS `customer_email`, `o`.`shipping_address` AS `shipping_address`, `o`.`phone` AS `phone`, `o`.`total` AS `order_total`, `o`.`status` AS `order_status`, `o`.`created_at` AS `order_date`, `o`.`card_last4` AS `card_last4`, `o`.`card_brand` AS `card_brand`, `o`.`ip_address` AS `ip_address`, `o`.`latitude` AS `latitude`, `o`.`longitude` AS `longitude`, `p`.`name` AS `product_name`, `c`.`name` AS `category_name`, `oi`.`quantity` AS `quantity`, `oi`.`price_each` AS `price_each`, `oi`.`quantity`* `oi`.`price_each` AS `item_subtotal`, `s`.`status` AS `shipment_status`, `s`.`tracking_number` AS `tracking_number`, `s`.`shipped_at` AS `shipped_at`, `s`.`notes` AS `shipment_notes` FROM ((((`orders` `o` left join `order_items` `oi` on(`oi`.`order_id` = `o`.`id`)) left join `products` `p` on(`p`.`id` = `oi`.`product_id`)) left join `categories` `c` on(`c`.`id` = `p`.`category_id`)) left join `shipments` `s` on(`s`.`order_id` = `o`.`id`)) ORDER BY `o`.`created_at` DESC, `oi`.`id` ASC ;

-- --------------------------------------------------------

--
-- Structure for view `v_reports_sales`
--
DROP TABLE IF EXISTS `v_reports_sales`;

CREATE ALGORITHM=UNDEFINED DEFINER=`root`@`localhost` SQL SECURITY DEFINER VIEW `v_reports_sales`  AS SELECT `o`.`id` AS `order_id`, `o`.`stripe_id` AS `stripe_id`, `o`.`shipping_name` AS `customer_name`, `o`.`shipping_email` AS `customer_email`, `o`.`total` AS `order_total`, `o`.`status` AS `order_status`, `o`.`created_at` AS `order_date`, `o`.`card_last4` AS `card_last4`, `o`.`card_brand` AS `card_brand`, count(`oi`.`id`) AS `total_items`, group_concat(concat(`p`.`name`,' (',`oi`.`quantity`,'x $',`oi`.`price_each`,')') separator ', ') AS `products` FROM ((`orders` `o` left join `order_items` `oi` on(`oi`.`order_id` = `o`.`id`)) left join `products` `p` on(`p`.`id` = `oi`.`product_id`)) GROUP BY `o`.`id` ;

-- --------------------------------------------------------

--
-- Structure for view `v_reports_shipments`
--
DROP TABLE IF EXISTS `v_reports_shipments`;

CREATE ALGORITHM=UNDEFINED DEFINER=`root`@`localhost` SQL SECURITY DEFINER VIEW `v_reports_shipments`  AS SELECT `s`.`id` AS `shipment_id`, `s`.`order_id` AS `order_id`, `o`.`shipping_name` AS `customer_name`, `o`.`shipping_email` AS `customer_email`, `o`.`shipping_address` AS `shipping_address`, `o`.`phone` AS `phone`, `o`.`total` AS `order_total`, `s`.`status` AS `shipment_status`, `s`.`tracking_number` AS `tracking_number`, `s`.`shipped_at` AS `shipped_at`, `s`.`notes` AS `notes`, `o`.`created_at` AS `order_date`, `s`.`created_at` AS `shipment_created`, `s`.`updated_at` AS `shipment_updated`, count(`oi`.`id`) AS `total_items` FROM ((`shipments` `s` join `orders` `o` on(`o`.`id` = `s`.`order_id`)) left join `order_items` `oi` on(`oi`.`order_id` = `o`.`id`)) GROUP BY `s`.`id` ;

-- --------------------------------------------------------

--
-- Structure for view `v_shipments`
--
DROP TABLE IF EXISTS `v_shipments`;

CREATE ALGORITHM=UNDEFINED DEFINER=`root`@`localhost` SQL SECURITY DEFINER VIEW `v_shipments`  AS SELECT `s`.`id` AS `id`, `s`.`order_id` AS `order_id`, `s`.`status` AS `shipment_status`, `s`.`tracking_number` AS `tracking_number`, `s`.`shipped_at` AS `shipped_at`, `s`.`notes` AS `notes`, `o`.`shipping_name` AS `shipping_name`, `o`.`shipping_email` AS `shipping_email`, `o`.`shipping_address` AS `shipping_address`, `o`.`total` AS `total`, `o`.`created_at` AS `order_date`, count(`oi`.`id`) AS `item_count` FROM ((`shipments` `s` join `orders` `o` on(`o`.`id` = `s`.`order_id`)) left join `order_items` `oi` on(`oi`.`order_id` = `o`.`id`)) WHERE `o`.`status` = 'paid' GROUP BY `s`.`id` ORDER BY `s`.`status` ASC, `s`.`created_at` ASC ;

-- --------------------------------------------------------

--
-- Structure for view `v_users`
--
DROP TABLE IF EXISTS `v_users`;

CREATE ALGORITHM=UNDEFINED DEFINER=`root`@`localhost` SQL SECURITY DEFINER VIEW `v_users`  AS SELECT `users`.`id` AS `id`, `users`.`email` AS `email`, `users`.`is_admin` AS `is_admin`, `users`.`created_at` AS `created_at` FROM `users` ;

--
-- Indexes for dumped tables
--

--
-- Indexes for table `audit_log`
--
ALTER TABLE `audit_log`
  ADD PRIMARY KEY (`id`),
  ADD KEY `idx_table_record` (`table_name`,`record_id`),
  ADD KEY `idx_user_action` (`user_id`,`action`),
  ADD KEY `idx_created` (`created_at`);

--
-- Indexes for table `categories`
--
ALTER TABLE `categories`
  ADD PRIMARY KEY (`id`),
  ADD UNIQUE KEY `name` (`name`);

--
-- Indexes for table `orders`
--
ALTER TABLE `orders`
  ADD PRIMARY KEY (`id`),
  ADD UNIQUE KEY `stripe_id` (`stripe_id`),
  ADD KEY `user_id` (`user_id`);

--
-- Indexes for table `order_items`
--
ALTER TABLE `order_items`
  ADD PRIMARY KEY (`id`),
  ADD KEY `order_id` (`order_id`),
  ADD KEY `product_id` (`product_id`);

--
-- Indexes for table `products`
--
ALTER TABLE `products`
  ADD PRIMARY KEY (`id`),
  ADD KEY `category_id` (`category_id`);

--
-- Indexes for table `shipments`
--
ALTER TABLE `shipments`
  ADD PRIMARY KEY (`id`),
  ADD UNIQUE KEY `unique_order_shipment` (`order_id`);

--
-- Indexes for table `users`
--
ALTER TABLE `users`
  ADD PRIMARY KEY (`id`),
  ADD UNIQUE KEY `email` (`email`);

--
-- AUTO_INCREMENT for dumped tables
--

--
-- AUTO_INCREMENT for table `audit_log`
--
ALTER TABLE `audit_log`
  MODIFY `id` bigint(20) NOT NULL AUTO_INCREMENT, AUTO_INCREMENT=11;

--
-- AUTO_INCREMENT for table `categories`
--
ALTER TABLE `categories`
  MODIFY `id` int(11) NOT NULL AUTO_INCREMENT, AUTO_INCREMENT=3;

--
-- AUTO_INCREMENT for table `orders`
--
ALTER TABLE `orders`
  MODIFY `id` int(11) NOT NULL AUTO_INCREMENT, AUTO_INCREMENT=37;

--
-- AUTO_INCREMENT for table `order_items`
--
ALTER TABLE `order_items`
  MODIFY `id` int(11) NOT NULL AUTO_INCREMENT, AUTO_INCREMENT=34;

--
-- AUTO_INCREMENT for table `products`
--
ALTER TABLE `products`
  MODIFY `id` int(11) NOT NULL AUTO_INCREMENT, AUTO_INCREMENT=35;

--
-- AUTO_INCREMENT for table `shipments`
--
ALTER TABLE `shipments`
  MODIFY `id` int(11) NOT NULL AUTO_INCREMENT, AUTO_INCREMENT=44;

--
-- AUTO_INCREMENT for table `users`
--
ALTER TABLE `users`
  MODIFY `id` int(11) NOT NULL AUTO_INCREMENT, AUTO_INCREMENT=7;

--
-- Constraints for dumped tables
--

--
-- Constraints for table `orders`
--
ALTER TABLE `orders`
  ADD CONSTRAINT `orders_ibfk_1` FOREIGN KEY (`user_id`) REFERENCES `users` (`id`) ON DELETE SET NULL;

--
-- Constraints for table `order_items`
--
ALTER TABLE `order_items`
  ADD CONSTRAINT `order_items_ibfk_1` FOREIGN KEY (`order_id`) REFERENCES `orders` (`id`) ON DELETE CASCADE,
  ADD CONSTRAINT `order_items_ibfk_2` FOREIGN KEY (`product_id`) REFERENCES `products` (`id`) ON DELETE CASCADE;

--
-- Constraints for table `products`
--
ALTER TABLE `products`
  ADD CONSTRAINT `products_ibfk_1` FOREIGN KEY (`category_id`) REFERENCES `categories` (`id`) ON DELETE CASCADE;

--
-- Constraints for table `shipments`
--
ALTER TABLE `shipments`
  ADD CONSTRAINT `shipments_ibfk_1` FOREIGN KEY (`order_id`) REFERENCES `orders` (`id`) ON DELETE CASCADE;
--
-- Database: `obralink`
--
CREATE DATABASE IF NOT EXISTS `obralink` DEFAULT CHARACTER SET utf8mb4 COLLATE utf8mb4_unicode_ci;
USE `obralink`;

-- --------------------------------------------------------

--
-- Table structure for table `asistencias`
--

CREATE TABLE `asistencias` (
  `id_registro` int(10) UNSIGNED NOT NULL,
  `id_empleado` int(10) UNSIGNED NOT NULL,
  `id_empresa` int(10) UNSIGNED NOT NULL,
  `id_proyecto` int(10) UNSIGNED DEFAULT NULL,
  `fecha` date NOT NULL,
  `hora_entrada` time NOT NULL,
  `hora_salida` time DEFAULT NULL,
  `tipo_registro` enum('Normal','Horas Extra','Turno Nocturno') DEFAULT 'Normal',
  `minutos_trabajados` int(10) UNSIGNED DEFAULT NULL,
  `observaciones` text DEFAULT NULL,
  `estado` enum('Pendiente','Validado','Rechazado') DEFAULT 'Pendiente',
  `validado_por` int(10) UNSIGNED DEFAULT NULL,
  `fecha_validacion` timestamp NULL DEFAULT NULL
) ENGINE=InnoDB DEFAULT CHARSET=utf8mb4 COLLATE=utf8mb4_unicode_ci;

-- --------------------------------------------------------

--
-- Table structure for table `auditoria_logs`
--

CREATE TABLE `auditoria_logs` (
  `id_log` bigint(20) UNSIGNED NOT NULL,
  `id_empresa` int(10) UNSIGNED NOT NULL,
  `id_usuario` int(10) UNSIGNED DEFAULT NULL,
  `accion` varchar(100) NOT NULL,
  `modulo` enum('Dashboard','Personal','Planilla','Proveedores','Proyectos','Clientes','Reportes','Configuracion','Auditoria','Sistema') NOT NULL,
  `tabla_afectada` varchar(100) DEFAULT NULL,
  `id_registro_afectado` int(10) UNSIGNED DEFAULT NULL,
  `descripcion` text DEFAULT NULL,
  `datos_anteriores` longtext CHARACTER SET utf8mb4 COLLATE utf8mb4_bin DEFAULT NULL CHECK (json_valid(`datos_anteriores`)),
  `datos_nuevos` longtext CHARACTER SET utf8mb4 COLLATE utf8mb4_bin DEFAULT NULL CHECK (json_valid(`datos_nuevos`)),
  `ip_address` varchar(45) NOT NULL,
  `user_agent` text DEFAULT NULL,
  `nivel_riesgo` enum('Bajo','Medio','Alto','Critico') DEFAULT 'Bajo',
  `resultado` enum('Exitoso','Fallido','Bloqueado') DEFAULT 'Exitoso',
  `timestamp` timestamp NOT NULL DEFAULT current_timestamp()
) ENGINE=InnoDB DEFAULT CHARSET=utf8mb4 COLLATE=utf8mb4_unicode_ci;

-- --------------------------------------------------------

--
-- Table structure for table `backups`
--

CREATE TABLE `backups` (
  `id_backup` int(10) UNSIGNED NOT NULL,
  `nombre_archivo` varchar(255) NOT NULL,
  `ruta_archivo` varchar(255) NOT NULL,
  `tamanio_bytes` bigint(20) UNSIGNED NOT NULL,
  `tipo_backup` enum('Manual','Automatico','Programado') NOT NULL,
  `hash_archivo` varchar(64) NOT NULL,
  `estado` enum('Exitoso','Fallido','En Proceso') NOT NULL,
  `mensaje_error` text DEFAULT NULL,
  `fecha_backup` timestamp NOT NULL DEFAULT current_timestamp(),
  `realizado_por` int(10) UNSIGNED DEFAULT NULL
) ENGINE=InnoDB DEFAULT CHARSET=utf8mb4 COLLATE=utf8mb4_unicode_ci;

-- --------------------------------------------------------

--
-- Table structure for table `bonificaciones`
--

CREATE TABLE `bonificaciones` (
  `id_bonificacion` int(10) UNSIGNED NOT NULL,
  `id_empresa` int(10) UNSIGNED NOT NULL,
  `id_empleado` int(10) UNSIGNED NOT NULL,
  `id_planilla` int(10) UNSIGNED DEFAULT NULL,
  `tipo_bonificacion` enum('Horas Extra','Asistencia Perfecta','Bono Produccion','Transporte','Alimentacion','Otro') NOT NULL,
  `monto` decimal(10,2) NOT NULL,
  `descripcion` text DEFAULT NULL,
  `fecha_aplicacion` date NOT NULL,
  `estado` enum('Activa','Anulada') DEFAULT 'Activa',
  `registrado_por` int(10) UNSIGNED NOT NULL,
  `fecha_registro` timestamp NOT NULL DEFAULT current_timestamp()
) ENGINE=InnoDB DEFAULT CHARSET=utf8mb4 COLLATE=utf8mb4_unicode_ci;

-- --------------------------------------------------------

--
-- Table structure for table `cargos`
--

CREATE TABLE `cargos` (
  `id_cargo` int(10) UNSIGNED NOT NULL,
  `id_empresa` int(10) UNSIGNED NOT NULL,
  `nombre_cargo` varchar(100) NOT NULL,
  `descripcion` text DEFAULT NULL,
  `departamento` varchar(100) DEFAULT NULL,
  `salario_minimo` decimal(10,2) DEFAULT NULL,
  `salario_maximo` decimal(10,2) DEFAULT NULL,
  `nivel_jerarquico` enum('Operativo','Tecnico','Supervision','Gerencial') DEFAULT 'Operativo',
  `requisitos` text DEFAULT NULL,
  `estado` enum('Activo','Inactivo') DEFAULT 'Activo',
  `fecha_creacion` timestamp NOT NULL DEFAULT current_timestamp()
) ENGINE=InnoDB DEFAULT CHARSET=utf8mb4 COLLATE=utf8mb4_unicode_ci;

-- --------------------------------------------------------

--
-- Table structure for table `clientes`
--

CREATE TABLE `clientes` (
  `id_cliente` int(10) UNSIGNED NOT NULL,
  `id_empresa` int(10) UNSIGNED NOT NULL,
  `tipo_cliente` enum('Persona Natural','Empresa','Entidad Publica') NOT NULL,
  `razon_social` varchar(255) NOT NULL,
  `tipo_documento` enum('DNI','RUC','Carnet Extranjeria','Pasaporte') NOT NULL,
  `numero_documento` varchar(50) NOT NULL,
  `direccion` varchar(255) DEFAULT NULL,
  `ciudad` varchar(100) DEFAULT NULL,
  `pais` varchar(100) DEFAULT NULL,
  `codigo_postal` varchar(20) DEFAULT NULL,
  `telefono` varchar(20) DEFAULT NULL,
  `email` varchar(100) DEFAULT NULL,
  `contacto_principal` varchar(255) DEFAULT NULL,
  `cargo_contacto` varchar(100) DEFAULT NULL,
  `telefono_contacto` varchar(20) DEFAULT NULL,
  `email_contacto` varchar(100) DEFAULT NULL,
  `giro_negocio` enum('Inmobiliaria','Construccion','Particular','Gobierno','Otro') DEFAULT NULL,
  `estado` enum('Activo','Inactivo','Suspendido') DEFAULT 'Activo',
  `fecha_registro` timestamp NOT NULL DEFAULT current_timestamp()
) ENGINE=InnoDB DEFAULT CHARSET=utf8mb4 COLLATE=utf8mb4_unicode_ci;

-- --------------------------------------------------------

--
-- Table structure for table `configuracion_empresa`
--

CREATE TABLE `configuracion_empresa` (
  `id_configuracion` int(10) UNSIGNED NOT NULL,
  `id_empresa` int(10) UNSIGNED NOT NULL,
  `moneda_principal` varchar(3) DEFAULT 'USD',
  `formato_fecha` varchar(20) DEFAULT 'DD/MM/YYYY',
  `zona_horaria` varchar(50) DEFAULT 'UTC',
  `idioma` varchar(10) DEFAULT 'es',
  `porcentaje_afp` decimal(5,2) DEFAULT 0.00,
  `porcentaje_seguro_salud` decimal(5,2) DEFAULT 0.00,
  `otros_impuestos` longtext CHARACTER SET utf8mb4 COLLATE utf8mb4_bin DEFAULT NULL CHECK (json_valid(`otros_impuestos`)),
  `tolerancia_entrada_minutos` int(11) DEFAULT 15,
  `horario_laboral_inicio` time DEFAULT '08:00:00',
  `horario_laboral_fin` time DEFAULT '17:00:00',
  `email_notificaciones` varchar(100) DEFAULT NULL,
  `smtp_host` varchar(255) DEFAULT NULL,
  `smtp_port` int(11) DEFAULT 587,
  `smtp_usuario` varchar(255) DEFAULT NULL,
  `smtp_password` varchar(255) DEFAULT NULL,
  `smtp_encriptacion` enum('TLS','SSL','NONE') DEFAULT 'TLS',
  `backup_automatico` tinyint(1) DEFAULT 1,
  `hora_backup` time DEFAULT '02:00:00',
  `fecha_actualizacion` timestamp NOT NULL DEFAULT current_timestamp() ON UPDATE current_timestamp()
) ENGINE=InnoDB DEFAULT CHARSET=utf8mb4 COLLATE=utf8mb4_unicode_ci;

-- --------------------------------------------------------

--
-- Table structure for table `cotizaciones_enviadas`
--

CREATE TABLE `cotizaciones_enviadas` (
  `id_cotizacion` int(10) UNSIGNED NOT NULL,
  `id_empresa` int(10) UNSIGNED NOT NULL,
  `id_proveedor` int(10) UNSIGNED NOT NULL,
  `id_proyecto` int(10) UNSIGNED DEFAULT NULL,
  `asunto` varchar(255) NOT NULL,
  `mensaje` text NOT NULL,
  `archivo_adjunto` varchar(255) DEFAULT NULL,
  `fecha_limite_respuesta` date DEFAULT NULL,
  `estado` enum('Enviada','Respondida','Vencida','Cancelada') DEFAULT 'Enviada',
  `enviado_por` int(10) UNSIGNED NOT NULL,
  `fecha_envio` timestamp NOT NULL DEFAULT current_timestamp(),
  `fecha_respuesta` timestamp NULL DEFAULT NULL
) ENGINE=InnoDB DEFAULT CHARSET=utf8mb4 COLLATE=utf8mb4_unicode_ci;

-- --------------------------------------------------------

--
-- Table structure for table `deducciones`
--

CREATE TABLE `deducciones` (
  `id_deduccion` int(10) UNSIGNED NOT NULL,
  `id_empresa` int(10) UNSIGNED NOT NULL,
  `id_empleado` int(10) UNSIGNED NOT NULL,
  `id_planilla` int(10) UNSIGNED DEFAULT NULL,
  `tipo_deduccion` enum('AFP','Seguro Salud','Impuesto Renta','Prestamo Empresa','Adelanto Sueldo','Falta Injustificada','Descuento Disciplinario','Pension Alimenticia','Otro') NOT NULL,
  `monto` decimal(10,2) NOT NULL,
  `porcentaje` decimal(5,2) DEFAULT NULL,
  `descripcion` text DEFAULT NULL,
  `referencia` varchar(100) DEFAULT NULL,
  `es_permanente` tinyint(1) DEFAULT 0,
  `cuotas_totales` int(11) DEFAULT NULL,
  `cuotas_pendientes` int(11) DEFAULT NULL,
  `archivo_soporte` varchar(255) DEFAULT NULL,
  `fecha_aplicacion` date NOT NULL,
  `estado` enum('Activa','Anulada','Finalizada') DEFAULT 'Activa',
  `registrado_por` int(10) UNSIGNED NOT NULL,
  `fecha_registro` timestamp NOT NULL DEFAULT current_timestamp()
) ENGINE=InnoDB DEFAULT CHARSET=utf8mb4 COLLATE=utf8mb4_unicode_ci;

-- --------------------------------------------------------

--
-- Table structure for table `detalle_planilla`
--

CREATE TABLE `detalle_planilla` (
  `id_detalle` int(10) UNSIGNED NOT NULL,
  `id_planilla` int(10) UNSIGNED NOT NULL,
  `id_empleado` int(10) UNSIGNED NOT NULL,
  `salario_base` decimal(10,2) NOT NULL,
  `dias_trabajados` int(11) NOT NULL,
  `horas_extra` decimal(8,2) DEFAULT 0.00,
  `monto_horas_extra` decimal(10,2) DEFAULT 0.00,
  `total_bonificaciones` decimal(10,2) DEFAULT 0.00,
  `total_deducciones` decimal(10,2) DEFAULT 0.00,
  `salario_bruto` decimal(10,2) NOT NULL,
  `salario_neto` decimal(10,2) NOT NULL,
  `observaciones` text DEFAULT NULL,
  `boucher_generado` tinyint(1) DEFAULT 0,
  `boucher_enviado` tinyint(1) DEFAULT 0,
  `fecha_envio_boucher` timestamp NULL DEFAULT NULL
) ENGINE=InnoDB DEFAULT CHARSET=utf8mb4 COLLATE=utf8mb4_unicode_ci;

-- --------------------------------------------------------

--
-- Table structure for table `documentos_empleado`
--

CREATE TABLE `documentos_empleado` (
  `id_documento` int(10) UNSIGNED NOT NULL,
  `id_empleado` int(10) UNSIGNED NOT NULL,
  `tipo_documento` varchar(100) NOT NULL,
  `nombre_archivo` varchar(255) NOT NULL,
  `ruta_archivo` varchar(255) NOT NULL,
  `hash_archivo` varchar(64) NOT NULL,
  `tamanio_bytes` int(10) UNSIGNED NOT NULL,
  `fecha_vencimiento` date DEFAULT NULL,
  `fecha_subida` timestamp NOT NULL DEFAULT current_timestamp(),
  `subido_por` int(10) UNSIGNED NOT NULL
) ENGINE=InnoDB DEFAULT CHARSET=utf8mb4 COLLATE=utf8mb4_unicode_ci;

-- --------------------------------------------------------

--
-- Table structure for table `documentos_proveedor`
--

CREATE TABLE `documentos_proveedor` (
  `id_documento` int(10) UNSIGNED NOT NULL,
  `id_proveedor` int(10) UNSIGNED NOT NULL,
  `tipo_documento` varchar(100) NOT NULL,
  `nombre_archivo` varchar(255) NOT NULL,
  `ruta_archivo` varchar(255) NOT NULL,
  `hash_archivo` varchar(64) NOT NULL,
  `tamanio_bytes` int(10) UNSIGNED NOT NULL,
  `fecha_subida` timestamp NOT NULL DEFAULT current_timestamp(),
  `subido_por` int(10) UNSIGNED NOT NULL
) ENGINE=InnoDB DEFAULT CHARSET=utf8mb4 COLLATE=utf8mb4_unicode_ci;

-- --------------------------------------------------------

--
-- Table structure for table `empleados`
--

CREATE TABLE `empleados` (
  `id_empleado` int(10) UNSIGNED NOT NULL,
  `id_empresa` int(10) UNSIGNED NOT NULL,
  `id_cargo` int(10) UNSIGNED NOT NULL,
  `tipo_documento` enum('DNI','Carnet Extranjeria','Pasaporte','OTRO') NOT NULL,
  `numero_documento` varchar(50) NOT NULL,
  `nombres` varchar(100) NOT NULL,
  `apellido_paterno` varchar(100) NOT NULL,
  `apellido_materno` varchar(100) DEFAULT NULL,
  `fecha_nacimiento` date NOT NULL,
  `nacionalidad` varchar(100) DEFAULT NULL,
  `estado_migratorio` enum('Regular','Irregular','Tramite','Asilo') DEFAULT 'Regular',
  `genero` enum('Masculino','Femenino','Otro') NOT NULL,
  `estado_civil` enum('Soltero','Casado','Divorciado','Viudo') DEFAULT 'Soltero',
  `direccion` varchar(255) DEFAULT NULL,
  `telefono_personal` varchar(20) DEFAULT NULL,
  `email_personal` varchar(100) DEFAULT NULL,
  `contacto_emergencia` varchar(255) DEFAULT NULL,
  `telefono_emergencia` varchar(20) DEFAULT NULL,
  `fecha_ingreso` date NOT NULL,
  `tipo_contrato` enum('Indefinido','Temporal','Obra determinada','Aprendizaje') NOT NULL,
  `salario_base` decimal(10,2) NOT NULL,
  `tipo_jornada` enum('Completa','Parcial','Por turnos') DEFAULT 'Completa',
  `banco` varchar(100) DEFAULT NULL,
  `numero_cuenta` varchar(50) DEFAULT NULL,
  `tipo_cuenta` enum('Ahorros','Corriente') DEFAULT NULL,
  `fotografia` varchar(255) DEFAULT NULL,
  `estado` enum('Activo','Inactivo','Suspendido','Vacaciones') DEFAULT 'Activo',
  `fecha_registro` timestamp NOT NULL DEFAULT current_timestamp(),
  `fecha_actualizacion` timestamp NOT NULL DEFAULT current_timestamp() ON UPDATE current_timestamp()
) ENGINE=InnoDB DEFAULT CHARSET=utf8mb4 COLLATE=utf8mb4_unicode_ci;

--
-- Triggers `empleados`
--
DELIMITER $$
CREATE TRIGGER `trg_empleados_delete` AFTER DELETE ON `empleados` FOR EACH ROW BEGIN
    INSERT INTO auditoria_logs (
        id_empresa,
        accion,
        modulo,
        tabla_afectada,
        id_registro_afectado,
        descripcion,
        datos_anteriores,
        ip_address,
        nivel_riesgo
    ) VALUES (
        OLD.id_empresa,
        'DELETE',
        'Personal',
        'empleados',
        OLD.id_empleado,
        CONCAT('Empleado eliminado: ', OLD.nombres, ' ', OLD.apellido_paterno),
        JSON_OBJECT('id_empleado', OLD.id_empleado, 'nombres', OLD.nombres),
        '0.0.0.0',
        'Alto'
    );
END
$$
DELIMITER ;

-- --------------------------------------------------------

--
-- Table structure for table `empresas`
--

CREATE TABLE `empresas` (
  `id_empresa` int(10) UNSIGNED NOT NULL,
  `nombre_legal` varchar(255) NOT NULL,
  `nombre_comercial` varchar(255) DEFAULT NULL,
  `tipo_documento` enum('RUC','NIF','CIF','OTRO') NOT NULL,
  `numero_documento` varchar(50) NOT NULL,
  `rubro` varchar(100) DEFAULT NULL,
  `direccion` varchar(255) DEFAULT NULL,
  `ciudad` varchar(100) DEFAULT NULL,
  `pais` varchar(100) DEFAULT NULL,
  `codigo_postal` varchar(20) DEFAULT NULL,
  `telefono` varchar(20) DEFAULT NULL,
  `email` varchar(100) NOT NULL,
  `sitio_web` varchar(255) DEFAULT NULL,
  `redes_sociales` longtext CHARACTER SET utf8mb4 COLLATE utf8mb4_bin DEFAULT NULL CHECK (json_valid(`redes_sociales`)),
  `logo_empresa` varchar(255) DEFAULT NULL,
  `slogan` varchar(255) DEFAULT NULL,
  `horario_atencion` varchar(100) DEFAULT NULL,
  `publico_objetivo` varchar(100) DEFAULT NULL,
  `numero_empleados` enum('1-10','11-50','51-200','200+') DEFAULT NULL,
  `estado` enum('Activo','Inactivo','Suspendido') DEFAULT 'Activo',
  `fecha_registro` timestamp NOT NULL DEFAULT current_timestamp(),
  `fecha_actualizacion` timestamp NOT NULL DEFAULT current_timestamp() ON UPDATE current_timestamp()
) ENGINE=InnoDB DEFAULT CHARSET=utf8mb4 COLLATE=utf8mb4_unicode_ci;

-- --------------------------------------------------------

--
-- Table structure for table `facturas`
--

CREATE TABLE `facturas` (
  `id_factura` int(10) UNSIGNED NOT NULL,
  `id_empresa` int(10) UNSIGNED NOT NULL,
  `id_proveedor` int(10) UNSIGNED NOT NULL,
  `id_orden_compra` int(10) UNSIGNED DEFAULT NULL,
  `numero_factura` varchar(100) NOT NULL,
  `fecha_emision` date NOT NULL,
  `fecha_vencimiento` date NOT NULL,
  `concepto` text NOT NULL,
  `monto` decimal(12,2) NOT NULL,
  `impuestos` decimal(12,2) DEFAULT 0.00,
  `total` decimal(12,2) NOT NULL,
  `monto_pagado` decimal(12,2) DEFAULT 0.00,
  `saldo_pendiente` decimal(12,2) NOT NULL,
  `archivo_factura` varchar(255) DEFAULT NULL,
  `estado` enum('Por Pagar','Pagada','Vencida','Contabilizada','Anulada') DEFAULT 'Por Pagar',
  `fecha_registro` timestamp NOT NULL DEFAULT current_timestamp(),
  `registrado_por` int(10) UNSIGNED NOT NULL
) ENGINE=InnoDB DEFAULT CHARSET=utf8mb4 COLLATE=utf8mb4_unicode_ci;

-- --------------------------------------------------------

--
-- Table structure for table `ip_whitelist`
--

CREATE TABLE `ip_whitelist` (
  `id_registro_ip` int(10) UNSIGNED NOT NULL,
  `id_empresa` int(10) UNSIGNED NOT NULL,
  `direccion_ip` varchar(45) NOT NULL,
  `rango_cidr` varchar(50) DEFAULT NULL,
  `descripcion` varchar(255) DEFAULT NULL,
  `estado` enum('Activo','Inactivo') DEFAULT 'Activo',
  `fecha_registro` timestamp NOT NULL DEFAULT current_timestamp()
) ENGINE=InnoDB DEFAULT CHARSET=utf8mb4 COLLATE=utf8mb4_unicode_ci;

-- --------------------------------------------------------

--
-- Table structure for table `items_orden_compra`
--

CREATE TABLE `items_orden_compra` (
  `id_item` int(10) UNSIGNED NOT NULL,
  `id_orden_compra` int(10) UNSIGNED NOT NULL,
  `descripcion` varchar(255) NOT NULL,
  `cantidad` decimal(10,2) NOT NULL,
  `unidad_medida` varchar(50) NOT NULL,
  `precio_unitario` decimal(10,2) NOT NULL,
  `total_item` decimal(12,2) NOT NULL
) ENGINE=InnoDB DEFAULT CHARSET=utf8mb4 COLLATE=utf8mb4_unicode_ci;

-- --------------------------------------------------------

--
-- Table structure for table `notificaciones`
--

CREATE TABLE `notificaciones` (
  `id_notificacion` bigint(20) UNSIGNED NOT NULL,
  `id_empresa` int(10) UNSIGNED NOT NULL,
  `id_usuario` int(10) UNSIGNED NOT NULL,
  `tipo_notificacion` enum('Info','Alerta','Error','Exito','Advertencia') NOT NULL,
  `titulo` varchar(255) NOT NULL,
  `mensaje` text NOT NULL,
  `modulo` varchar(100) DEFAULT NULL,
  `url_accion` varchar(255) DEFAULT NULL,
  `leida` tinyint(1) DEFAULT 0,
  `fecha_lectura` timestamp NULL DEFAULT NULL,
  `fecha_creacion` timestamp NOT NULL DEFAULT current_timestamp()
) ENGINE=InnoDB DEFAULT CHARSET=utf8mb4 COLLATE=utf8mb4_unicode_ci;

-- --------------------------------------------------------

--
-- Table structure for table `ordenes_compra`
--

CREATE TABLE `ordenes_compra` (
  `id_orden_compra` int(10) UNSIGNED NOT NULL,
  `id_empresa` int(10) UNSIGNED NOT NULL,
  `id_proveedor` int(10) UNSIGNED NOT NULL,
  `id_proyecto` int(10) UNSIGNED DEFAULT NULL,
  `numero_orden` varchar(50) NOT NULL,
  `fecha_emision` date NOT NULL,
  `fecha_entrega_esperada` date NOT NULL,
  `subtotal` decimal(12,2) NOT NULL,
  `impuestos` decimal(12,2) DEFAULT 0.00,
  `total` decimal(12,2) NOT NULL,
  `observaciones` text DEFAULT NULL,
  `estado` enum('Pendiente','Aprobada','Recibida','Cancelada') DEFAULT 'Pendiente',
  `solicitado_por` int(10) UNSIGNED NOT NULL,
  `aprobado_por` int(10) UNSIGNED DEFAULT NULL,
  `fecha_aprobacion` timestamp NULL DEFAULT NULL,
  `fecha_creacion` timestamp NOT NULL DEFAULT current_timestamp()
) ENGINE=InnoDB DEFAULT CHARSET=utf8mb4 COLLATE=utf8mb4_unicode_ci;

--
-- Triggers `ordenes_compra`
--
DELIMITER $$
CREATE TRIGGER `trg_ordenes_compra_update` AFTER UPDATE ON `ordenes_compra` FOR EACH ROW BEGIN
    IF NEW.estado = 'Recibida' AND OLD.estado != 'Recibida' AND NEW.id_proyecto IS NOT NULL THEN
        UPDATE proyectos SET
            gasto_acumulado = gasto_acumulado + NEW.total
        WHERE id_proyecto = NEW.id_proyecto;
    END IF;
END
$$
DELIMITER ;

-- --------------------------------------------------------

--
-- Table structure for table `pagos_proveedor`
--

CREATE TABLE `pagos_proveedor` (
  `id_pago` int(10) UNSIGNED NOT NULL,
  `id_empresa` int(10) UNSIGNED NOT NULL,
  `id_proveedor` int(10) UNSIGNED NOT NULL,
  `id_factura` int(10) UNSIGNED NOT NULL,
  `numero_comprobante` varchar(100) DEFAULT NULL,
  `fecha_pago` date NOT NULL,
  `metodo_pago` enum('Transferencia','Cheque','Efectivo','Otro') NOT NULL,
  `monto` decimal(12,2) NOT NULL,
  `observaciones` text DEFAULT NULL,
  `estado` enum('Programado','Pagado','Anulado') DEFAULT 'Pagado',
  `registrado_por` int(10) UNSIGNED NOT NULL,
  `fecha_registro` timestamp NOT NULL DEFAULT current_timestamp()
) ENGINE=InnoDB DEFAULT CHARSET=utf8mb4 COLLATE=utf8mb4_unicode_ci;

--
-- Triggers `pagos_proveedor`
--
DELIMITER $$
CREATE TRIGGER `trg_pagos_proveedor_insert` AFTER INSERT ON `pagos_proveedor` FOR EACH ROW BEGIN
    UPDATE facturas SET
        monto_pagado = monto_pagado + NEW.monto,
        saldo_pendiente = total - (monto_pagado + NEW.monto),
        estado = CASE 
            WHEN total - (monto_pagado + NEW.monto) <= 0 THEN 'Pagada'
            ELSE estado
        END
    WHERE id_factura = NEW.id_factura;
END
$$
DELIMITER ;

-- --------------------------------------------------------

--
-- Table structure for table `permisos`
--

CREATE TABLE `permisos` (
  `id_permiso` int(10) UNSIGNED NOT NULL,
  `codigo_permiso` varchar(100) NOT NULL,
  `nombre_permiso` varchar(255) NOT NULL,
  `modulo` enum('Dashboard','Personal','Planilla','Proveedores','Proyectos','Clientes','Reportes','Configuracion','Auditoria') NOT NULL,
  `tipo_permiso` enum('Lectura','Escritura','Edicion','Eliminacion','Aprobacion','Especial') NOT NULL,
  `descripcion` text DEFAULT NULL
) ENGINE=InnoDB DEFAULT CHARSET=utf8mb4 COLLATE=utf8mb4_unicode_ci;

-- --------------------------------------------------------

--
-- Table structure for table `planillas`
--

CREATE TABLE `planillas` (
  `id_planilla` int(10) UNSIGNED NOT NULL,
  `id_empresa` int(10) UNSIGNED NOT NULL,
  `numero_planilla` varchar(50) NOT NULL,
  `periodo` enum('Semanal','Quincenal','Mensual') NOT NULL,
  `fecha_inicio` date NOT NULL,
  `fecha_fin` date NOT NULL,
  `fecha_pago` date NOT NULL,
  `tipo_planilla` enum('Normal','Horas Extra','Bonificaciones Especiales','Ajuste') DEFAULT 'Normal',
  `total_empleados` int(10) UNSIGNED DEFAULT 0,
  `total_salarios` decimal(12,2) DEFAULT 0.00,
  `total_bonificaciones` decimal(12,2) DEFAULT 0.00,
  `total_deducciones` decimal(12,2) DEFAULT 0.00,
  `total_neto` decimal(12,2) DEFAULT 0.00,
  `estado` enum('En Proceso','Calculada','Pagada','Cerrada') DEFAULT 'En Proceso',
  `calculado_por` int(10) UNSIGNED DEFAULT NULL,
  `fecha_calculo` timestamp NULL DEFAULT NULL,
  `cerrado_por` int(10) UNSIGNED DEFAULT NULL,
  `fecha_cierre` timestamp NULL DEFAULT NULL,
  `fecha_creacion` timestamp NOT NULL DEFAULT current_timestamp()
) ENGINE=InnoDB DEFAULT CHARSET=utf8mb4 COLLATE=utf8mb4_unicode_ci;

-- --------------------------------------------------------

--
-- Table structure for table `proveedores`
--

CREATE TABLE `proveedores` (
  `id_proveedor` int(10) UNSIGNED NOT NULL,
  `id_empresa` int(10) UNSIGNED NOT NULL,
  `razon_social` varchar(255) NOT NULL,
  `tipo_documento` enum('RUC','DNI','Carnet Extranjeria','OTRO') NOT NULL,
  `numero_documento` varchar(50) NOT NULL,
  `direccion` varchar(255) DEFAULT NULL,
  `telefono` varchar(20) DEFAULT NULL,
  `email` varchar(100) DEFAULT NULL,
  `contacto_principal` varchar(255) DEFAULT NULL,
  `rubro` enum('Materiales','Equipos','Servicios','Subcontratistas') NOT NULL,
  `banco` varchar(100) DEFAULT NULL,
  `numero_cuenta` varchar(50) DEFAULT NULL,
  `tipo_cuenta` enum('Ahorros','Corriente') DEFAULT NULL,
  `condiciones_pago` enum('Contado','7 dias','15 dias','30 dias','60 dias') DEFAULT 'Contado',
  `calificacion` decimal(3,2) DEFAULT 0.00,
  `comentarios_evaluacion` text DEFAULT NULL,
  `estado` enum('Activo','Inactivo','Suspendido') DEFAULT 'Activo',
  `fecha_registro` timestamp NOT NULL DEFAULT current_timestamp()
) ENGINE=InnoDB DEFAULT CHARSET=utf8mb4 COLLATE=utf8mb4_unicode_ci;

-- --------------------------------------------------------

--
-- Table structure for table `proyectos`
--

CREATE TABLE `proyectos` (
  `id_proyecto` int(10) UNSIGNED NOT NULL,
  `id_empresa` int(10) UNSIGNED NOT NULL,
  `id_cliente` int(10) UNSIGNED NOT NULL,
  `id_responsable` int(10) UNSIGNED NOT NULL,
  `codigo_proyecto` varchar(50) NOT NULL,
  `nombre_proyecto` varchar(255) NOT NULL,
  `descripcion` text DEFAULT NULL,
  `direccion` varchar(255) DEFAULT NULL,
  `ciudad` varchar(100) DEFAULT NULL,
  `pais` varchar(100) DEFAULT NULL,
  `codigo_postal` varchar(20) DEFAULT NULL,
  `fecha_inicio` date NOT NULL,
  `fecha_fin_estimada` date DEFAULT NULL,
  `fecha_fin_real` date DEFAULT NULL,
  `presupuesto_asignado` decimal(12,2) NOT NULL,
  `gasto_acumulado` decimal(12,2) DEFAULT 0.00,
  `porcentaje_avance` decimal(5,2) DEFAULT 0.00,
  `estado` enum('Planificacion','En Progreso','En Pausa','Finalizado','Cancelado') DEFAULT 'Planificacion',
  `fecha_creacion` timestamp NOT NULL DEFAULT current_timestamp(),
  `fecha_actualizacion` timestamp NOT NULL DEFAULT current_timestamp() ON UPDATE current_timestamp()
) ENGINE=InnoDB DEFAULT CHARSET=utf8mb4 COLLATE=utf8mb4_unicode_ci;

-- --------------------------------------------------------

--
-- Table structure for table `reportes_programados`
--

CREATE TABLE `reportes_programados` (
  `id_programacion` int(10) UNSIGNED NOT NULL,
  `id_empresa` int(10) UNSIGNED NOT NULL,
  `nombre_reporte` varchar(255) NOT NULL,
  `tipo_reporte` enum('Planillas','Asistencia','Proyectos','Proveedores','Financiero','Personalizado') NOT NULL,
  `frecuencia` enum('Diario','Semanal','Quincenal','Mensual','Una vez') NOT NULL,
  `dia_programado` varchar(50) DEFAULT NULL,
  `hora_programado` time NOT NULL,
  `formato_salida` enum('PDF','Excel','CSV') NOT NULL,
  `destinatarios` text NOT NULL,
  `filtros` longtext CHARACTER SET utf8mb4 COLLATE utf8mb4_bin DEFAULT NULL CHECK (json_valid(`filtros`)),
  `asunto_email` varchar(255) DEFAULT NULL,
  `mensaje_email` text DEFAULT NULL,
  `estado` enum('Activo','Pausado','Inactivo') DEFAULT 'Activo',
  `ultima_ejecucion` timestamp NULL DEFAULT NULL,
  `proxima_ejecucion` timestamp NULL DEFAULT NULL,
  `creado_por` int(10) UNSIGNED NOT NULL,
  `fecha_creacion` timestamp NOT NULL DEFAULT current_timestamp()
) ENGINE=InnoDB DEFAULT CHARSET=utf8mb4 COLLATE=utf8mb4_unicode_ci;

-- --------------------------------------------------------

--
-- Table structure for table `representantes_legales`
--

CREATE TABLE `representantes_legales` (
  `id_representante` int(10) UNSIGNED NOT NULL,
  `id_empresa` int(10) UNSIGNED NOT NULL,
  `nombre_completo` varchar(255) NOT NULL,
  `tipo_documento` enum('DNI','NIE','Pasaporte','OTRO') NOT NULL,
  `numero_documento` varchar(50) NOT NULL,
  `nacionalidad` varchar(100) DEFAULT NULL,
  `email` varchar(100) NOT NULL,
  `telefono` varchar(20) DEFAULT NULL,
  `estado` enum('Activo','Inactivo') DEFAULT 'Activo',
  `fecha_registro` timestamp NOT NULL DEFAULT current_timestamp()
) ENGINE=InnoDB DEFAULT CHARSET=utf8mb4 COLLATE=utf8mb4_unicode_ci;

-- --------------------------------------------------------

--
-- Table structure for table `roles`
--

CREATE TABLE `roles` (
  `id_rol` int(10) UNSIGNED NOT NULL,
  `nombre_rol` varchar(100) NOT NULL,
  `descripcion` text DEFAULT NULL,
  `nivel_jerarquico` enum('Sistema','Empresa','Proyecto') DEFAULT 'Empresa',
  `estado` enum('Activo','Inactivo') DEFAULT 'Activo',
  `fecha_creacion` timestamp NOT NULL DEFAULT current_timestamp()
) ENGINE=InnoDB DEFAULT CHARSET=utf8mb4 COLLATE=utf8mb4_unicode_ci;

-- --------------------------------------------------------

--
-- Table structure for table `roles_permisos`
--

CREATE TABLE `roles_permisos` (
  `id_asignacion_permiso` int(10) UNSIGNED NOT NULL,
  `id_rol` int(10) UNSIGNED NOT NULL,
  `id_permiso` int(10) UNSIGNED NOT NULL
) ENGINE=InnoDB DEFAULT CHARSET=utf8mb4 COLLATE=utf8mb4_unicode_ci;

-- --------------------------------------------------------

--
-- Table structure for table `sesiones_usuario`
--

CREATE TABLE `sesiones_usuario` (
  `id_sesion` int(10) UNSIGNED NOT NULL,
  `id_usuario` int(10) UNSIGNED NOT NULL,
  `token_sesion` varchar(255) NOT NULL,
  `refresh_token` varchar(255) NOT NULL,
  `ip_address` varchar(45) NOT NULL,
  `user_agent` text DEFAULT NULL,
  `dispositivo` varchar(100) DEFAULT NULL,
  `navegador` varchar(100) DEFAULT NULL,
  `ubicacion_estimada` varchar(255) DEFAULT NULL,
  `fecha_inicio` timestamp NOT NULL DEFAULT current_timestamp(),
  `fecha_expiracion` timestamp NOT NULL DEFAULT '0000-00-00 00:00:00',
  `ultima_actividad` timestamp NOT NULL DEFAULT current_timestamp() ON UPDATE current_timestamp(),
  `estado` enum('Activa','Expirada','Cerrada') DEFAULT 'Activa'
) ENGINE=InnoDB DEFAULT CHARSET=utf8mb4 COLLATE=utf8mb4_unicode_ci;

-- --------------------------------------------------------

--
-- Table structure for table `usuarios`
--

CREATE TABLE `usuarios` (
  `id_usuario` int(10) UNSIGNED NOT NULL,
  `id_empresa` int(10) UNSIGNED NOT NULL,
  `id_empleado` int(10) UNSIGNED DEFAULT NULL,
  `nombre_usuario` varchar(100) NOT NULL,
  `email` varchar(100) NOT NULL,
  `password_hash` varchar(255) NOT NULL,
  `salt` varchar(255) NOT NULL,
  `intentos_fallidos` int(11) DEFAULT 0,
  `bloqueado_hasta` timestamp NULL DEFAULT NULL,
  `ultimo_cambio_password` timestamp NOT NULL DEFAULT current_timestamp(),
  `estado` enum('Activo','Inactivo','Bloqueado') DEFAULT 'Activo',
  `fecha_creacion` timestamp NOT NULL DEFAULT current_timestamp(),
  `fecha_ultimo_acceso` timestamp NULL DEFAULT NULL,
  `preferencias_notificaciones` longtext CHARACTER SET utf8mb4 COLLATE utf8mb4_bin DEFAULT NULL CHECK (json_valid(`preferencias_notificaciones`)),
  `idioma_preferido` varchar(10) DEFAULT 'es'
) ENGINE=InnoDB DEFAULT CHARSET=utf8mb4 COLLATE=utf8mb4_unicode_ci;

-- --------------------------------------------------------

--
-- Table structure for table `usuarios_roles`
--

CREATE TABLE `usuarios_roles` (
  `id_asignacion` int(10) UNSIGNED NOT NULL,
  `id_usuario` int(10) UNSIGNED NOT NULL,
  `id_rol` int(10) UNSIGNED NOT NULL,
  `id_proyecto` int(10) UNSIGNED DEFAULT NULL,
  `fecha_inicio` date NOT NULL,
  `fecha_fin` date DEFAULT NULL,
  `estado` enum('Activo','Inactivo') DEFAULT 'Activo'
) ENGINE=InnoDB DEFAULT CHARSET=utf8mb4 COLLATE=utf8mb4_unicode_ci;

-- --------------------------------------------------------

--
-- Stand-in structure for view `vista_asistencia_mensual`
-- (See below for the actual view)
--
CREATE TABLE `vista_asistencia_mensual` (
`id_empresa` int(10) unsigned
,`id_empleado` int(10) unsigned
,`nombre_empleado` varchar(201)
,`mes` varchar(7)
,`dias_asistidos` bigint(21)
,`dias_validados` decimal(22,0)
,`total_minutos` decimal(32,0)
);

-- --------------------------------------------------------

--
-- Stand-in structure for view `vista_dashboard_proyectos`
-- (See below for the actual view)
--
CREATE TABLE `vista_dashboard_proyectos` (
`id_empresa` int(10) unsigned
,`id_proyecto` int(10) unsigned
,`nombre_proyecto` varchar(255)
,`estado` enum('Planificacion','En Progreso','En Pausa','Finalizado','Cancelado')
,`presupuesto_asignado` decimal(12,2)
,`gasto_acumulado` decimal(12,2)
,`porcentaje_avance` decimal(5,2)
,`presupuesto_disponible` decimal(13,2)
,`responsable` varchar(201)
,`cliente` varchar(255)
);

-- --------------------------------------------------------

--
-- Stand-in structure for view `vista_empleados_activos`
-- (See below for the actual view)
--
CREATE TABLE `vista_empleados_activos` (
`id_empresa` int(10) unsigned
,`id_empleado` int(10) unsigned
,`nombre_completo` varchar(302)
,`nombre_cargo` varchar(100)
,`salario_base` decimal(10,2)
,`estado` enum('Activo','Inactivo','Suspendido','Vacaciones')
,`fecha_ingreso` date
);

-- --------------------------------------------------------

--
-- Stand-in structure for view `vista_resumen_planillas`
-- (See below for the actual view)
--
CREATE TABLE `vista_resumen_planillas` (
`id_empresa` int(10) unsigned
,`id_planilla` int(10) unsigned
,`numero_planilla` varchar(50)
,`periodo` enum('Semanal','Quincenal','Mensual')
,`fecha_inicio` date
,`fecha_fin` date
,`fecha_pago` date
,`total_empleados` int(10) unsigned
,`total_neto` decimal(12,2)
,`estado` enum('En Proceso','Calculada','Pagada','Cerrada')
);

-- --------------------------------------------------------

--
-- Stand-in structure for view `vista_saldo_proveedores`
-- (See below for the actual view)
--
CREATE TABLE `vista_saldo_proveedores` (
`id_empresa` int(10) unsigned
,`id_proveedor` int(10) unsigned
,`razon_social` varchar(255)
,`total_facturas` bigint(21)
,`total_facturado` decimal(34,2)
,`total_pagado` decimal(34,2)
,`saldo_pendiente` decimal(34,2)
);

-- --------------------------------------------------------

--
-- Structure for view `vista_asistencia_mensual`
--
DROP TABLE IF EXISTS `vista_asistencia_mensual`;

CREATE ALGORITHM=UNDEFINED DEFINER=`root`@`localhost` SQL SECURITY DEFINER VIEW `vista_asistencia_mensual`  AS SELECT `a`.`id_empresa` AS `id_empresa`, `a`.`id_empleado` AS `id_empleado`, concat(`e`.`nombres`,' ',`e`.`apellido_paterno`) AS `nombre_empleado`, date_format(`a`.`fecha`,'%Y-%m') AS `mes`, count(0) AS `dias_asistidos`, sum(case when `a`.`estado` = 'Validado' then 1 else 0 end) AS `dias_validados`, sum(`a`.`minutos_trabajados`) AS `total_minutos` FROM (`asistencias` `a` join `empleados` `e` on(`a`.`id_empleado` = `e`.`id_empleado`)) GROUP BY `a`.`id_empleado`, date_format(`a`.`fecha`,'%Y-%m') ;

-- --------------------------------------------------------

--
-- Structure for view `vista_dashboard_proyectos`
--
DROP TABLE IF EXISTS `vista_dashboard_proyectos`;

CREATE ALGORITHM=UNDEFINED DEFINER=`root`@`localhost` SQL SECURITY DEFINER VIEW `vista_dashboard_proyectos`  AS SELECT `p`.`id_empresa` AS `id_empresa`, `p`.`id_proyecto` AS `id_proyecto`, `p`.`nombre_proyecto` AS `nombre_proyecto`, `p`.`estado` AS `estado`, `p`.`presupuesto_asignado` AS `presupuesto_asignado`, `p`.`gasto_acumulado` AS `gasto_acumulado`, `p`.`porcentaje_avance` AS `porcentaje_avance`, `p`.`presupuesto_asignado`- `p`.`gasto_acumulado` AS `presupuesto_disponible`, concat(`e`.`nombres`,' ',`e`.`apellido_paterno`) AS `responsable`, `c`.`razon_social` AS `cliente` FROM ((`proyectos` `p` join `empleados` `e` on(`p`.`id_responsable` = `e`.`id_empleado`)) join `clientes` `c` on(`p`.`id_cliente` = `c`.`id_cliente`)) ;

-- --------------------------------------------------------

--
-- Structure for view `vista_empleados_activos`
--
DROP TABLE IF EXISTS `vista_empleados_activos`;

CREATE ALGORITHM=UNDEFINED DEFINER=`root`@`localhost` SQL SECURITY DEFINER VIEW `vista_empleados_activos`  AS SELECT `e`.`id_empresa` AS `id_empresa`, `e`.`id_empleado` AS `id_empleado`, concat(`e`.`nombres`,' ',`e`.`apellido_paterno`,' ',`e`.`apellido_materno`) AS `nombre_completo`, `c`.`nombre_cargo` AS `nombre_cargo`, `e`.`salario_base` AS `salario_base`, `e`.`estado` AS `estado`, `e`.`fecha_ingreso` AS `fecha_ingreso` FROM (`empleados` `e` join `cargos` `c` on(`e`.`id_cargo` = `c`.`id_cargo`)) WHERE `e`.`estado` = 'Activo' ;

-- --------------------------------------------------------

--
-- Structure for view `vista_resumen_planillas`
--
DROP TABLE IF EXISTS `vista_resumen_planillas`;

CREATE ALGORITHM=UNDEFINED DEFINER=`root`@`localhost` SQL SECURITY DEFINER VIEW `vista_resumen_planillas`  AS SELECT `pl`.`id_empresa` AS `id_empresa`, `pl`.`id_planilla` AS `id_planilla`, `pl`.`numero_planilla` AS `numero_planilla`, `pl`.`periodo` AS `periodo`, `pl`.`fecha_inicio` AS `fecha_inicio`, `pl`.`fecha_fin` AS `fecha_fin`, `pl`.`fecha_pago` AS `fecha_pago`, `pl`.`total_empleados` AS `total_empleados`, `pl`.`total_neto` AS `total_neto`, `pl`.`estado` AS `estado` FROM `planillas` AS `pl` ;

-- --------------------------------------------------------

--
-- Structure for view `vista_saldo_proveedores`
--
DROP TABLE IF EXISTS `vista_saldo_proveedores`;

CREATE ALGORITHM=UNDEFINED DEFINER=`root`@`localhost` SQL SECURITY DEFINER VIEW `vista_saldo_proveedores`  AS SELECT `p`.`id_empresa` AS `id_empresa`, `p`.`id_proveedor` AS `id_proveedor`, `p`.`razon_social` AS `razon_social`, count(`f`.`id_factura`) AS `total_facturas`, sum(`f`.`total`) AS `total_facturado`, sum(`f`.`monto_pagado`) AS `total_pagado`, sum(`f`.`saldo_pendiente`) AS `saldo_pendiente` FROM (`proveedores` `p` left join `facturas` `f` on(`p`.`id_proveedor` = `f`.`id_proveedor`)) WHERE `p`.`estado` = 'Activo' AND `f`.`estado` in ('Por Pagar','Vencida') GROUP BY `p`.`id_proveedor` ;

--
-- Indexes for dumped tables
--

--
-- Indexes for table `asistencias`
--
ALTER TABLE `asistencias`
  ADD PRIMARY KEY (`id_registro`),
  ADD UNIQUE KEY `unique_empleado_fecha` (`id_empleado`,`fecha`),
  ADD KEY `validado_por` (`validado_por`),
  ADD KEY `idx_empleado` (`id_empleado`),
  ADD KEY `idx_fecha` (`fecha`),
  ADD KEY `idx_empresa` (`id_empresa`),
  ADD KEY `id_proyecto` (`id_proyecto`);

--
-- Indexes for table `auditoria_logs`
--
ALTER TABLE `auditoria_logs`
  ADD PRIMARY KEY (`id_log`),
  ADD KEY `idx_empresa` (`id_empresa`),
  ADD KEY `idx_usuario` (`id_usuario`),
  ADD KEY `idx_modulo` (`modulo`),
  ADD KEY `idx_accion` (`accion`),
  ADD KEY `idx_timestamp` (`timestamp`),
  ADD KEY `idx_nivel_riesgo` (`nivel_riesgo`);

--
-- Indexes for table `backups`
--
ALTER TABLE `backups`
  ADD PRIMARY KEY (`id_backup`),
  ADD KEY `realizado_por` (`realizado_por`),
  ADD KEY `idx_fecha` (`fecha_backup`),
  ADD KEY `idx_estado` (`estado`);

--
-- Indexes for table `bonificaciones`
--
ALTER TABLE `bonificaciones`
  ADD PRIMARY KEY (`id_bonificacion`),
  ADD KEY `registrado_por` (`registrado_por`),
  ADD KEY `idx_empresa` (`id_empresa`),
  ADD KEY `idx_empleado` (`id_empleado`),
  ADD KEY `idx_planilla` (`id_planilla`),
  ADD KEY `idx_fecha` (`fecha_aplicacion`);

--
-- Indexes for table `cargos`
--
ALTER TABLE `cargos`
  ADD PRIMARY KEY (`id_cargo`),
  ADD KEY `idx_empresa` (`id_empresa`),
  ADD KEY `idx_estado` (`estado`);

--
-- Indexes for table `clientes`
--
ALTER TABLE `clientes`
  ADD PRIMARY KEY (`id_cliente`),
  ADD KEY `idx_empresa` (`id_empresa`),
  ADD KEY `idx_numero_documento` (`numero_documento`),
  ADD KEY `idx_estado` (`estado`);

--
-- Indexes for table `configuracion_empresa`
--
ALTER TABLE `configuracion_empresa`
  ADD PRIMARY KEY (`id_configuracion`),
  ADD UNIQUE KEY `id_empresa` (`id_empresa`);

--
-- Indexes for table `cotizaciones_enviadas`
--
ALTER TABLE `cotizaciones_enviadas`
  ADD PRIMARY KEY (`id_cotizacion`),
  ADD KEY `id_proyecto` (`id_proyecto`),
  ADD KEY `enviado_por` (`enviado_por`),
  ADD KEY `idx_empresa` (`id_empresa`),
  ADD KEY `idx_proveedor` (`id_proveedor`),
  ADD KEY `idx_estado` (`estado`);

--
-- Indexes for table `deducciones`
--
ALTER TABLE `deducciones`
  ADD PRIMARY KEY (`id_deduccion`),
  ADD KEY `registrado_por` (`registrado_por`),
  ADD KEY `idx_empresa` (`id_empresa`),
  ADD KEY `idx_empleado` (`id_empleado`),
  ADD KEY `idx_planilla` (`id_planilla`),
  ADD KEY `idx_tipo` (`tipo_deduccion`),
  ADD KEY `idx_fecha` (`fecha_aplicacion`);

--
-- Indexes for table `detalle_planilla`
--
ALTER TABLE `detalle_planilla`
  ADD PRIMARY KEY (`id_detalle`),
  ADD UNIQUE KEY `unique_planilla_empleado` (`id_planilla`,`id_empleado`),
  ADD KEY `idx_planilla` (`id_planilla`),
  ADD KEY `idx_empleado` (`id_empleado`);

--
-- Indexes for table `documentos_empleado`
--
ALTER TABLE `documentos_empleado`
  ADD PRIMARY KEY (`id_documento`),
  ADD KEY `subido_por` (`subido_por`),
  ADD KEY `idx_empleado` (`id_empleado`),
  ADD KEY `idx_vencimiento` (`fecha_vencimiento`);

--
-- Indexes for table `documentos_proveedor`
--
ALTER TABLE `documentos_proveedor`
  ADD PRIMARY KEY (`id_documento`),
  ADD KEY `subido_por` (`subido_por`),
  ADD KEY `idx_proveedor` (`id_proveedor`);

--
-- Indexes for table `empleados`
--
ALTER TABLE `empleados`
  ADD PRIMARY KEY (`id_empleado`),
  ADD UNIQUE KEY `unique_empresa_documento` (`id_empresa`,`numero_documento`),
  ADD KEY `id_cargo` (`id_cargo`),
  ADD KEY `idx_empresa` (`id_empresa`),
  ADD KEY `idx_numero_documento` (`numero_documento`),
  ADD KEY `idx_estado` (`estado`);

--
-- Indexes for table `empresas`
--
ALTER TABLE `empresas`
  ADD PRIMARY KEY (`id_empresa`),
  ADD UNIQUE KEY `numero_documento` (`numero_documento`),
  ADD KEY `idx_estado` (`estado`),
  ADD KEY `idx_numero_documento` (`numero_documento`);

--
-- Indexes for table `facturas`
--
ALTER TABLE `facturas`
  ADD PRIMARY KEY (`id_factura`),
  ADD UNIQUE KEY `unique_proveedor_numero` (`id_proveedor`,`numero_factura`),
  ADD KEY `id_orden_compra` (`id_orden_compra`),
  ADD KEY `registrado_por` (`registrado_por`),
  ADD KEY `idx_empresa` (`id_empresa`),
  ADD KEY `idx_proveedor` (`id_proveedor`),
  ADD KEY `idx_estado` (`estado`),
  ADD KEY `idx_vencimiento` (`fecha_vencimiento`);

--
-- Indexes for table `ip_whitelist`
--
ALTER TABLE `ip_whitelist`
  ADD PRIMARY KEY (`id_registro_ip`),
  ADD KEY `idx_empresa` (`id_empresa`),
  ADD KEY `idx_ip` (`direccion_ip`);

--
-- Indexes for table `items_orden_compra`
--
ALTER TABLE `items_orden_compra`
  ADD PRIMARY KEY (`id_item`),
  ADD KEY `idx_orden` (`id_orden_compra`);

--
-- Indexes for table `notificaciones`
--
ALTER TABLE `notificaciones`
  ADD PRIMARY KEY (`id_notificacion`),
  ADD KEY `id_empresa` (`id_empresa`),
  ADD KEY `idx_usuario` (`id_usuario`),
  ADD KEY `idx_leida` (`leida`),
  ADD KEY `idx_fecha` (`fecha_creacion`);

--
-- Indexes for table `ordenes_compra`
--
ALTER TABLE `ordenes_compra`
  ADD PRIMARY KEY (`id_orden_compra`),
  ADD UNIQUE KEY `numero_orden` (`numero_orden`),
  ADD KEY `solicitado_por` (`solicitado_por`),
  ADD KEY `aprobado_por` (`aprobado_por`),
  ADD KEY `idx_empresa` (`id_empresa`),
  ADD KEY `idx_proveedor` (`id_proveedor`),
  ADD KEY `idx_proyecto` (`id_proyecto`),
  ADD KEY `idx_estado` (`estado`);

--
-- Indexes for table `pagos_proveedor`
--
ALTER TABLE `pagos_proveedor`
  ADD PRIMARY KEY (`id_pago`),
  ADD KEY `registrado_por` (`registrado_por`),
  ADD KEY `idx_empresa` (`id_empresa`),
  ADD KEY `idx_proveedor` (`id_proveedor`),
  ADD KEY `idx_factura` (`id_factura`),
  ADD KEY `idx_fecha` (`fecha_pago`);

--
-- Indexes for table `permisos`
--
ALTER TABLE `permisos`
  ADD PRIMARY KEY (`id_permiso`),
  ADD UNIQUE KEY `codigo_permiso` (`codigo_permiso`),
  ADD KEY `idx_modulo` (`modulo`);

--
-- Indexes for table `planillas`
--
ALTER TABLE `planillas`
  ADD PRIMARY KEY (`id_planilla`),
  ADD UNIQUE KEY `numero_planilla` (`numero_planilla`),
  ADD KEY `calculado_por` (`calculado_por`),
  ADD KEY `cerrado_por` (`cerrado_por`),
  ADD KEY `idx_empresa` (`id_empresa`),
  ADD KEY `idx_periodo` (`periodo`),
  ADD KEY `idx_estado` (`estado`),
  ADD KEY `idx_fecha_pago` (`fecha_pago`);

--
-- Indexes for table `proveedores`
--
ALTER TABLE `proveedores`
  ADD PRIMARY KEY (`id_proveedor`),
  ADD UNIQUE KEY `unique_empresa_documento` (`id_empresa`,`numero_documento`),
  ADD KEY `idx_empresa` (`id_empresa`),
  ADD KEY `idx_rubro` (`rubro`),
  ADD KEY `idx_estado` (`estado`);

--
-- Indexes for table `proyectos`
--
ALTER TABLE `proyectos`
  ADD PRIMARY KEY (`id_proyecto`),
  ADD UNIQUE KEY `codigo_proyecto` (`codigo_proyecto`),
  ADD KEY `id_responsable` (`id_responsable`),
  ADD KEY `idx_empresa` (`id_empresa`),
  ADD KEY `idx_cliente` (`id_cliente`),
  ADD KEY `idx_estado` (`estado`);

--
-- Indexes for table `reportes_programados`
--
ALTER TABLE `reportes_programados`
  ADD PRIMARY KEY (`id_programacion`),
  ADD KEY `creado_por` (`creado_por`),
  ADD KEY `idx_empresa` (`id_empresa`),
  ADD KEY `idx_proxima_ejecucion` (`proxima_ejecucion`),
  ADD KEY `idx_estado` (`estado`);

--
-- Indexes for table `representantes_legales`
--
ALTER TABLE `representantes_legales`
  ADD PRIMARY KEY (`id_representante`),
  ADD KEY `idx_empresa` (`id_empresa`);

--
-- Indexes for table `roles`
--
ALTER TABLE `roles`
  ADD PRIMARY KEY (`id_rol`),
  ADD UNIQUE KEY `nombre_rol` (`nombre_rol`);

--
-- Indexes for table `roles_permisos`
--
ALTER TABLE `roles_permisos`
  ADD PRIMARY KEY (`id_asignacion_permiso`),
  ADD UNIQUE KEY `unique_rol_permiso` (`id_rol`,`id_permiso`),
  ADD KEY `id_permiso` (`id_permiso`);

--
-- Indexes for table `sesiones_usuario`
--
ALTER TABLE `sesiones_usuario`
  ADD PRIMARY KEY (`id_sesion`),
  ADD UNIQUE KEY `token_sesion` (`token_sesion`),
  ADD UNIQUE KEY `refresh_token` (`refresh_token`),
  ADD KEY `idx_usuario` (`id_usuario`),
  ADD KEY `idx_token` (`token_sesion`),
  ADD KEY `idx_estado` (`estado`);

--
-- Indexes for table `usuarios`
--
ALTER TABLE `usuarios`
  ADD PRIMARY KEY (`id_usuario`),
  ADD UNIQUE KEY `nombre_usuario` (`nombre_usuario`),
  ADD KEY `idx_empresa` (`id_empresa`),
  ADD KEY `idx_email` (`email`),
  ADD KEY `idx_estado` (`estado`),
  ADD KEY `id_empleado` (`id_empleado`);

--
-- Indexes for table `usuarios_roles`
--
ALTER TABLE `usuarios_roles`
  ADD PRIMARY KEY (`id_asignacion`),
  ADD UNIQUE KEY `unique_usuario_rol_proyecto` (`id_usuario`,`id_rol`,`id_proyecto`),
  ADD KEY `idx_usuario` (`id_usuario`),
  ADD KEY `idx_rol` (`id_rol`),
  ADD KEY `id_proyecto` (`id_proyecto`);

--
-- AUTO_INCREMENT for dumped tables
--

--
-- AUTO_INCREMENT for table `asistencias`
--
ALTER TABLE `asistencias`
  MODIFY `id_registro` int(10) UNSIGNED NOT NULL AUTO_INCREMENT;

--
-- AUTO_INCREMENT for table `auditoria_logs`
--
ALTER TABLE `auditoria_logs`
  MODIFY `id_log` bigint(20) UNSIGNED NOT NULL AUTO_INCREMENT;

--
-- AUTO_INCREMENT for table `backups`
--
ALTER TABLE `backups`
  MODIFY `id_backup` int(10) UNSIGNED NOT NULL AUTO_INCREMENT;

--
-- AUTO_INCREMENT for table `bonificaciones`
--
ALTER TABLE `bonificaciones`
  MODIFY `id_bonificacion` int(10) UNSIGNED NOT NULL AUTO_INCREMENT;

--
-- AUTO_INCREMENT for table `cargos`
--
ALTER TABLE `cargos`
  MODIFY `id_cargo` int(10) UNSIGNED NOT NULL AUTO_INCREMENT;

--
-- AUTO_INCREMENT for table `clientes`
--
ALTER TABLE `clientes`
  MODIFY `id_cliente` int(10) UNSIGNED NOT NULL AUTO_INCREMENT;

--
-- AUTO_INCREMENT for table `configuracion_empresa`
--
ALTER TABLE `configuracion_empresa`
  MODIFY `id_configuracion` int(10) UNSIGNED NOT NULL AUTO_INCREMENT;

--
-- AUTO_INCREMENT for table `cotizaciones_enviadas`
--
ALTER TABLE `cotizaciones_enviadas`
  MODIFY `id_cotizacion` int(10) UNSIGNED NOT NULL AUTO_INCREMENT;

--
-- AUTO_INCREMENT for table `deducciones`
--
ALTER TABLE `deducciones`
  MODIFY `id_deduccion` int(10) UNSIGNED NOT NULL AUTO_INCREMENT;

--
-- AUTO_INCREMENT for table `detalle_planilla`
--
ALTER TABLE `detalle_planilla`
  MODIFY `id_detalle` int(10) UNSIGNED NOT NULL AUTO_INCREMENT;

--
-- AUTO_INCREMENT for table `documentos_empleado`
--
ALTER TABLE `documentos_empleado`
  MODIFY `id_documento` int(10) UNSIGNED NOT NULL AUTO_INCREMENT;

--
-- AUTO_INCREMENT for table `documentos_proveedor`
--
ALTER TABLE `documentos_proveedor`
  MODIFY `id_documento` int(10) UNSIGNED NOT NULL AUTO_INCREMENT;

--
-- AUTO_INCREMENT for table `empleados`
--
ALTER TABLE `empleados`
  MODIFY `id_empleado` int(10) UNSIGNED NOT NULL AUTO_INCREMENT;

--
-- AUTO_INCREMENT for table `empresas`
--
ALTER TABLE `empresas`
  MODIFY `id_empresa` int(10) UNSIGNED NOT NULL AUTO_INCREMENT;

--
-- AUTO_INCREMENT for table `facturas`
--
ALTER TABLE `facturas`
  MODIFY `id_factura` int(10) UNSIGNED NOT NULL AUTO_INCREMENT;

--
-- AUTO_INCREMENT for table `ip_whitelist`
--
ALTER TABLE `ip_whitelist`
  MODIFY `id_registro_ip` int(10) UNSIGNED NOT NULL AUTO_INCREMENT;

--
-- AUTO_INCREMENT for table `items_orden_compra`
--
ALTER TABLE `items_orden_compra`
  MODIFY `id_item` int(10) UNSIGNED NOT NULL AUTO_INCREMENT;

--
-- AUTO_INCREMENT for table `notificaciones`
--
ALTER TABLE `notificaciones`
  MODIFY `id_notificacion` bigint(20) UNSIGNED NOT NULL AUTO_INCREMENT;

--
-- AUTO_INCREMENT for table `ordenes_compra`
--
ALTER TABLE `ordenes_compra`
  MODIFY `id_orden_compra` int(10) UNSIGNED NOT NULL AUTO_INCREMENT;

--
-- AUTO_INCREMENT for table `pagos_proveedor`
--
ALTER TABLE `pagos_proveedor`
  MODIFY `id_pago` int(10) UNSIGNED NOT NULL AUTO_INCREMENT;

--
-- AUTO_INCREMENT for table `permisos`
--
ALTER TABLE `permisos`
  MODIFY `id_permiso` int(10) UNSIGNED NOT NULL AUTO_INCREMENT;

--
-- AUTO_INCREMENT for table `planillas`
--
ALTER TABLE `planillas`
  MODIFY `id_planilla` int(10) UNSIGNED NOT NULL AUTO_INCREMENT;

--
-- AUTO_INCREMENT for table `proveedores`
--
ALTER TABLE `proveedores`
  MODIFY `id_proveedor` int(10) UNSIGNED NOT NULL AUTO_INCREMENT;

--
-- AUTO_INCREMENT for table `proyectos`
--
ALTER TABLE `proyectos`
  MODIFY `id_proyecto` int(10) UNSIGNED NOT NULL AUTO_INCREMENT;

--
-- AUTO_INCREMENT for table `reportes_programados`
--
ALTER TABLE `reportes_programados`
  MODIFY `id_programacion` int(10) UNSIGNED NOT NULL AUTO_INCREMENT;

--
-- AUTO_INCREMENT for table `representantes_legales`
--
ALTER TABLE `representantes_legales`
  MODIFY `id_representante` int(10) UNSIGNED NOT NULL AUTO_INCREMENT;

--
-- AUTO_INCREMENT for table `roles`
--
ALTER TABLE `roles`
  MODIFY `id_rol` int(10) UNSIGNED NOT NULL AUTO_INCREMENT;

--
-- AUTO_INCREMENT for table `roles_permisos`
--
ALTER TABLE `roles_permisos`
  MODIFY `id_asignacion_permiso` int(10) UNSIGNED NOT NULL AUTO_INCREMENT;

--
-- AUTO_INCREMENT for table `sesiones_usuario`
--
ALTER TABLE `sesiones_usuario`
  MODIFY `id_sesion` int(10) UNSIGNED NOT NULL AUTO_INCREMENT;

--
-- AUTO_INCREMENT for table `usuarios`
--
ALTER TABLE `usuarios`
  MODIFY `id_usuario` int(10) UNSIGNED NOT NULL AUTO_INCREMENT;

--
-- AUTO_INCREMENT for table `usuarios_roles`
--
ALTER TABLE `usuarios_roles`
  MODIFY `id_asignacion` int(10) UNSIGNED NOT NULL AUTO_INCREMENT;

--
-- Constraints for dumped tables
--

--
-- Constraints for table `asistencias`
--
ALTER TABLE `asistencias`
  ADD CONSTRAINT `asistencias_ibfk_1` FOREIGN KEY (`id_empleado`) REFERENCES `empleados` (`id_empleado`) ON DELETE CASCADE,
  ADD CONSTRAINT `asistencias_ibfk_2` FOREIGN KEY (`id_empresa`) REFERENCES `empresas` (`id_empresa`) ON DELETE CASCADE,
  ADD CONSTRAINT `asistencias_ibfk_3` FOREIGN KEY (`validado_por`) REFERENCES `usuarios` (`id_usuario`),
  ADD CONSTRAINT `asistencias_ibfk_4` FOREIGN KEY (`id_proyecto`) REFERENCES `proyectos` (`id_proyecto`) ON DELETE SET NULL;

--
-- Constraints for table `auditoria_logs`
--
ALTER TABLE `auditoria_logs`
  ADD CONSTRAINT `auditoria_logs_ibfk_1` FOREIGN KEY (`id_empresa`) REFERENCES `empresas` (`id_empresa`) ON DELETE CASCADE,
  ADD CONSTRAINT `auditoria_logs_ibfk_2` FOREIGN KEY (`id_usuario`) REFERENCES `usuarios` (`id_usuario`) ON DELETE SET NULL;

--
-- Constraints for table `backups`
--
ALTER TABLE `backups`
  ADD CONSTRAINT `backups_ibfk_1` FOREIGN KEY (`realizado_por`) REFERENCES `usuarios` (`id_usuario`);

--
-- Constraints for table `bonificaciones`
--
ALTER TABLE `bonificaciones`
  ADD CONSTRAINT `bonificaciones_ibfk_1` FOREIGN KEY (`id_empresa`) REFERENCES `empresas` (`id_empresa`) ON DELETE CASCADE,
  ADD CONSTRAINT `bonificaciones_ibfk_2` FOREIGN KEY (`id_empleado`) REFERENCES `empleados` (`id_empleado`) ON DELETE CASCADE,
  ADD CONSTRAINT `bonificaciones_ibfk_3` FOREIGN KEY (`id_planilla`) REFERENCES `planillas` (`id_planilla`) ON DELETE SET NULL,
  ADD CONSTRAINT `bonificaciones_ibfk_4` FOREIGN KEY (`registrado_por`) REFERENCES `usuarios` (`id_usuario`);

--
-- Constraints for table `cargos`
--
ALTER TABLE `cargos`
  ADD CONSTRAINT `cargos_ibfk_1` FOREIGN KEY (`id_empresa`) REFERENCES `empresas` (`id_empresa`) ON DELETE CASCADE;

--
-- Constraints for table `clientes`
--
ALTER TABLE `clientes`
  ADD CONSTRAINT `clientes_ibfk_1` FOREIGN KEY (`id_empresa`) REFERENCES `empresas` (`id_empresa`) ON DELETE CASCADE;

--
-- Constraints for table `configuracion_empresa`
--
ALTER TABLE `configuracion_empresa`
  ADD CONSTRAINT `configuracion_empresa_ibfk_1` FOREIGN KEY (`id_empresa`) REFERENCES `empresas` (`id_empresa`) ON DELETE CASCADE;

--
-- Constraints for table `cotizaciones_enviadas`
--
ALTER TABLE `cotizaciones_enviadas`
  ADD CONSTRAINT `cotizaciones_enviadas_ibfk_1` FOREIGN KEY (`id_empresa`) REFERENCES `empresas` (`id_empresa`) ON DELETE CASCADE,
  ADD CONSTRAINT `cotizaciones_enviadas_ibfk_2` FOREIGN KEY (`id_proveedor`) REFERENCES `proveedores` (`id_proveedor`) ON DELETE CASCADE,
  ADD CONSTRAINT `cotizaciones_enviadas_ibfk_3` FOREIGN KEY (`id_proyecto`) REFERENCES `proyectos` (`id_proyecto`) ON DELETE SET NULL,
  ADD CONSTRAINT `cotizaciones_enviadas_ibfk_4` FOREIGN KEY (`enviado_por`) REFERENCES `usuarios` (`id_usuario`);

--
-- Constraints for table `deducciones`
--
ALTER TABLE `deducciones`
  ADD CONSTRAINT `deducciones_ibfk_1` FOREIGN KEY (`id_empresa`) REFERENCES `empresas` (`id_empresa`) ON DELETE CASCADE,
  ADD CONSTRAINT `deducciones_ibfk_2` FOREIGN KEY (`id_empleado`) REFERENCES `empleados` (`id_empleado`) ON DELETE CASCADE,
  ADD CONSTRAINT `deducciones_ibfk_3` FOREIGN KEY (`id_planilla`) REFERENCES `planillas` (`id_planilla`) ON DELETE SET NULL,
  ADD CONSTRAINT `deducciones_ibfk_4` FOREIGN KEY (`registrado_por`) REFERENCES `usuarios` (`id_usuario`);

--
-- Constraints for table `detalle_planilla`
--
ALTER TABLE `detalle_planilla`
  ADD CONSTRAINT `detalle_planilla_ibfk_1` FOREIGN KEY (`id_planilla`) REFERENCES `planillas` (`id_planilla`) ON DELETE CASCADE,
  ADD CONSTRAINT `detalle_planilla_ibfk_2` FOREIGN KEY (`id_empleado`) REFERENCES `empleados` (`id_empleado`) ON DELETE CASCADE;

--
-- Constraints for table `documentos_empleado`
--
ALTER TABLE `documentos_empleado`
  ADD CONSTRAINT `documentos_empleado_ibfk_1` FOREIGN KEY (`id_empleado`) REFERENCES `empleados` (`id_empleado`) ON DELETE CASCADE,
  ADD CONSTRAINT `documentos_empleado_ibfk_2` FOREIGN KEY (`subido_por`) REFERENCES `usuarios` (`id_usuario`);

--
-- Constraints for table `documentos_proveedor`
--
ALTER TABLE `documentos_proveedor`
  ADD CONSTRAINT `documentos_proveedor_ibfk_1` FOREIGN KEY (`id_proveedor`) REFERENCES `proveedores` (`id_proveedor`) ON DELETE CASCADE,
  ADD CONSTRAINT `documentos_proveedor_ibfk_2` FOREIGN KEY (`subido_por`) REFERENCES `usuarios` (`id_usuario`);

--
-- Constraints for table `empleados`
--
ALTER TABLE `empleados`
  ADD CONSTRAINT `empleados_ibfk_1` FOREIGN KEY (`id_empresa`) REFERENCES `empresas` (`id_empresa`) ON DELETE CASCADE,
  ADD CONSTRAINT `empleados_ibfk_2` FOREIGN KEY (`id_cargo`) REFERENCES `cargos` (`id_cargo`);

--
-- Constraints for table `facturas`
--
ALTER TABLE `facturas`
  ADD CONSTRAINT `facturas_ibfk_1` FOREIGN KEY (`id_empresa`) REFERENCES `empresas` (`id_empresa`) ON DELETE CASCADE,
  ADD CONSTRAINT `facturas_ibfk_2` FOREIGN KEY (`id_proveedor`) REFERENCES `proveedores` (`id_proveedor`),
  ADD CONSTRAINT `facturas_ibfk_3` FOREIGN KEY (`id_orden_compra`) REFERENCES `ordenes_compra` (`id_orden_compra`) ON DELETE SET NULL,
  ADD CONSTRAINT `facturas_ibfk_4` FOREIGN KEY (`registrado_por`) REFERENCES `usuarios` (`id_usuario`);

--
-- Constraints for table `ip_whitelist`
--
ALTER TABLE `ip_whitelist`
  ADD CONSTRAINT `ip_whitelist_ibfk_1` FOREIGN KEY (`id_empresa`) REFERENCES `empresas` (`id_empresa`) ON DELETE CASCADE;

--
-- Constraints for table `items_orden_compra`
--
ALTER TABLE `items_orden_compra`
  ADD CONSTRAINT `items_orden_compra_ibfk_1` FOREIGN KEY (`id_orden_compra`) REFERENCES `ordenes_compra` (`id_orden_compra`) ON DELETE CASCADE;

--
-- Constraints for table `notificaciones`
--
ALTER TABLE `notificaciones`
  ADD CONSTRAINT `notificaciones_ibfk_1` FOREIGN KEY (`id_empresa`) REFERENCES `empresas` (`id_empresa`) ON DELETE CASCADE,
  ADD CONSTRAINT `notificaciones_ibfk_2` FOREIGN KEY (`id_usuario`) REFERENCES `usuarios` (`id_usuario`) ON DELETE CASCADE;

--
-- Constraints for table `ordenes_compra`
--
ALTER TABLE `ordenes_compra`
  ADD CONSTRAINT `ordenes_compra_ibfk_1` FOREIGN KEY (`id_empresa`) REFERENCES `empresas` (`id_empresa`) ON DELETE CASCADE,
  ADD CONSTRAINT `ordenes_compra_ibfk_2` FOREIGN KEY (`id_proveedor`) REFERENCES `proveedores` (`id_proveedor`),
  ADD CONSTRAINT `ordenes_compra_ibfk_3` FOREIGN KEY (`id_proyecto`) REFERENCES `proyectos` (`id_proyecto`) ON DELETE SET NULL,
  ADD CONSTRAINT `ordenes_compra_ibfk_4` FOREIGN KEY (`solicitado_por`) REFERENCES `usuarios` (`id_usuario`),
  ADD CONSTRAINT `ordenes_compra_ibfk_5` FOREIGN KEY (`aprobado_por`) REFERENCES `usuarios` (`id_usuario`);

--
-- Constraints for table `pagos_proveedor`
--
ALTER TABLE `pagos_proveedor`
  ADD CONSTRAINT `pagos_proveedor_ibfk_1` FOREIGN KEY (`id_empresa`) REFERENCES `empresas` (`id_empresa`) ON DELETE CASCADE,
  ADD CONSTRAINT `pagos_proveedor_ibfk_2` FOREIGN KEY (`id_proveedor`) REFERENCES `proveedores` (`id_proveedor`),
  ADD CONSTRAINT `pagos_proveedor_ibfk_3` FOREIGN KEY (`id_factura`) REFERENCES `facturas` (`id_factura`),
  ADD CONSTRAINT `pagos_proveedor_ibfk_4` FOREIGN KEY (`registrado_por`) REFERENCES `usuarios` (`id_usuario`);

--
-- Constraints for table `planillas`
--
ALTER TABLE `planillas`
  ADD CONSTRAINT `planillas_ibfk_1` FOREIGN KEY (`id_empresa`) REFERENCES `empresas` (`id_empresa`) ON DELETE CASCADE,
  ADD CONSTRAINT `planillas_ibfk_2` FOREIGN KEY (`calculado_por`) REFERENCES `usuarios` (`id_usuario`),
  ADD CONSTRAINT `planillas_ibfk_3` FOREIGN KEY (`cerrado_por`) REFERENCES `usuarios` (`id_usuario`);

--
-- Constraints for table `proveedores`
--
ALTER TABLE `proveedores`
  ADD CONSTRAINT `proveedores_ibfk_1` FOREIGN KEY (`id_empresa`) REFERENCES `empresas` (`id_empresa`) ON DELETE CASCADE;

--
-- Constraints for table `proyectos`
--
ALTER TABLE `proyectos`
  ADD CONSTRAINT `proyectos_ibfk_1` FOREIGN KEY (`id_empresa`) REFERENCES `empresas` (`id_empresa`) ON DELETE CASCADE,
  ADD CONSTRAINT `proyectos_ibfk_2` FOREIGN KEY (`id_cliente`) REFERENCES `clientes` (`id_cliente`),
  ADD CONSTRAINT `proyectos_ibfk_3` FOREIGN KEY (`id_responsable`) REFERENCES `empleados` (`id_empleado`);

--
-- Constraints for table `reportes_programados`
--
ALTER TABLE `reportes_programados`
  ADD CONSTRAINT `reportes_programados_ibfk_1` FOREIGN KEY (`id_empresa`) REFERENCES `empresas` (`id_empresa`) ON DELETE CASCADE,
  ADD CONSTRAINT `reportes_programados_ibfk_2` FOREIGN KEY (`creado_por`) REFERENCES `usuarios` (`id_usuario`);

--
-- Constraints for table `representantes_legales`
--
ALTER TABLE `representantes_legales`
  ADD CONSTRAINT `representantes_legales_ibfk_1` FOREIGN KEY (`id_empresa`) REFERENCES `empresas` (`id_empresa`) ON DELETE CASCADE;

--
-- Constraints for table `roles_permisos`
--
ALTER TABLE `roles_permisos`
  ADD CONSTRAINT `roles_permisos_ibfk_1` FOREIGN KEY (`id_rol`) REFERENCES `roles` (`id_rol`) ON DELETE CASCADE,
  ADD CONSTRAINT `roles_permisos_ibfk_2` FOREIGN KEY (`id_permiso`) REFERENCES `permisos` (`id_permiso`) ON DELETE CASCADE;

--
-- Constraints for table `sesiones_usuario`
--
ALTER TABLE `sesiones_usuario`
  ADD CONSTRAINT `sesiones_usuario_ibfk_1` FOREIGN KEY (`id_usuario`) REFERENCES `usuarios` (`id_usuario`) ON DELETE CASCADE;

--
-- Constraints for table `usuarios`
--
ALTER TABLE `usuarios`
  ADD CONSTRAINT `usuarios_ibfk_1` FOREIGN KEY (`id_empresa`) REFERENCES `empresas` (`id_empresa`) ON DELETE CASCADE,
  ADD CONSTRAINT `usuarios_ibfk_2` FOREIGN KEY (`id_empleado`) REFERENCES `empleados` (`id_empleado`) ON DELETE SET NULL;

--
-- Constraints for table `usuarios_roles`
--
ALTER TABLE `usuarios_roles`
  ADD CONSTRAINT `usuarios_roles_ibfk_1` FOREIGN KEY (`id_usuario`) REFERENCES `usuarios` (`id_usuario`) ON DELETE CASCADE,
  ADD CONSTRAINT `usuarios_roles_ibfk_2` FOREIGN KEY (`id_rol`) REFERENCES `roles` (`id_rol`),
  ADD CONSTRAINT `usuarios_roles_ibfk_3` FOREIGN KEY (`id_proyecto`) REFERENCES `proyectos` (`id_proyecto`) ON DELETE CASCADE;
--
-- Database: `phpmyadmin`
--
CREATE DATABASE IF NOT EXISTS `phpmyadmin` DEFAULT CHARACTER SET utf8 COLLATE utf8_bin;
USE `phpmyadmin`;

-- --------------------------------------------------------

--
-- Table structure for table `pma__bookmark`
--

CREATE TABLE `pma__bookmark` (
  `id` int(11) NOT NULL,
  `dbase` varchar(255) NOT NULL DEFAULT '',
  `user` varchar(255) NOT NULL DEFAULT '',
  `label` varchar(255) CHARACTER SET utf8 COLLATE utf8_general_ci NOT NULL DEFAULT '',
  `query` text NOT NULL
) ENGINE=InnoDB DEFAULT CHARSET=utf8 COLLATE=utf8_bin COMMENT='Bookmarks';

-- --------------------------------------------------------

--
-- Table structure for table `pma__central_columns`
--

CREATE TABLE `pma__central_columns` (
  `db_name` varchar(64) NOT NULL,
  `col_name` varchar(64) NOT NULL,
  `col_type` varchar(64) NOT NULL,
  `col_length` text DEFAULT NULL,
  `col_collation` varchar(64) NOT NULL,
  `col_isNull` tinyint(1) NOT NULL,
  `col_extra` varchar(255) DEFAULT '',
  `col_default` text DEFAULT NULL
) ENGINE=InnoDB DEFAULT CHARSET=utf8 COLLATE=utf8_bin COMMENT='Central list of columns';

-- --------------------------------------------------------

--
-- Table structure for table `pma__column_info`
--

CREATE TABLE `pma__column_info` (
  `id` int(5) UNSIGNED NOT NULL,
  `db_name` varchar(64) NOT NULL DEFAULT '',
  `table_name` varchar(64) NOT NULL DEFAULT '',
  `column_name` varchar(64) NOT NULL DEFAULT '',
  `comment` varchar(255) CHARACTER SET utf8 COLLATE utf8_general_ci NOT NULL DEFAULT '',
  `mimetype` varchar(255) CHARACTER SET utf8 COLLATE utf8_general_ci NOT NULL DEFAULT '',
  `transformation` varchar(255) NOT NULL DEFAULT '',
  `transformation_options` varchar(255) NOT NULL DEFAULT '',
  `input_transformation` varchar(255) NOT NULL DEFAULT '',
  `input_transformation_options` varchar(255) NOT NULL DEFAULT ''
) ENGINE=InnoDB DEFAULT CHARSET=utf8 COLLATE=utf8_bin COMMENT='Column information for phpMyAdmin';

-- --------------------------------------------------------

--
-- Table structure for table `pma__designer_settings`
--

CREATE TABLE `pma__designer_settings` (
  `username` varchar(64) NOT NULL,
  `settings_data` text NOT NULL
) ENGINE=InnoDB DEFAULT CHARSET=utf8 COLLATE=utf8_bin COMMENT='Settings related to Designer';

-- --------------------------------------------------------

--
-- Table structure for table `pma__export_templates`
--

CREATE TABLE `pma__export_templates` (
  `id` int(5) UNSIGNED NOT NULL,
  `username` varchar(64) NOT NULL,
  `export_type` varchar(10) NOT NULL,
  `template_name` varchar(64) NOT NULL,
  `template_data` text NOT NULL
) ENGINE=InnoDB DEFAULT CHARSET=utf8 COLLATE=utf8_bin COMMENT='Saved export templates';

-- --------------------------------------------------------

--
-- Table structure for table `pma__favorite`
--

CREATE TABLE `pma__favorite` (
  `username` varchar(64) NOT NULL,
  `tables` text NOT NULL
) ENGINE=InnoDB DEFAULT CHARSET=utf8 COLLATE=utf8_bin COMMENT='Favorite tables';

-- --------------------------------------------------------

--
-- Table structure for table `pma__history`
--

CREATE TABLE `pma__history` (
  `id` bigint(20) UNSIGNED NOT NULL,
  `username` varchar(64) NOT NULL DEFAULT '',
  `db` varchar(64) NOT NULL DEFAULT '',
  `table` varchar(64) NOT NULL DEFAULT '',
  `timevalue` timestamp NOT NULL DEFAULT current_timestamp(),
  `sqlquery` text NOT NULL
) ENGINE=InnoDB DEFAULT CHARSET=utf8 COLLATE=utf8_bin COMMENT='SQL history for phpMyAdmin';

-- --------------------------------------------------------

--
-- Table structure for table `pma__navigationhiding`
--

CREATE TABLE `pma__navigationhiding` (
  `username` varchar(64) NOT NULL,
  `item_name` varchar(64) NOT NULL,
  `item_type` varchar(64) NOT NULL,
  `db_name` varchar(64) NOT NULL,
  `table_name` varchar(64) NOT NULL
) ENGINE=InnoDB DEFAULT CHARSET=utf8 COLLATE=utf8_bin COMMENT='Hidden items of navigation tree';

-- --------------------------------------------------------

--
-- Table structure for table `pma__pdf_pages`
--

CREATE TABLE `pma__pdf_pages` (
  `db_name` varchar(64) NOT NULL DEFAULT '',
  `page_nr` int(10) UNSIGNED NOT NULL,
  `page_descr` varchar(50) CHARACTER SET utf8 COLLATE utf8_general_ci NOT NULL DEFAULT ''
) ENGINE=InnoDB DEFAULT CHARSET=utf8 COLLATE=utf8_bin COMMENT='PDF relation pages for phpMyAdmin';

-- --------------------------------------------------------

--
-- Table structure for table `pma__recent`
--

CREATE TABLE `pma__recent` (
  `username` varchar(64) NOT NULL,
  `tables` text NOT NULL
) ENGINE=InnoDB DEFAULT CHARSET=utf8 COLLATE=utf8_bin COMMENT='Recently accessed tables';

--
-- Dumping data for table `pma__recent`
--

INSERT INTO `pma__recent` (`username`, `tables`) VALUES
('root', '[{\"db\":\"iso_platform\",\"table\":\"gap_items\"},{\"db\":\"iso_platform\",\"table\":\"requerimientos_base\"},{\"db\":\"iso_platform\",\"table\":\"tipos_evidencia\"},{\"db\":\"iso_platform\",\"table\":\"usuarios\"},{\"db\":\"iso_platform\",\"table\":\"view_gap_avance_empresa\"},{\"db\":\"iso_platform\",\"table\":\"view_requerimientos_empresa\"},{\"db\":\"iso_platform\",\"table\":\"soa_entries\"},{\"db\":\"iso_platform\",\"table\":\"empresa_requerimientos\"},{\"db\":\"iso_platform\",\"table\":\"empresas\"},{\"db\":\"\",\"table\":\"empresa_requerimientos\"}]');

-- --------------------------------------------------------

--
-- Table structure for table `pma__relation`
--

CREATE TABLE `pma__relation` (
  `master_db` varchar(64) NOT NULL DEFAULT '',
  `master_table` varchar(64) NOT NULL DEFAULT '',
  `master_field` varchar(64) NOT NULL DEFAULT '',
  `foreign_db` varchar(64) NOT NULL DEFAULT '',
  `foreign_table` varchar(64) NOT NULL DEFAULT '',
  `foreign_field` varchar(64) NOT NULL DEFAULT ''
) ENGINE=InnoDB DEFAULT CHARSET=utf8 COLLATE=utf8_bin COMMENT='Relation table';

-- --------------------------------------------------------

--
-- Table structure for table `pma__savedsearches`
--

CREATE TABLE `pma__savedsearches` (
  `id` int(5) UNSIGNED NOT NULL,
  `username` varchar(64) NOT NULL DEFAULT '',
  `db_name` varchar(64) NOT NULL DEFAULT '',
  `search_name` varchar(64) NOT NULL DEFAULT '',
  `search_data` text NOT NULL
) ENGINE=InnoDB DEFAULT CHARSET=utf8 COLLATE=utf8_bin COMMENT='Saved searches';

-- --------------------------------------------------------

--
-- Table structure for table `pma__table_coords`
--

CREATE TABLE `pma__table_coords` (
  `db_name` varchar(64) NOT NULL DEFAULT '',
  `table_name` varchar(64) NOT NULL DEFAULT '',
  `pdf_page_number` int(11) NOT NULL DEFAULT 0,
  `x` float UNSIGNED NOT NULL DEFAULT 0,
  `y` float UNSIGNED NOT NULL DEFAULT 0
) ENGINE=InnoDB DEFAULT CHARSET=utf8 COLLATE=utf8_bin COMMENT='Table coordinates for phpMyAdmin PDF output';

-- --------------------------------------------------------

--
-- Table structure for table `pma__table_info`
--

CREATE TABLE `pma__table_info` (
  `db_name` varchar(64) NOT NULL DEFAULT '',
  `table_name` varchar(64) NOT NULL DEFAULT '',
  `display_field` varchar(64) NOT NULL DEFAULT ''
) ENGINE=InnoDB DEFAULT CHARSET=utf8 COLLATE=utf8_bin COMMENT='Table information for phpMyAdmin';

-- --------------------------------------------------------

--
-- Table structure for table `pma__table_uiprefs`
--

CREATE TABLE `pma__table_uiprefs` (
  `username` varchar(64) NOT NULL,
  `db_name` varchar(64) NOT NULL,
  `table_name` varchar(64) NOT NULL,
  `prefs` text NOT NULL,
  `last_update` timestamp NOT NULL DEFAULT current_timestamp() ON UPDATE current_timestamp()
) ENGINE=InnoDB DEFAULT CHARSET=utf8 COLLATE=utf8_bin COMMENT='Tables'' UI preferences';

--
-- Dumping data for table `pma__table_uiprefs`
--

INSERT INTO `pma__table_uiprefs` (`username`, `db_name`, `table_name`, `prefs`, `last_update`) VALUES
('root', 'crm_db', 'users', '{\"sorted_col\":\"`users`.`force_password_change` DESC\"}', '2025-09-20 19:21:38');

-- --------------------------------------------------------

--
-- Table structure for table `pma__tracking`
--

CREATE TABLE `pma__tracking` (
  `db_name` varchar(64) NOT NULL,
  `table_name` varchar(64) NOT NULL,
  `version` int(10) UNSIGNED NOT NULL,
  `date_created` datetime NOT NULL,
  `date_updated` datetime NOT NULL,
  `schema_snapshot` text NOT NULL,
  `schema_sql` text DEFAULT NULL,
  `data_sql` longtext DEFAULT NULL,
  `tracking` set('UPDATE','REPLACE','INSERT','DELETE','TRUNCATE','CREATE DATABASE','ALTER DATABASE','DROP DATABASE','CREATE TABLE','ALTER TABLE','RENAME TABLE','DROP TABLE','CREATE INDEX','DROP INDEX','CREATE VIEW','ALTER VIEW','DROP VIEW') DEFAULT NULL,
  `tracking_active` int(1) UNSIGNED NOT NULL DEFAULT 1
) ENGINE=InnoDB DEFAULT CHARSET=utf8 COLLATE=utf8_bin COMMENT='Database changes tracking for phpMyAdmin';

-- --------------------------------------------------------

--
-- Table structure for table `pma__userconfig`
--

CREATE TABLE `pma__userconfig` (
  `username` varchar(64) NOT NULL,
  `timevalue` timestamp NOT NULL DEFAULT current_timestamp() ON UPDATE current_timestamp(),
  `config_data` text NOT NULL
) ENGINE=InnoDB DEFAULT CHARSET=utf8 COLLATE=utf8_bin COMMENT='User preferences storage for phpMyAdmin';

--
-- Dumping data for table `pma__userconfig`
--

INSERT INTO `pma__userconfig` (`username`, `timevalue`, `config_data`) VALUES
('root', '2025-10-13 18:15:49', '{\"Console\\/Mode\":\"collapse\",\"NavigationWidth\":2}');

-- --------------------------------------------------------

--
-- Table structure for table `pma__usergroups`
--

CREATE TABLE `pma__usergroups` (
  `usergroup` varchar(64) NOT NULL,
  `tab` varchar(64) NOT NULL,
  `allowed` enum('Y','N') NOT NULL DEFAULT 'N'
) ENGINE=InnoDB DEFAULT CHARSET=utf8 COLLATE=utf8_bin COMMENT='User groups with configured menu items';

-- --------------------------------------------------------

--
-- Table structure for table `pma__users`
--

CREATE TABLE `pma__users` (
  `username` varchar(64) NOT NULL,
  `usergroup` varchar(64) NOT NULL
) ENGINE=InnoDB DEFAULT CHARSET=utf8 COLLATE=utf8_bin COMMENT='Users and their assignments to user groups';

--
-- Indexes for dumped tables
--

--
-- Indexes for table `pma__bookmark`
--
ALTER TABLE `pma__bookmark`
  ADD PRIMARY KEY (`id`);

--
-- Indexes for table `pma__central_columns`
--
ALTER TABLE `pma__central_columns`
  ADD PRIMARY KEY (`db_name`,`col_name`);

--
-- Indexes for table `pma__column_info`
--
ALTER TABLE `pma__column_info`
  ADD PRIMARY KEY (`id`),
  ADD UNIQUE KEY `db_name` (`db_name`,`table_name`,`column_name`);

--
-- Indexes for table `pma__designer_settings`
--
ALTER TABLE `pma__designer_settings`
  ADD PRIMARY KEY (`username`);

--
-- Indexes for table `pma__export_templates`
--
ALTER TABLE `pma__export_templates`
  ADD PRIMARY KEY (`id`),
  ADD UNIQUE KEY `u_user_type_template` (`username`,`export_type`,`template_name`);

--
-- Indexes for table `pma__favorite`
--
ALTER TABLE `pma__favorite`
  ADD PRIMARY KEY (`username`);

--
-- Indexes for table `pma__history`
--
ALTER TABLE `pma__history`
  ADD PRIMARY KEY (`id`),
  ADD KEY `username` (`username`,`db`,`table`,`timevalue`);

--
-- Indexes for table `pma__navigationhiding`
--
ALTER TABLE `pma__navigationhiding`
  ADD PRIMARY KEY (`username`,`item_name`,`item_type`,`db_name`,`table_name`);

--
-- Indexes for table `pma__pdf_pages`
--
ALTER TABLE `pma__pdf_pages`
  ADD PRIMARY KEY (`page_nr`),
  ADD KEY `db_name` (`db_name`);

--
-- Indexes for table `pma__recent`
--
ALTER TABLE `pma__recent`
  ADD PRIMARY KEY (`username`);

--
-- Indexes for table `pma__relation`
--
ALTER TABLE `pma__relation`
  ADD PRIMARY KEY (`master_db`,`master_table`,`master_field`),
  ADD KEY `foreign_field` (`foreign_db`,`foreign_table`);

--
-- Indexes for table `pma__savedsearches`
--
ALTER TABLE `pma__savedsearches`
  ADD PRIMARY KEY (`id`),
  ADD UNIQUE KEY `u_savedsearches_username_dbname` (`username`,`db_name`,`search_name`);

--
-- Indexes for table `pma__table_coords`
--
ALTER TABLE `pma__table_coords`
  ADD PRIMARY KEY (`db_name`,`table_name`,`pdf_page_number`);

--
-- Indexes for table `pma__table_info`
--
ALTER TABLE `pma__table_info`
  ADD PRIMARY KEY (`db_name`,`table_name`);

--
-- Indexes for table `pma__table_uiprefs`
--
ALTER TABLE `pma__table_uiprefs`
  ADD PRIMARY KEY (`username`,`db_name`,`table_name`);

--
-- Indexes for table `pma__tracking`
--
ALTER TABLE `pma__tracking`
  ADD PRIMARY KEY (`db_name`,`table_name`,`version`);

--
-- Indexes for table `pma__userconfig`
--
ALTER TABLE `pma__userconfig`
  ADD PRIMARY KEY (`username`);

--
-- Indexes for table `pma__usergroups`
--
ALTER TABLE `pma__usergroups`
  ADD PRIMARY KEY (`usergroup`,`tab`,`allowed`);

--
-- Indexes for table `pma__users`
--
ALTER TABLE `pma__users`
  ADD PRIMARY KEY (`username`,`usergroup`);

--
-- AUTO_INCREMENT for dumped tables
--

--
-- AUTO_INCREMENT for table `pma__bookmark`
--
ALTER TABLE `pma__bookmark`
  MODIFY `id` int(11) NOT NULL AUTO_INCREMENT;

--
-- AUTO_INCREMENT for table `pma__column_info`
--
ALTER TABLE `pma__column_info`
  MODIFY `id` int(5) UNSIGNED NOT NULL AUTO_INCREMENT;

--
-- AUTO_INCREMENT for table `pma__export_templates`
--
ALTER TABLE `pma__export_templates`
  MODIFY `id` int(5) UNSIGNED NOT NULL AUTO_INCREMENT;

--
-- AUTO_INCREMENT for table `pma__history`
--
ALTER TABLE `pma__history`
  MODIFY `id` bigint(20) UNSIGNED NOT NULL AUTO_INCREMENT;

--
-- AUTO_INCREMENT for table `pma__pdf_pages`
--
ALTER TABLE `pma__pdf_pages`
  MODIFY `page_nr` int(10) UNSIGNED NOT NULL AUTO_INCREMENT;

--
-- AUTO_INCREMENT for table `pma__savedsearches`
--
ALTER TABLE `pma__savedsearches`
  MODIFY `id` int(5) UNSIGNED NOT NULL AUTO_INCREMENT;
COMMIT;

/*!40101 SET CHARACTER_SET_CLIENT=@OLD_CHARACTER_SET_CLIENT */;
/*!40101 SET CHARACTER_SET_RESULTS=@OLD_CHARACTER_SET_RESULTS */;
/*!40101 SET COLLATION_CONNECTION=@OLD_COLLATION_CONNECTION */;
